row,image_path,split,y_true,foreshortening_ratio,theta_degrees,midline_offset_s,midline_offset_s_chin,d_rel,out_of_domain,bin,centroid_proxy,pred_ratios_lr,pred_coords_lr,pred_mlp,pred_gnn_identity,pred_yaw_only_lr,pred_random_baseline
0,/home/glyc/Documents/PyProjects/catface/data/cat-emotions-3/train/attentive/00000001_008_png.rf.493a253c841f515848963f67d0a95442.jpg,1,attentive,1.4959661175880585,23.63961681822526,-0.0380593203953031,-0.0529378563242414,0.08695041424214342,0,0,0.006451185814451685,attentive,attentive,attentive,attentive,uncomfortable,attentive
1,/home/glyc/Documents/PyProjects/catface/data/cat-emotions-3/train/attentive/00000001_012_png.rf.aac004ef129068710c2d47ec5bee7149.jpg,4,attentive,1.3674890021314712,33.13236728423183,-0.1868149011278139,-0.15558250004001634,0.2862199128198825,0,1,0.0332259423889911,attentive,uncomfortable,relaxed,attentive,relaxed,attentive
2,/home/glyc/Documents/PyProjects/catface/data/cat-emotions-3/train/attentive/00000001_016_png.rf.124419eb8bf6245beae06c59967edc0e.jpg,1,attentive,1.4024520676150922,30.815601695896405,-0.027665712695779537,-0.015787897878830896,0.04638094509572219,0,1,0.006097745714786773,attentive,attentive,attentive,attentive,uncomfortable,relaxed
3,/home/glyc/Documents/PyProjects/catface/data/cat-emotions-3/train/attentive/00000001_017_png.rf.25e6d2e0e8b4ed8272979aa1b406eb78.jpg,4,attentive,1.2116372265558837,42.10041083370193,-0.019940725865217133,0.006486256397505557,0.022068520484048552,0,3,-0.002329090905845349,attentive,attentive,attentive,attentive,relaxed,relaxed
4,/home/glyc/Documents/PyProjects/catface/data/cat-emotions-3/train/attentive/00000001_020_png.rf.40fa8ca45c924bb70a6ff3a54e4fcaff.jpg,3,attentive,1.63774360237551,0.0,-0.1540371566392672,-0.12434284651876192,,1,0,0.039982476243697995,attentive,uncomfortable,uncomfortable,uncomfortable,uncomfortable,attentive
5,/home/glyc/Documents/PyProjects/catface/data/cat-emotions-3/train/attentive/00000001_029_png.rf.31ab1d4a25bdb77f2196368ce7115610.jpg,1,attentive,1.3281622662997215,35.57767268436913,-0.016443692686000724,-0.016941104164125396,0.022987226869962737,0,2,0.0016687830852826768,attentive,relaxed,attentive,attentive,relaxed,attentive
6,/home/glyc/Documents/PyProjects/catface/data/cat-emotions-3/train/attentive/00000002_008_png.rf.21a1c5b4d0cf093972f6c7a451e88874.jpg,2,attentive,1.3268542881061087,35.656475559280466,0.2561365302741637,0.2530500127590695,0.35702370332038375,0,2,-0.04279789109856877,attentive,attentive,attentive,attentive,relaxed,attentive
7,/home/glyc/Documents/PyProjects/catface/data/cat-emotions-3/train/attentive/00000002_026_png.rf.92190f042b5ca12b6586372f100179f7.jpg,3,attentive,1.2728021346883909,38.79189222856937,0.01575057798505105,0.020506485172450326,0.01959544577329617,0,2,-0.0010458407758870414,attentive,attentive,attentive,attentive,relaxed,relaxed
8,/home/glyc/Documents/PyProjects/catface/data/cat-emotions-3/train/attentive/00000003_015_png.rf.e50092705d832ab3c94461d925e7b141.jpg,0,attentive,1.079993943652506,48.59658633017029,0.10827268210870535,0.05768024518482902,0.09546667499813197,0,3,-0.011592303763812484,relaxed,attentive,attentive,attentive,relaxed,attentive
9,/home/glyc/Documents/PyProjects/catface/data/cat-emotions-3/train/attentive/00000003_020_png.rf.7c5b23a400cf6dd77c23942d0ec64e0f.jpg,4,attentive,1.3920468067283203,31.52100460824318,0.03513863923833456,0.045620120335551045,0.05729389063686531,0,1,-0.007536177849188863,attentive,attentive,relaxed,attentive,attentive,attentive
10,/home/glyc/Documents/PyProjects/catface/data/cat-emotions-3/train/attentive/00000003_026_png.rf.3cf2fa3dd9b37ec307cdd3829c38c415.jpg,1,attentive,1.3206070345219625,36.03079656810824,-0.04215758912927359,0.03456864431567928,0.05795940491946304,0,2,0.0005562809928720686,attentive,uncomfortable,uncomfortable,uncomfortable,relaxed,relaxed
11,/home/glyc/Documents/PyProjects/catface/data/cat-emotions-3/train/attentive/00000003_029_png.rf.c5e06b2ff02dd25c6edf8f9c62c3c89a.jpg,2,attentive,1.2888205923463756,37.88584143855022,-0.10589551304972461,-0.08272381196231819,0.13609814621653404,0,2,0.020599193832771395,attentive,relaxed,attentive,attentive,relaxed,relaxed
12,/home/glyc/Documents/PyProjects/catface/data/cat-emotions-3/train/attentive/00000004_003_png.rf.2709b150174e78e53f4df8762320c04d.jpg,2,attentive,1.191697358052408,43.133684995167776,-0.02746248777182247,-0.04408603113379643,0.029312492965557043,0,3,0.00238882875336216,relaxed,relaxed,attentive,attentive,relaxed,attentive
13,/home/glyc/Documents/PyProjects/catface/data/cat-emotions-3/train/attentive/00000004_012_png.rf.b5ec2ae9fbbf5995292f39f3bf6d0a5b.jpg,3,attentive,1.1696047946897545,44.25577499875064,-0.059592858749795245,-0.040950877269488324,0.06116144596230455,0,3,0.007118001252706924,uncomfortable,relaxed,attentive,attentive,relaxed,attentive
14,/home/glyc/Documents/PyProjects/catface/data/cat-emotions-3/train/attentive/00000004_028_png.rf.ef0d1e48b245249eca47fa6d8d140b66.jpg,4,attentive,1.412114368090063,30.147273082771736,0.0009254149797223094,0.001722935335464537,0.0015933931673287774,0,1,0.0006998180387881026,attentive,attentive,attentive,attentive,uncomfortable,relaxed
15,/home/glyc/Documents/PyProjects/catface/data/cat-emotions-3/train/attentive/00000005_000_png.rf.2aca3ff5d991aea894d826dad278148a.jpg,2,attentive,1.333314014103487,35.26580460683774,-0.008943787616410036,-0.009266529747634939,0.012647763166494354,0,1,0.0021214561440502933,attentive,relaxed,uncomfortable,uncomfortable,relaxed,relaxed
16,/home/glyc/Documents/PyProjects/catface/data/cat-emotions-3/train/attentive/00000005_012_png.rf.2558f650104e58e5ff2f0e3e4821d896.jpg,1,attentive,2.2186093691419235,0.0,-0.01172822174378495,0.05119800182575385,,1,0,0.0017326573435379883,attentive,uncomfortable,uncomfortable,uncomfortable,uncomfortable,relaxed
17,/home/glyc/Documents/PyProjects/catface/data/cat-emotions-3/train/attentive/00000005_020_png.rf.de81824766e8ba1cc78d1bd6d8bf3c2b.jpg,4,attentive,1.4315972661372312,28.7569865222597,0.03217595616614297,0.04270706293601532,0.05863206838104168,0,0,-0.010830926665903934,attentive,relaxed,attentive,attentive,uncomfortable,relaxed
18,/home/glyc/Documents/PyProjects/catface/data/cat-emotions-3/train/attentive/00000005_022_png.rf.cacd362619dc55c08d73bda960ad2798.jpg,1,attentive,1.2985935660135055,37.32390875673859,0.02577426463586465,0.024635421490429615,0.03380428640290789,0,2,-0.005349383994511819,relaxed,relaxed,attentive,relaxed,relaxed,uncomfortable
19,/home/glyc/Documents/PyProjects/catface/data/cat-emotions-3/train/attentive/00000005_023_png.rf.8e69087adee08851fd96894903efc201.jpg,4,attentive,1.3043335354145802,36.99047661006043,0.03568769273303765,0.029510108029366548,0.04737554946892084,0,2,-0.008282300739558157,uncomfortable,attentive,attentive,attentive,relaxed,uncomfortable
20,/home/glyc/Documents/PyProjects/catface/data/cat-emotions-3/train/attentive/00000006_006_png.rf.411a25f006692e74135d111435190f66.jpg,2,attentive,1.368628796916548,33.05912879486094,0.03693881342785512,-0.01046508446201428,0.05675247700925364,0,1,-0.004633001845153223,attentive,relaxed,attentive,relaxed,relaxed,relaxed
21,/home/glyc/Documents/PyProjects/catface/data/cat-emotions-3/train/attentive/00000006_011_png.rf.79e5304a9ed91edd8b750ae8b54d0846.jpg,3,attentive,1.3193176578021402,36.10763472705951,-0.05304424661908382,-0.05533311566052208,0.07272146199558942,0,2,0.012911697455435411,attentive,attentive,attentive,attentive,relaxed,relaxed
22,/home/glyc/Documents/PyProjects/catface/data/cat-emotions-3/train/attentive/00000006_016_png.rf.a1342aa315a61beabc2328d1033068c7.jpg,0,attentive,1.2712261219356968,38.88007113640846,-0.0024228204009393212,-0.02190759584622065,0.0030047722011399664,0,2,-0.0014312425444274468,attentive,attentive,attentive,attentive,relaxed,relaxed
23,/home/glyc/Documents/PyProjects/catface/data/cat-emotions-3/train/attentive/00000006_022_png.rf.8b86c92b1fb8735098941d53b6a9d7f0.jpg,3,attentive,1.523652745759744,21.08620729409507,0.008922797910489897,0.0026255914248414928,0.023140555749324533,0,0,-0.002343435454769338,relaxed,relaxed,relaxed,relaxed,uncomfortable,relaxed
24,/home/glyc/Documents/PyProjects/catface/data/cat-emotions-3/train/attentive/00000006_024_png.rf.0e84114eafa42a29e36312f1e33faf3a.jpg,2,attentive,1.510513480569156,22.33253929935171,-0.036090612000928855,-0.05424438419815731,0.08785585196182873,0,0,0.008595048835740068,attentive,uncomfortable,uncomfortable,uncomfortable,uncomfortable,uncomfortable
25,/home/glyc/Documents/PyProjects/catface/data/cat-emotions-3/train/attentive/00000006_025_png.rf.e57f17eebbeeae5a39fbda59ec141b11.jpg,0,attentive,1.401693254976221,30.867533942825283,0.04091379980520259,0.0403705102483001,0.0684499688394562,0,1,-0.005124019858031875,attentive,uncomfortable,relaxed,attentive,attentive,attentive
26,/home/glyc/Documents/PyProjects/catface/data/cat-emotions-3/train/attentive/00000007_000_png.rf.0295c6626e578e196d9ab090bf3c5f05.jpg,2,attentive,1.262213236163381,39.38115530265469,-0.006866163148184398,-0.01985751766532713,0.008364611406630187,0,3,0.0004946810699692772,attentive,attentive,attentive,attentive,relaxed,attentive
27,/home/glyc/Documents/PyProjects/catface/data/cat-emotions-3/train/attentive/00000007_004_png.rf.61283e68bcd025d6ab5eced24715f793.jpg,3,attentive,1.1600452277059015,44.73435300292472,-0.092397572017238,-0.04574279138121535,0.09325835606799177,0,3,0.012846248394293991,uncomfortable,attentive,attentive,attentive,relaxed,uncomfortable
28,/home/glyc/Documents/PyProjects/catface/data/cat-emotions-3/train/attentive/00000007_008_png.rf.5e816d691a73f59d43fa58df07d07078.jpg,2,attentive,1.4425023561124821,27.951331536683924,-0.08527074555058174,-0.06339553483701767,0.1607001032432533,0,0,0.01416566551405199,attentive,attentive,attentive,attentive,uncomfortable,uncomfortable
29,/home/glyc/Documents/PyProjects/catface/data/cat-emotions-3/train/attentive/00000007_013_png.rf.d42c52ade2a0bb9c375b69317a2777fc.jpg,2,attentive,1.3535707315933827,34.015430811530855,0.011297231694759564,0.031375038470859665,0.016739108600709606,0,1,-0.003055784322012506,attentive,attentive,relaxed,attentive,relaxed,attentive
30,/home/glyc/Documents/PyProjects/catface/data/cat-emotions-3/train/attentive/00000007_022_png.rf.9855e7f10de568137910800989c1ac6d.jpg,4,attentive,1.3727101739895176,32.795687543775756,-0.01725908034046361,-0.03733787149530101,0.026785277708916082,0,1,-0.0008373823456130913,attentive,uncomfortable,uncomfortable,uncomfortable,attentive,attentive
31,/home/glyc/Documents/PyProjects/catface/data/cat-emotions-3/train/attentive/00000008_018_png.rf.7a709c1736c02587513ff74dd20b9ec1.jpg,3,attentive,1.3862115763191063,31.91045624322492,-0.01613647147593898,-0.021778208245339478,0.02591378299758618,0,1,0.0036980308930344152,attentive,relaxed,attentive,attentive,attentive,attentive
32,/home/glyc/Documents/PyProjects/catface/data/cat-emotions-3/train/attentive/00000008_029_png.rf.7101c54f343c57316f2892989a0a99c0.jpg,3,attentive,1.3020188278909404,37.12524522706125,0.04416566454121375,0.03956862259361058,0.05834402560997113,0,2,-0.007114563430909715,attentive,uncomfortable,relaxed,uncomfortable,relaxed,uncomfortable
33,/home/glyc/Documents/PyProjects/catface/data/cat-emotions-3/train/attentive/00000009_003_png.rf.e3ddd08c51b3e88dc8a01f4265074695.jpg,1,attentive,1.427938718743123,29.022682327020437,0.0008029287424808708,0.01100402255881872,0.0014471703781764632,0,0,0.001200114558219667,uncomfortable,uncomfortable,uncomfortable,uncomfortable,uncomfortable,attentive
34,/home/glyc/Documents/PyProjects/catface/data/cat-emotions-3/train/attentive/00000009_004_png.rf.2a0e72465bd34092fb8df854788ed601.jpg,1,attentive,1.2748945505800104,38.67455865589027,-0.09844233201101502,-0.06203481914929671,0.12298799370595519,0,2,0.010124440758583347,uncomfortable,attentive,attentive,attentive,relaxed,uncomfortable
35,/home/glyc/Documents/PyProjects/catface/data/cat-emotions-3/train/attentive/00000009_005_png.rf.d022822b482b7597ae9df7a6510bd7be.jpg,4,attentive,1.4131704594219097,30.073410745637933,-0.03746470514739959,-0.02303499725726578,0.06469918986782722,0,1,0.0009724680285239651,attentive,attentive,relaxed,attentive,uncomfortable,uncomfortable
36,/home/glyc/Documents/PyProjects/catface/data/cat-emotions-3/train/attentive/00000009_009_png.rf.d8e9076107ee359709ab7ab627683c58.jpg,2,attentive,1.3487135648937592,34.31888022617346,0.08874329780078469,0.07461590986195381,0.130000768321877,0,1,-0.014840034709061534,attentive,attentive,attentive,attentive,relaxed,attentive
37,/home/glyc/Documents/PyProjects/catface/data/cat-emotions-3/train/attentive/00000009_013_png.rf.d3d09a14d745150f0b2885280073faa2.jpg,1,attentive,1.1307955632562592,46.174369479106396,0.18641443407491007,0.1153894721458575,0.1789251606021037,0,3,-0.02047779381045675,attentive,attentive,attentive,attentive,relaxed,attentive
38,/home/glyc/Documents/PyProjects/catface/data/cat-emotions-3/train/attentive/00000009_021_png.rf.42fca53c0747a0b76b36a7e7d0a213e0.jpg,1,attentive,1.3043735377062886,36.988143869879195,-0.06173411069498445,-0.05534347453631711,0.08195921274178719,0,2,0.011239888150137406,uncomfortable,attentive,attentive,attentive,relaxed,attentive
39,/home/glyc/Documents/PyProjects/catface/data/cat-emotions-3/train/attentive/00000009_022_png.rf.f22ed01551e3da4cc6b22e11bbba68c3.jpg,1,attentive,1.309039791876353,36.71515873775331,0.055410925595802255,0.06183523397195391,0.07429842764292226,0,2,-0.008673494365903006,attentive,relaxed,attentive,attentive,relaxed,attentive
40,/home/glyc/Documents/PyProjects/catface/data/cat-emotions-3/train/attentive/00000009_023_png.rf.177e14349f6d610a514563261740d554.jpg,2,attentive,1.1754284319806454,43.96220841051798,0.03929959384854741,0.017620382425692544,0.04074967525137293,0,3,-0.004307861706931482,uncomfortable,attentive,relaxed,attentive,relaxed,attentive
41,/home/glyc/Documents/PyProjects/catface/data/cat-emotions-3/train/attentive/00000009_026_png.rf.02eddabbee97de18642365dd99f01cc9.jpg,4,attentive,1.2589229567830524,39.562755956264134,0.060771956605732924,0.03016836580552478,0.07355797832768682,0,3,-0.003396567784947263,uncomfortable,attentive,attentive,attentive,relaxed,attentive
42,/home/glyc/Documents/PyProjects/catface/data/cat-emotions-3/train/attentive/00000010_003_png.rf.c7b25ce62a82be22a1a1cf903f2f306e.jpg,2,attentive,1.3187988921242813,36.138509831583185,0.22344147009791235,0.19464264187373198,0.305982530206963,0,2,-0.03213772132702042,attentive,attentive,attentive,attentive,relaxed,uncomfortable
43,/home/glyc/Documents/PyProjects/catface/data/cat-emotions-3/train/attentive/00000010_028_png.rf.8241e22a4028452127964b8b8fb90f35.jpg,3,attentive,1.3380022645575145,34.979894115944965,0.04047526609060822,0.027084400877795074,0.05784786478353758,0,1,-0.0061829718010528445,attentive,attentive,attentive,attentive,relaxed,attentive
44,/home/glyc/Documents/PyProjects/catface/data/cat-emotions-3/train/attentive/00000011_001_png.rf.2d0fefe86eceee3b5042c2ca2b00e1af.jpg,2,attentive,1.298335896211688,37.33881692567863,0.005096239306649876,0.01613910535377621,0.006680376694677988,0,2,-0.0010404913959316808,attentive,attentive,attentive,attentive,relaxed,relaxed
45,/home/glyc/Documents/PyProjects/catface/data/cat-emotions-3/train/attentive/00000011_003_png.rf.cd140dc041dcac18c2e7a4e1f38cc4f9.jpg,1,attentive,1.1351553673562182,45.961961050005584,-0.009019694238788636,0.0030147654418052074,0.008721797466710894,0,3,0.0019354418481412339,relaxed,relaxed,attentive,relaxed,relaxed,uncomfortable
46,/home/glyc/Documents/PyProjects/catface/data/cat-emotions-3/train/attentive/00000011_004_png.rf.828f0a4775276b5df73db370be7723d7.jpg,4,attentive,1.3781144120595992,32.44393815366648,-0.060195466361914834,-0.05198162183937708,0.0946922905507488,0,1,0.008949944288486458,attentive,attentive,relaxed,attentive,attentive,attentive
47,/home/glyc/Documents/PyProjects/catface/data/cat-emotions-3/train/attentive/00000011_010_png.rf.704eb59443aee88c60967ddbaa0cc607.jpg,3,attentive,1.29544049469234,37.50599002541854,-0.016460678926261366,-0.0138015497855979,0.021447331413021922,0,2,0.004865505536521791,attentive,attentive,attentive,attentive,relaxed,attentive
48,/home/glyc/Documents/PyProjects/catface/data/cat-emotions-3/train/attentive/00000011_016_png.rf.0d788e2f85913ee835ba4e5651970e9a.jpg,2,attentive,1.1015228915617747,47.58154180007081,0.19203495979305746,0.13233425832750584,0.17546549672401926,0,3,-0.020852523345148227,relaxed,relaxed,attentive,relaxed,relaxed,uncomfortable
49,/home/glyc/Documents/PyProjects/catface/data/cat-emotions-3/train/attentive/00000011_020_png.rf.5cc90aff235b8602ddc458246296fc23.jpg,1,attentive,1.4471880257368261,27.5985354299411,-0.15163815383574888,-0.13013771456689352,0.2900750951353332,0,0,0.02793023283360005,attentive,attentive,attentive,attentive,uncomfortable,relaxed
50,/home/glyc/Documents/PyProjects/catface/data/cat-emotions-3/train/attentive/00000011_027_png.rf.fec41f274a26ec3b877655b0cc00159f.jpg,4,attentive,1.4404389974912943,28.105394568161955,-0.03696200632640327,-0.03373536700037457,0.06920800277048082,0,0,0.006264355766379376,attentive,attentive,attentive,attentive,uncomfortable,attentive
51,/home/glyc/Documents/PyProjects/catface/data/cat-emotions-3/train/attentive/00000012_010_png.rf.a4957a4a67031b4901a61cad50c627f8.jpg,1,attentive,1.4238113244379569,29.3197865872752,0.021411869550933726,0.020951726613404137,0.038124646836314384,0,0,-0.003697788167325494,attentive,attentive,attentive,attentive,uncomfortable,uncomfortable
52,/home/glyc/Documents/PyProjects/catface/data/cat-emotions-3/train/attentive/00000012_028_png.rf.12055348825fd233b1f3dcb6c844d18a.jpg,0,attentive,1.3820633699451048,32.184746983599034,0.021695079430941573,0.02055514163773244,0.03447154964784982,0,1,-0.003994467709675625,uncomfortable,uncomfortable,relaxed,uncomfortable,attentive,relaxed
53,/home/glyc/Documents/PyProjects/catface/data/cat-emotions-3/train/attentive/00000013_006_png.rf.716741602f90da446c4b82953f1e0747.jpg,3,attentive,1.3304797816023792,35.4376739442011,-0.010993715658633678,-0.014253305848539715,0.015448138747969327,0,2,0.0015821712432896318,uncomfortable,uncomfortable,relaxed,relaxed,relaxed,attentive
54,/home/glyc/Documents/PyProjects/catface/data/cat-emotions-3/train/attentive/00000013_011_png.rf.045b323227cafc509b22818cc1d34ac4.jpg,0,attentive,1.349816030114511,34.25021139196101,0.0004809264460323708,0.011919181383672213,0.0007063294902035242,0,1,0.00018329241629805315,attentive,attentive,attentive,attentive,relaxed,relaxed
55,/home/glyc/Documents/PyProjects/catface/data/cat-emotions-3/train/attentive/00000013_014_png.rf.9800afc1cf5502684e909e194b1129bd.jpg,4,attentive,1.328127563411785,35.579765414637365,-0.04786648497166197,-0.04348325008100217,0.06690910880522068,0,2,0.00734260490320815,attentive,relaxed,relaxed,attentive,relaxed,uncomfortable
56,/home/glyc/Documents/PyProjects/catface/data/cat-emotions-3/train/attentive/00000013_017_png.rf.5b7d964a19a1fb3b12a943d8420c1711.jpg,1,attentive,1.3785229125949119,32.417211769257335,0.02909987614619849,0.03477065631359284,0.04582363492098549,0,1,-0.0013761382348978501,attentive,uncomfortable,relaxed,attentive,attentive,uncomfortable
57,/home/glyc/Documents/PyProjects/catface/data/cat-emotions-3/train/attentive/00000013_021_png.rf.ef871220dd0055ee2fbcc03366104a87.jpg,3,attentive,1.5742089300583633,15.420723602383235,0.051384674843296355,0.04751654654489826,0.18628768074168742,0,0,-0.00970215523027948,attentive,attentive,attentive,attentive,uncomfortable,uncomfortable
58,/home/glyc/Documents/PyProjects/catface/data/cat-emotions-3/train/attentive/00000013_025_png.rf.62ed48b744e7cb1bef0a165300f65538.jpg,0,attentive,1.2471878001933827,40.20487028298518,-0.12866196403800534,-0.0869765557979645,0.1522246257479763,0,3,0.019094843841830828,uncomfortable,relaxed,attentive,relaxed,relaxed,uncomfortable
59,/home/glyc/Documents/PyProjects/catface/data/cat-emotions-3/train/attentive/00000014_003_png.rf.3221395c09a80f8ad5ab95fad618b1a2.jpg,0,attentive,1.288049374477903,37.92988348320171,0.07326192539424396,0.06525921936050771,0.09400789273995161,0,2,-0.011392531248739873,attentive,attentive,attentive,attentive,relaxed,attentive
60,/home/glyc/Documents/PyProjects/catface/data/cat-emotions-3/train/attentive/00000015_013_png.rf.3b6ba9534baf92115d6f0a6d21241e66.jpg,3,attentive,1.7440467807162037,0.0,0.06792728522795094,0.0860875287803411,,1,0,-0.016507143082011677,uncomfortable,uncomfortable,uncomfortable,uncomfortable,uncomfortable,relaxed
61,/home/glyc/Documents/PyProjects/catface/data/cat-emotions-3/train/attentive/00000015_018_png.rf.5332792b627fe33fcf2222af4eaeaf35.jpg,0,attentive,1.2069032850322325,42.34756679617533,0.0021733221033416535,0.02531085313419631,0.0023844699883364706,0,3,-0.0023617496455843046,uncomfortable,relaxed,relaxed,relaxed,relaxed,uncomfortable
62,/home/glyc/Documents/PyProjects/catface/data/cat-emotions-3/train/attentive/00000015_029_png.rf.706107823303e9fe1c6f5d7337a5f1ea.jpg,4,attentive,1.2467521968003197,40.22854095874491,0.08202215204532727,0.08289791479415487,0.09696209628136113,0,3,-0.008539196194479987,relaxed,attentive,attentive,relaxed,relaxed,relaxed
63,/home/glyc/Documents/PyProjects/catface/data/cat-emotions-3/train/attentive/00000016_018_png.rf.da3182a629884d3974b1fe03da28ec2f.jpg,3,attentive,1.5003483562785314,23.25318784271375,-0.0440889896169359,-0.038512552244055746,0.10260416221736306,0,0,0.010919002289590252,attentive,attentive,attentive,attentive,uncomfortable,uncomfortable
64,/home/glyc/Documents/PyProjects/catface/data/cat-emotions-3/train/attentive/00000016_027_png.rf.fe723815d38f13fa37cf55b65f6687b3.jpg,2,attentive,1.2790147441895396,38.44263366954986,-0.02263681365483302,-0.017041951262238217,0.028516934614491223,0,2,0.004578726267495503,attentive,relaxed,attentive,attentive,relaxed,uncomfortable
65,/home/glyc/Documents/PyProjects/catface/data/cat-emotions-3/train/attentive/00000017_000_png.rf.8d6cf69b95fdbf4a20cb0ee7d297655f.jpg,0,attentive,1.2172928168776835,41.80358003162673,0.058636590785156345,0.010559252960358891,0.06557321157938151,0,3,-0.004036446864165877,relaxed,relaxed,relaxed,relaxed,relaxed,attentive
66,/home/glyc/Documents/PyProjects/catface/data/cat-emotions-3/train/attentive/00000017_003_png.rf.d8356f58379879616b29a5e4fb545439.jpg,3,attentive,1.2485971157044709,40.12820870304496,-0.034853448266669675,-0.04279177355766521,0.041348465787970475,0,3,0.002669182824407784,uncomfortable,relaxed,attentive,attentive,relaxed,uncomfortable
67,/home/glyc/Documents/PyProjects/catface/data/cat-emotions-3/train/attentive/00000017_005_png.rf.67904da8eac13ed39bfeb89114f26df4.jpg,1,attentive,1.2014230626959068,42.632232939180476,-0.03865390235916997,-0.03943345494691399,0.04198836933842175,0,3,0.0029517899973338924,relaxed,relaxed,attentive,relaxed,relaxed,attentive
68,/home/glyc/Documents/PyProjects/catface/data/cat-emotions-3/train/attentive/00000018_006_png.rf.ad7e2ed07dd086ca086e590baf373b8a.jpg,3,attentive,1.2645141241052384,39.25374456247246,0.017005430673601662,-0.004897798119098537,0.020810831524077034,0,3,-0.0018738789902458253,uncomfortable,attentive,attentive,attentive,relaxed,attentive
69,/home/glyc/Documents/PyProjects/catface/data/cat-emotions-3/train/attentive/00000018_024_png.rf.fc859ca4d50ceaba5a54f7bf47f7fba7.jpg,2,attentive,1.4231032877531022,29.37047810668184,0.11909800613382635,0.0930153228771947,0.21161978728033629,0,0,-0.017883699024079325,attentive,attentive,relaxed,attentive,uncomfortable,attentive
70,/home/glyc/Documents/PyProjects/catface/data/cat-emotions-3/train/attentive/00000018_025_png.rf.7637e81f23d4d68f1d275899e66b74fc.jpg,4,attentive,1.2738064007454613,38.73561474387023,-0.009775600489545953,0.0031427781061991395,0.012186412372063577,0,2,0.00465254881705876,attentive,attentive,attentive,attentive,relaxed,uncomfortable
71,/home/glyc/Documents/PyProjects/catface/data/cat-emotions-3/train/attentive/00000019_000_png.rf.1111edba621cdb10fde1b9b0f00bd5d8.jpg,3,attentive,1.2986077698286684,37.323086809439594,0.009790953471712858,0.033579577637352184,0.012841725951510938,0,2,-0.0011487131232680858,relaxed,relaxed,relaxed,relaxed,relaxed,relaxed
72,/home/glyc/Documents/PyProjects/catface/data/cat-emotions-3/train/attentive/00000019_004_png.rf.ca68a95a7682c4e903da69d382b612d8.jpg,0,attentive,1.6368222512075559,0.0,-0.08799556114851591,-0.09330936838258617,,1,0,0.022102798479471997,attentive,uncomfortable,relaxed,attentive,uncomfortable,attentive
73,/home/glyc/Documents/PyProjects/catface/data/cat-emotions-3/train/attentive/00000019_010_png.rf.38c9675d89cfd3dcfb68382ba2b405da.jpg,4,attentive,1.3945139535066229,31.355040354146745,-0.010461556531940142,-0.009987025679334722,0.017169061436886717,0,1,0.004683802239401569,attentive,relaxed,relaxed,attentive,attentive,uncomfortable
74,/home/glyc/Documents/PyProjects/catface/data/cat-emotions-3/train/attentive/00000019_020_png.rf.3a33b88ce3816073b0977a364e9a68a2.jpg,4,attentive,1.429138555272231,28.935791904340704,0.0964834284500557,0.09621788864444959,0.1745216653689836,0,0,-0.018315632179887742,attentive,attentive,attentive,attentive,uncomfortable,attentive
75,/home/glyc/Documents/PyProjects/catface/data/cat-emotions-3/train/attentive/00000019_022_png.rf.cd45762d240d0ac1d80ad70bf635a703.jpg,3,attentive,1.4398983183002079,28.14563686445212,-0.03478126193735006,-0.030749389937217497,0.06501482636996317,0,0,0.006360621250020876,attentive,uncomfortable,relaxed,attentive,uncomfortable,relaxed
76,/home/glyc/Documents/PyProjects/catface/data/cat-emotions-3/train/attentive/00000019_024_png.rf.288fa9bc6ac3e70b3cce1d9ca88d80b5.jpg,0,attentive,1.3141757694348268,36.41266312225616,-0.10953149755189086,-0.09829335162544481,0.14849618583448032,0,2,0.017152775003012766,attentive,relaxed,attentive,relaxed,relaxed,attentive
77,/home/glyc/Documents/PyProjects/catface/data/cat-emotions-3/train/attentive/00000019_025_png.rf.2509ae6e6626862c8b2375477cfc3fdc.jpg,0,attentive,1.3352281888841617,35.14931448418636,-0.12043515064657064,-0.10872519927198634,0.17104875214444817,0,1,0.02231783477637911,attentive,relaxed,attentive,attentive,relaxed,uncomfortable
78,/home/glyc/Documents/PyProjects/catface/data/cat-emotions-3/train/attentive/00000019_026_png.rf.4be5d54480f9e5a32cbb6146ce1f88c1.jpg,2,attentive,1.2724884745848062,38.80945515471468,-0.12453364079467225,-0.11690824194732857,0.1548362804922825,0,2,0.019933658098698515,attentive,attentive,attentive,attentive,relaxed,relaxed
79,/home/glyc/Documents/PyProjects/catface/data/cat-emotions-3/train/attentive/00000020_004_png.rf.e3cd55a971765265977aff8059cde993.jpg,4,attentive,1.205445138348526,42.4234601608319,-0.1506366505076529,-0.1043836852849415,0.16483258982361357,0,3,0.019063568436435308,uncomfortable,attentive,attentive,attentive,relaxed,relaxed
80,/home/glyc/Documents/PyProjects/catface/data/cat-emotions-3/train/attentive/00000020_005_png.rf.1a1e7371ac0adbc65687a0957dd1cd6c.jpg,2,attentive,1.3712288192039033,32.89152124491604,0.015345849848433842,0.01945615434247537,0.02372877101420086,0,1,-0.0030134611402631295,relaxed,attentive,relaxed,attentive,relaxed,relaxed
81,/home/glyc/Documents/PyProjects/catface/data/cat-emotions-3/train/attentive/00000020_006_png.rf.723adbe44ee08a8b554583668cf7da0c.jpg,0,attentive,1.3955613164314995,31.284345588517287,0.03023131916612379,0.020638315128551247,0.04975240209745455,0,1,-0.0016145546149466394,uncomfortable,uncomfortable,uncomfortable,uncomfortable,attentive,relaxed
82,/home/glyc/Documents/PyProjects/catface/data/cat-emotions-3/train/attentive/00000020_018_png.rf.0e93d513e26df64fd550272bc8f8aae2.jpg,1,attentive,1.2306598295068434,41.095073171977035,0.0323538350587903,0.01514509739145332,0.037094335977026265,0,3,-0.004140464013340089,relaxed,relaxed,relaxed,relaxed,relaxed,relaxed
83,/home/glyc/Documents/PyProjects/catface/data/cat-emotions-3/train/attentive/00000021_019_png.rf.625419faa51843e6e01daddf7658e3d3.jpg,4,attentive,1.411404059380828,30.196859521734268,-0.1068094355559287,-0.09150500858637699,0.18354012398835828,0,1,0.019970051716840798,attentive,attentive,attentive,attentive,uncomfortable,relaxed
84,/home/glyc/Documents/PyProjects/catface/data/cat-emotions-3/train/attentive/00000022_003_png.rf.d4c210e2afedfbfcc8351077758dd24b.jpg,0,attentive,1.3678739575516055,33.10764770164627,-0.17586239335861684,-0.1645850947195769,0.26969367207624895,0,1,0.036354230764944095,attentive,attentive,attentive,attentive,attentive,uncomfortable
85,/home/glyc/Documents/PyProjects/catface/data/cat-emotions-3/train/attentive/00000022_009_png.rf.0663820b32426d6b1fe1d4e3ef0b83f4.jpg,1,attentive,1.3387935410677798,34.93143736603629,-0.05034307964596602,-0.07357308558585293,0.07208079661812211,0,1,0.00638879425721231,relaxed,relaxed,attentive,relaxed,relaxed,relaxed
86,/home/glyc/Documents/PyProjects/catface/data/cat-emotions-3/train/attentive/00000022_010_png.rf.83782efee7d533d0d40b74def9ccaca8.jpg,0,attentive,1.3553675543820272,33.902570373234035,-0.08197613236262243,-0.0708901793110946,0.12198153359069235,0,1,0.01305731905978097,uncomfortable,relaxed,relaxed,relaxed,relaxed,uncomfortable
87,/home/glyc/Documents/PyProjects/catface/data/cat-emotions-3/train/attentive/00000022_013_png.rf.74073eb86cc9e518a13b6f3fd444768a.jpg,3,attentive,1.2961168984946596,37.46699318976948,-0.0377511308129017,-0.029148011393724946,0.04925695921012959,0,2,0.004318243166533314,attentive,attentive,attentive,attentive,relaxed,relaxed
88,/home/glyc/Documents/PyProjects/catface/data/cat-emotions-3/train/attentive/00000022_014_png.rf.0838ac780c805e6be5e72a11db8bc666.jpg,4,attentive,1.3004914469559032,37.21394462511448,-0.01409231402217775,0.02225870164933072,0.01855655831300909,0,2,0.007105982254759835,attentive,attentive,attentive,attentive,relaxed,relaxed
89,/home/glyc/Documents/PyProjects/catface/data/cat-emotions-3/train/attentive/00000022_024_png.rf.b0cf29159c6f7b55ae1a02b65057d5dc.jpg,2,attentive,1.13252417433486,46.09024275128464,-0.012991312834819205,0.010448856425824042,0.012506081546024315,0,3,0.0017695427504048622,relaxed,attentive,uncomfortable,uncomfortable,relaxed,relaxed
90,/home/glyc/Documents/PyProjects/catface/data/cat-emotions-3/train/attentive/00000022_028_png.rf.5031211412f0438b3cfa0d1dd8af9113.jpg,1,attentive,1.2289536481343037,41.18606379198848,0.07189137682644822,0.03701706908937551,0.08216117238986322,0,3,-0.0103039644412741,attentive,relaxed,relaxed,attentive,relaxed,relaxed
91,/home/glyc/Documents/PyProjects/catface/data/cat-emotions-3/train/attentive/00000024_008_png.rf.e956f33047b5f3baeb430d5df7f3a970.jpg,0,attentive,1.6710897753041916,0.0,0.006426874012264372,-0.008932459382151434,,1,0,-0.004496938547770446,attentive,attentive,uncomfortable,attentive,uncomfortable,attentive
92,/home/glyc/Documents/PyProjects/catface/data/cat-emotions-3/train/attentive/00000024_011_png.rf.a07f69fdbd2c2cc5dc95f1fa6a109dde.jpg,4,attentive,1.3608799524547477,33.55424565971443,-0.0159446469743287,-0.06420145154943903,0.024040250615039054,0,1,0.007660134083349757,uncomfortable,attentive,relaxed,uncomfortable,relaxed,relaxed
93,/home/glyc/Documents/PyProjects/catface/data/cat-emotions-3/train/attentive/00000024_024_png.rf.b2c482e587399dd8b439e6fae810d193.jpg,2,attentive,1.3783693257834404,32.4272625774818,-0.011943518282384243,-0.0056053734871250645,0.018800194469362288,0,1,0.0019678840773723616,uncomfortable,attentive,attentive,attentive,attentive,relaxed
94,/home/glyc/Documents/PyProjects/catface/data/cat-emotions-3/train/attentive/00000025_004_png.rf.36d449d61dd0fe6b816d698b8ca9a333.jpg,4,attentive,1.3446853296972956,34.56876760237323,0.023159167432275057,0.026809493266903125,0.03361030677668897,0,1,-0.005587992267199471,relaxed,relaxed,relaxed,relaxed,relaxed,attentive
95,/home/glyc/Documents/PyProjects/catface/data/cat-emotions-3/train/attentive/00000025_015_png.rf.b21f6c9f6dffd158169ae760e3cb88c0.jpg,1,attentive,1.288083684565906,37.92792505584403,-0.11825593024404066,-0.08589658270528364,0.1517537862537661,0,2,0.01993419515424283,uncomfortable,relaxed,attentive,relaxed,relaxed,relaxed
96,/home/glyc/Documents/PyProjects/catface/data/cat-emotions-3/train/attentive/00000026_008_png.rf.4d374807c8f98f1af6fedc0fa5180768.jpg,4,attentive,1.2069354825682412,42.34588974027912,-0.030107549217885034,-0.014104934981680733,0.03303457332685179,0,3,0.0007066498933113452,attentive,attentive,attentive,attentive,relaxed,relaxed
97,/home/glyc/Documents/PyProjects/catface/data/cat-emotions-3/train/attentive/00000026_009_png.rf.6d8615cee63073a1ee204e1aa41ed570.jpg,2,attentive,1.3636308188583108,33.37922135858897,-0.05129732769200413,-0.06976482075019487,0.07785790578726973,0,1,0.013910422273015838,attentive,relaxed,attentive,relaxed,relaxed,attentive
98,/home/glyc/Documents/PyProjects/catface/data/cat-emotions-3/train/attentive/00000026_015_png.rf.ba4253198bc7ffef9d8c3cdc1a8004ec.jpg,4,attentive,1.2911692988480088,37.75144458893489,-0.08569017179450004,-0.06471568682723214,0.11066462638642988,0,2,0.013911462254304174,relaxed,relaxed,attentive,relaxed,relaxed,attentive
99,/home/glyc/Documents/PyProjects/catface/data/cat-emotions-3/train/attentive/00000026_016_png.rf.eb776f068fa8b175ca7113fa6f5e853b.jpg,2,attentive,1.1792394196603835,43.76925172229612,-0.15214646615942745,-0.13656642058715443,0.15882740204866364,0,3,0.023176055259340023,uncomfortable,attentive,attentive,attentive,relaxed,relaxed
100,/home/glyc/Documents/PyProjects/catface/data/cat-emotions-3/train/attentive/00000026_020_png.rf.b1faa0c01a5b15d63b6fa64cd8b51b55.jpg,0,attentive,1.426094415274547,29.155783001492345,0.21482124109394357,0.21111781569489757,0.3850748682727492,0,0,-0.04171739981861601,attentive,attentive,attentive,attentive,uncomfortable,relaxed
101,/home/glyc/Documents/PyProjects/catface/data/cat-emotions-3/train/attentive/00000026_024_png.rf.542f4a035a09781991fe01ad33b26aa9.jpg,0,attentive,1.2429358190497988,40.435431050634556,-0.03264771617495881,-0.03939745310767017,0.03831290944209785,0,3,0.0024577815441499395,attentive,relaxed,attentive,relaxed,relaxed,relaxed
102,/home/glyc/Documents/PyProjects/catface/data/cat-emotions-3/train/attentive/00000027_000_png.rf.27b9a24faa25f04994555cee3255db6d.jpg,2,attentive,1.241960032195587,40.48818885323778,0.02213393279442775,0.021481669801943878,0.02592632602651213,0,3,-0.0027031057171839623,attentive,attentive,attentive,attentive,relaxed,attentive
103,/home/glyc/Documents/PyProjects/catface/data/cat-emotions-3/train/attentive/00000027_018_png.rf.2063c2b14f220031185f3f0e3631993c.jpg,0,attentive,1.4464327590781105,27.65568143893562,-0.0583311287752274,-0.04985064254473366,0.11131354676282947,0,0,0.010864290617191186,attentive,uncomfortable,relaxed,relaxed,uncomfortable,relaxed
104,/home/glyc/Documents/PyProjects/catface/data/cat-emotions-3/train/attentive/00000027_019_png.rf.4c23b8c4ccf9f85f43ddd0e217850eff.jpg,2,attentive,1.2792532889016508,38.42916983674335,0.04694830949626767,0.028297148591527488,0.059172114482885035,0,2,-0.007418350436083632,attentive,attentive,relaxed,relaxed,relaxed,attentive
105,/home/glyc/Documents/PyProjects/catface/data/cat-emotions-3/train/attentive/00000027_029_png.rf.fb8b4e6e1efa5d602c8c40a6e735a756.jpg,3,attentive,1.2590581534287064,39.55530777682437,-0.07872202464390965,-0.06850302986432287,0.09530985319737983,0,3,0.012133173983290335,attentive,attentive,attentive,attentive,relaxed,relaxed
106,/home/glyc/Documents/PyProjects/catface/data/cat-emotions-3/train/attentive/00000028_002_png.rf.af85e8fb852e67906ccb620baaf443d7.jpg,3,attentive,1.172644796698909,44.10272365899522,-0.08587734201335152,-0.016569621269662542,0.08861011338191464,0,3,0.01651160273581398,uncomfortable,uncomfortable,uncomfortable,uncomfortable,relaxed,attentive
107,/home/glyc/Documents/PyProjects/catface/data/cat-emotions-3/train/attentive/00000028_015_png.rf.52596a02491e20816390a5e8f1733c76.jpg,4,attentive,1.4171921903038311,29.790614114273033,-0.055940762857935075,-0.05614219000002739,0.09771519224886303,0,1,0.012559813484589705,attentive,relaxed,attentive,attentive,uncomfortable,attentive
108,/home/glyc/Documents/PyProjects/catface/data/cat-emotions-3/train/attentive/00000028_017_png.rf.559b1648760c2be20533710f2f5fd97a.jpg,4,attentive,1.3324071023875688,35.32087934513703,-0.06540890913879258,-0.04689322035997419,0.09230896978325992,0,2,0.003865836259175276,uncomfortable,relaxed,uncomfortable,uncomfortable,relaxed,relaxed
109,/home/glyc/Documents/PyProjects/catface/data/cat-emotions-3/train/attentive/00000028_018_png.rf.23e875008d3c07577b79c8a921bf51a4.jpg,3,attentive,1.3491530318943457,34.291521777563815,0.003492114984921231,-0.005432698571546037,0.005120876685249661,0,1,0.0005224982384373356,attentive,relaxed,attentive,attentive,relaxed,relaxed
110,/home/glyc/Documents/PyProjects/catface/data/cat-emotions-3/train/attentive/00000028_024_png.rf.7e5bdbc28a7092907682f611f057f409.jpg,4,attentive,1.2529044239230054,39.89314840202734,0.03148714192131908,0.035132530057805304,0.037667351710017755,0,3,-0.0014114865414527056,relaxed,uncomfortable,uncomfortable,uncomfortable,relaxed,uncomfortable
111,/home/glyc/Documents/PyProjects/catface/data/cat-emotions-3/train/attentive/00000029_024_png.rf.1a794c3008d32e715ed50aac9a7a87b1.jpg,0,attentive,1.3505350291199072,34.20536218409953,-0.0035471816816156515,-0.018821446833843857,0.005218468732306821,0,1,-0.001148299366371286,attentive,attentive,attentive,attentive,relaxed,relaxed
112,/home/glyc/Documents/PyProjects/catface/data/cat-emotions-3/train/attentive/00000030_006_png.rf.1c48b5176c8bad0d456ff34f74fc7953.jpg,2,attentive,1.3278132917671193,35.598712455584,0.11353367515794441,0.06412028232470857,0.15858968864734613,0,2,-0.02289191970200194,attentive,relaxed,attentive,attentive,relaxed,relaxed
113,/home/glyc/Documents/PyProjects/catface/data/cat-emotions-3/train/attentive/00000030_022_png.rf.d15dd86ac12066846e03715e4de0df04.jpg,2,attentive,1.464085662376266,26.290091791811925,-0.024116117194264694,-0.020026388863940155,0.04881650644547885,0,0,0.0028735907355215695,attentive,uncomfortable,uncomfortable,uncomfortable,uncomfortable,uncomfortable
114,/home/glyc/Documents/PyProjects/catface/data/cat-emotions-3/train/attentive/00000031_004_png.rf.6b673277c9ee3fadf1f34a69662ae043.jpg,2,attentive,1.4468487815283428,27.62421725789413,0.15044919101944249,0.1555777559793976,0.28748673770917565,0,0,-0.02552225886982004,relaxed,attentive,attentive,relaxed,uncomfortable,attentive
115,/home/glyc/Documents/PyProjects/catface/data/cat-emotions-3/train/attentive/00000031_027_png.rf.40695bdd080fe4ad9323c6d1e8d64233.jpg,3,attentive,1.3275865523299752,35.61237685682143,-0.0175330880919278,-0.019603747749825363,0.024478784902886495,0,2,0.007191682397667709,attentive,attentive,attentive,relaxed,relaxed,attentive
116,/home/glyc/Documents/PyProjects/catface/data/cat-emotions-3/train/attentive/00000031_028_png.rf.fa44ba4764823abf3d66554561cdbde1.jpg,1,attentive,1.5365377329012788,19.79157694675472,-0.01811683553309138,-0.04455310182115585,0.05034466744535119,0,0,0.004404386156614953,attentive,uncomfortable,uncomfortable,uncomfortable,uncomfortable,attentive
117,/home/glyc/Documents/PyProjects/catface/data/cat-emotions-3/train/attentive/00000032_019_png.rf.8ef16895614a931fcc0cfd57b7f4eff5.jpg,4,attentive,1.4771111913991766,25.238668800058647,-0.031545759339062285,-0.03379991796300733,0.06692088081432368,0,0,0.00786861559053273,relaxed,uncomfortable,uncomfortable,attentive,uncomfortable,attentive
118,/home/glyc/Documents/PyProjects/catface/data/cat-emotions-3/train/attentive/00000032_026_png.rf.1de5a1c894e6748ecaf019b10b37d04b.jpg,4,attentive,1.2270360180645237,41.28813426806376,-0.0530610665298273,-0.003461506427074965,0.06042337708273085,0,3,-0.0029874655667472827,attentive,relaxed,attentive,attentive,relaxed,uncomfortable
119,/home/glyc/Documents/PyProjects/catface/data/cat-emotions-3/train/attentive/00000033_006_png.rf.e4ef0a06ca93b6fc5c721541e0c36308.jpg,4,attentive,0.7790570968856279,61.50567758844891,-0.3616333037671525,-0.03358574843470888,0.1963044665213593,0,3,0.03292327895851288,uncomfortable,attentive,attentive,uncomfortable,relaxed,attentive
120,/home/glyc/Documents/PyProjects/catface/data/cat-emotions-3/train/attentive/00000033_011_png.rf.613456f4e3405eb6edbce2604666d719.jpg,3,attentive,1.6498709732656522,0.0,-0.0037861885790905605,0.004632913914106853,,1,0,0.004254444150411596,attentive,attentive,attentive,attentive,uncomfortable,attentive
121,/home/glyc/Documents/PyProjects/catface/data/cat-emotions-3/train/attentive/00000033_017_png.rf.5fb50b9b096f97eb14a7400da707f2c8.jpg,4,attentive,1.2937300746102023,37.60444729013199,0.05641840253775774,0.06627699480401385,0.07324902679508091,0,2,-0.009895573921104989,uncomfortable,uncomfortable,relaxed,attentive,relaxed,relaxed
122,/home/glyc/Documents/PyProjects/catface/data/cat-emotions-3/train/attentive/00000034_001_png.rf.b9b310d93c3ef5314962520ea31ed060.jpg,2,attentive,1.3772351036173356,32.50140099031824,-0.0651197305489788,-0.045263669962634014,0.10221198644927154,0,1,0.014721469408442378,attentive,attentive,attentive,attentive,attentive,uncomfortable
123,/home/glyc/Documents/PyProjects/catface/data/cat-emotions-3/train/attentive/00000034_027_png.rf.0ca85049ded3cfd15c55efacc3190df8.jpg,0,attentive,1.3054249271614928,36.9267866365912,0.024732964160536407,0.016215229782259893,0.0329091608103609,0,2,-0.005686098840007592,relaxed,relaxed,relaxed,attentive,relaxed,attentive
124,/home/glyc/Documents/PyProjects/catface/data/cat-emotions-3/train/attentive/00000035_004_png.rf.ddff8eb3f2fb192ce486434290c5b0c9.jpg,0,attentive,1.2418768951295336,40.492681188453524,-0.0187446879071015,-0.005299137981168093,0.021952887400767722,0,3,0.004983731294918303,relaxed,relaxed,attentive,relaxed,relaxed,relaxed
125,/home/glyc/Documents/PyProjects/catface/data/cat-emotions-3/train/attentive/00000036_000_png.rf.c423ef36b70dd85ff945835a4a9b91d5.jpg,1,attentive,1.3224650753131884,35.919819991829094,0.033941121214184286,0.03471098471666273,0.04685368870520176,0,2,-0.006972553455516617,attentive,attentive,attentive,attentive,relaxed,relaxed
126,/home/glyc/Documents/PyProjects/catface/data/cat-emotions-3/train/attentive/00000036_005_png.rf.e2300cf2d0dc501432ec3ff596ab8915.jpg,4,attentive,1.650600303813005,0.0,-0.019778509726580233,-0.017199657312014432,,1,0,0.003324460661004336,attentive,attentive,attentive,attentive,uncomfortable,relaxed
127,/home/glyc/Documents/PyProjects/catface/data/cat-emotions-3/train/attentive/00000036_006_png.rf.e0c7b3ba1f279842de9fd11816139e73.jpg,1,attentive,1.3128280560106533,36.49224870721152,-0.04525151187122532,-0.040440676777743094,0.061171214179746435,0,2,0.003637131661655718,relaxed,relaxed,relaxed,relaxed,relaxed,attentive
128,/home/glyc/Documents/PyProjects/catface/data/cat-emotions-3/train/attentive/00000036_008_png.rf.e26ac1758b094dff5b354959b606fd3e.jpg,0,attentive,1.2478536366234938,40.168666373720214,0.013899222696197564,-0.009101278680208514,0.01646576573059744,0,3,-0.00011750673349689156,uncomfortable,attentive,attentive,attentive,relaxed,attentive
129,/home/glyc/Documents/PyProjects/catface/data/cat-emotions-3/train/attentive/00000036_020_png.rf.e9a9745e877f2a878099c28b1f72ebe2.jpg,2,attentive,1.3738042415936786,32.72474871708676,-0.20820076535157478,-0.1888920925213554,0.32399809528358237,0,1,0.03454313911881386,uncomfortable,attentive,attentive,attentive,attentive,attentive
130,/home/glyc/Documents/PyProjects/catface/data/cat-emotions-3/train/attentive/00000036_021_png.rf.0920e5e8fbadca5f3dfde551e5935acd.jpg,3,attentive,1.3450373910822326,34.546991021328346,-0.022212696580405908,-0.011198463040447817,0.032262956241921506,0,1,0.002080852937480726,uncomfortable,attentive,relaxed,attentive,relaxed,relaxed
131,/home/glyc/Documents/PyProjects/catface/data/cat-emotions-3/train/attentive/00000036_023_png.rf.64fa52438c9091fc23d88150ac98468f.jpg,2,attentive,1.4810656092536747,24.911286515454684,-0.015546742811174278,-0.005999144144477443,0.0334753218348451,0,0,-0.0033250600188323154,attentive,attentive,relaxed,attentive,uncomfortable,relaxed
132,/home/glyc/Documents/PyProjects/catface/data/cat-emotions-3/train/attentive/00000037_000_png.rf.03f95b1d4d26ab508f28e034d907c628.jpg,3,attentive,1.2616548447777711,39.41202396327176,-0.03643704814601244,-0.02802194316353771,0.04434021354824261,0,3,0.005972006189195633,attentive,attentive,attentive,attentive,relaxed,uncomfortable
133,/home/glyc/Documents/PyProjects/catface/data/cat-emotions-3/train/attentive/00000037_001_png.rf.07ac01ee6e48aec646d1c4dcf3cd37b3.jpg,0,attentive,1.2864440848295844,38.02141797670445,0.05320751876415683,0.06083940422701919,0.06805006942113741,0,2,-0.0033085202995232765,uncomfortable,uncomfortable,uncomfortable,uncomfortable,relaxed,attentive
134,/home/glyc/Documents/PyProjects/catface/data/cat-emotions-3/train/attentive/00000037_003_png.rf.26064d6965d8eb15708c01e0eedb21b2.jpg,4,attentive,1.349451825018102,34.27290985411736,-6.249483115783498e-05,-0.006156435205983216,9.170710849560075e-05,0,1,0.002843517914408983,uncomfortable,uncomfortable,uncomfortable,relaxed,relaxed,uncomfortable
135,/home/glyc/Documents/PyProjects/catface/data/cat-emotions-3/train/attentive/00000037_004_png.rf.cb29c1770e705021b16bda5c02e4ad53.jpg,3,attentive,1.4449995340439468,27.76382613633254,0.018117157481006018,0.032131848578950885,0.034414895835809194,0,0,-0.0036441185394082143,attentive,uncomfortable,uncomfortable,relaxed,uncomfortable,attentive
136,/home/glyc/Documents/PyProjects/catface/data/cat-emotions-3/train/attentive/00000037_005_png.rf.8cbe79ab4c1eff516fc84cb2225693f7.jpg,0,attentive,1.3018851847818644,37.13301350347903,0.001085509212594691,-0.011331667712864856,0.001433582798761719,0,2,0.0031723509355151835,relaxed,attentive,attentive,attentive,relaxed,relaxed
137,/home/glyc/Documents/PyProjects/catface/data/cat-emotions-3/train/attentive/00000037_006_png.rf.8b2160546e8cbd1e6b5f06fae3fa9c34.jpg,2,attentive,1.4309972123945196,28.800717965080555,0.02422918315091096,0.0617063121828552,0.04407141238277854,0,0,-0.010586183655988513,relaxed,relaxed,uncomfortable,relaxed,uncomfortable,relaxed
138,/home/glyc/Documents/PyProjects/catface/data/cat-emotions-3/train/attentive/00000037_023_png.rf.76593f5eb29d5e7293dde381013a2914.jpg,4,attentive,1.232948850299468,40.972738825325,0.050479589250812015,0.056878360636752265,0.05812595752338378,0,3,-0.007579996390256638,relaxed,relaxed,relaxed,relaxed,relaxed,attentive
139,/home/glyc/Documents/PyProjects/catface/data/cat-emotions-3/train/attentive/00000038_000_png.rf.b453f174695541fd7212e66d020bd8b8.jpg,4,attentive,1.3883555604369653,31.767860646212277,-0.055252160104883485,-0.018196496236615716,0.08922432585800416,0,1,0.012346334486528665,attentive,relaxed,relaxed,relaxed,attentive,relaxed
140,/home/glyc/Documents/PyProjects/catface/data/cat-emotions-3/train/attentive/00000038_010_png.rf.d8c37acf55782edf15f62ed2779d92b3.jpg,2,attentive,1.1866539438531443,43.39188272630154,-0.010069521197144538,-0.007196543752045662,0.010651242409520898,0,3,0.0020629946347072714,attentive,attentive,attentive,attentive,relaxed,uncomfortable
141,/home/glyc/Documents/PyProjects/catface/data/cat-emotions-3/train/attentive/00000038_015_png.rf.218ff06c38aa65e01ec921cd8d8ecd52.jpg,3,attentive,1.2913708361146918,37.73989333426841,-0.016074503024024,-0.016678687516344437,0.020768075105113148,0,2,0.0051245729135187545,attentive,attentive,attentive,attentive,relaxed,uncomfortable
142,/home/glyc/Documents/PyProjects/catface/data/cat-emotions-3/train/attentive/00000038_020_png.rf.bc5eb7a19ae7d5d8e1eee9175b49afbc.jpg,2,attentive,1.2416332512988406,40.50584417758835,0.1890213743701851,0.1442215095021169,0.2212698884010183,0,3,-0.021067863181619795,attentive,attentive,attentive,attentive,relaxed,attentive
143,/home/glyc/Documents/PyProjects/catface/data/cat-emotions-3/train/attentive/00000039_013_png.rf.aaebd4ab6b3ddf8ce9739bfde281a908.jpg,2,attentive,1.2680096594400296,39.05951422856256,0.05236083578966272,0.04667506905435787,0.06452309446239554,0,2,-0.0044441369059369795,attentive,attentive,attentive,attentive,relaxed,relaxed
144,/home/glyc/Documents/PyProjects/catface/data/cat-emotions-3/train/attentive/00000040_018_png.rf.d15d07557b9b9d899f7fce977f855649.jpg,3,attentive,1.4087254088965664,30.383195898630134,-0.025135948143594038,-0.034170754798160154,0.0428719899193944,0,1,0.005867679059162301,uncomfortable,relaxed,uncomfortable,relaxed,attentive,attentive
145,/home/glyc/Documents/PyProjects/catface/data/cat-emotions-3/train/attentive/00000040_022_png.rf.628faeaca83724362373bc583186c146.jpg,4,attentive,1.3396055155305633,34.88165202496887,-0.06344509508377419,-0.037689359114634946,0.09100850495378031,0,1,0.013119230172852298,uncomfortable,attentive,attentive,attentive,relaxed,relaxed
146,/home/glyc/Documents/PyProjects/catface/data/cat-emotions-3/train/attentive/00000040_025_png.rf.4ba4ad484b638f8855890ff2e28b78b6.jpg,4,attentive,1.2868657656809215,37.997391634875896,-0.1347905955986307,-0.11118983864990156,0.17254028492902226,0,2,0.015684584039784705,uncomfortable,attentive,attentive,attentive,relaxed,relaxed
147,/home/glyc/Documents/PyProjects/catface/data/cat-emotions-3/train/attentive/00000040_028_png.rf.b3b097c7bc2acd5eb50337700d794db3.jpg,1,attentive,1.279365765741626,38.42282008626621,-0.01829101135264743,-0.02454351165220123,0.023058640642197658,0,2,0.002602020355201018,attentive,attentive,attentive,attentive,relaxed,attentive
148,/home/glyc/Documents/PyProjects/catface/data/cat-emotions-3/train/attentive/00000040_029_png.rf.d95a2df9c816301501c038aade147427.jpg,3,attentive,1.3627453703819543,33.43564650756419,-0.01472410243459632,-0.012018306752015814,0.02230007188986242,0,1,0.003343816233762009,attentive,attentive,attentive,attentive,attentive,relaxed
149,/home/glyc/Documents/PyProjects/catface/data/cat-emotions-3/train/attentive/00000041_007_png.rf.8372a9e37ff2aac7e4af68031517c682.jpg,0,attentive,1.1609702109843407,44.68822280364451,-0.0760531997542409,-0.04833335224691429,0.07688542942394573,0,3,0.002039790166820432,attentive,attentive,attentive,attentive,relaxed,uncomfortable
150,/home/glyc/Documents/PyProjects/catface/data/cat-emotions-3/train/attentive/00000042_009_png.rf.0cb36a80d655e5f0adac51dec6384dcf.jpg,4,attentive,1.3437940583569796,34.62384313239122,-0.009357746979189206,-0.017012238544809214,0.01355275688726647,0,1,0.0027860787405304677,attentive,attentive,attentive,attentive,relaxed,attentive
151,/home/glyc/Documents/PyProjects/catface/data/cat-emotions-3/train/attentive/00000043_013_png.rf.d3dbdb95fe0690c7bf6956f40238a738.jpg,1,attentive,1.5550172406473235,17.77796940201426,-0.06476588175388741,-0.06847548110777768,0.20198890688624122,0,0,0.017971967089906393,attentive,attentive,attentive,attentive,uncomfortable,relaxed
152,/home/glyc/Documents/PyProjects/catface/data/cat-emotions-3/train/attentive/00000043_021_png.rf.73f3e7b0bbe807ebe1cbb103a6732cf4.jpg,3,attentive,1.1687392795374398,44.29927332758282,-0.0011207743754058374,-0.0070584087481508845,0.0011485293151868355,0,3,0.004274690456899294,uncomfortable,uncomfortable,uncomfortable,uncomfortable,relaxed,relaxed
153,/home/glyc/Documents/PyProjects/catface/data/cat-emotions-3/train/attentive/00000043_025_png.rf.6f263f3b554b3f6257c9a9813909ae3d.jpg,1,attentive,1.4336688383913212,28.60554210254794,0.017509133222641464,0.024584537700086857,0.03210663234516522,0,0,-0.0029525454631920967,relaxed,attentive,relaxed,relaxed,uncomfortable,uncomfortable
154,/home/glyc/Documents/PyProjects/catface/data/cat-emotions-3/train/attentive/00000045_002_png.rf.f09df0f36d1e970ccba96f64e5510503.jpg,3,attentive,1.2979092956945075,37.36348785730691,-0.08209599638528088,-0.07923031437720289,0.10751903896990522,0,2,0.013914741651167656,attentive,relaxed,relaxed,attentive,relaxed,uncomfortable
155,/home/glyc/Documents/PyProjects/catface/data/cat-emotions-3/train/attentive/00000045_007_png.rf.668ad70df4ba517dc76766075045c80a.jpg,4,attentive,2.379759891203225,0.0,0.006957233325878508,0.023931068380712257,,1,0,-0.007606208075024518,attentive,uncomfortable,uncomfortable,uncomfortable,uncomfortable,uncomfortable
156,/home/glyc/Documents/PyProjects/catface/data/cat-emotions-3/train/attentive/00000045_029_png.rf.d9bb235661eb9b9b3519c11a588d571a.jpg,0,attentive,2.133676094982645,0.0,0.03059997253253896,0.0362362057976254,,1,0,-0.0063031818285528285,attentive,uncomfortable,uncomfortable,uncomfortable,uncomfortable,attentive
157,/home/glyc/Documents/PyProjects/catface/data/cat-emotions-3/train/attentive/00000046_014_png.rf.b6159f82b33d173c8e7c838117e55d1a.jpg,4,attentive,1.278276579898422,38.484271581767075,-0.06817654003730453,-0.04574772097320858,0.08575796880778726,0,2,0.005041551854105292,attentive,attentive,attentive,attentive,relaxed,attentive
158,/home/glyc/Documents/PyProjects/catface/data/cat-emotions-3/train/attentive/00000046_016_png.rf.b0786402ed19d78c18c7b84499eea33c.jpg,0,attentive,1.3497009167361216,34.257387064178545,0.006151518959155851,0.0006807975255743767,0.009032212275211565,0,1,-0.0014605866966439784,attentive,attentive,attentive,attentive,relaxed,uncomfortable
159,/home/glyc/Documents/PyProjects/catface/data/cat-emotions-3/train/attentive/00000046_021_png.rf.6675d83ce9237fc092031a6cecc13232.jpg,4,attentive,1.1381547345101555,45.81538969787115,0.08593485024365,0.054448134758683646,0.08352309164600644,0,3,-0.0077883386616755534,attentive,attentive,relaxed,attentive,relaxed,uncomfortable
160,/home/glyc/Documents/PyProjects/catface/data/cat-emotions-3/train/attentive/00000046_023_png.rf.9d0905231fd601f865b0f8e94b35862c.jpg,3,attentive,1.3305742909558305,35.431954533715846,-0.006170722668401373,-0.013406261375494659,0.0086728026161941,0,2,0.0019035043932243145,attentive,attentive,attentive,attentive,relaxed,attentive
161,/home/glyc/Documents/PyProjects/catface/data/cat-emotions-3/train/attentive/00000047_017_png.rf.45cf2488160c6fc9431dcda32439aba1.jpg,2,attentive,1.071216150247962,49.005901280780655,0.06948758924568631,0.0027036238024686333,0.06039207564805496,0,3,-0.003421726300058714,attentive,attentive,attentive,attentive,relaxed,relaxed
162,/home/glyc/Documents/PyProjects/catface/data/cat-emotions-3/train/attentive/00000048_001_png.rf.6a546f544bb04b72ca65729a8a78c47e.jpg,3,attentive,1.2995649542507786,37.26766070727486,0.025793577719972316,0.03736800733563935,0.0338985851938437,0,2,-0.004239574456251727,attentive,attentive,attentive,attentive,relaxed,relaxed
163,/home/glyc/Documents/PyProjects/catface/data/cat-emotions-3/train/attentive/00000048_004_png.rf.2910696b459e3279fb34820c30f086f6.jpg,3,attentive,1.3331886390617214,35.27342281262136,0.004043565852492857,0.001596368534213698,0.005716553595455623,0,1,-0.0010041400556161928,relaxed,attentive,relaxed,attentive,relaxed,relaxed
164,/home/glyc/Documents/PyProjects/catface/data/cat-emotions-3/train/attentive/00000048_018_png.rf.cbb6cac72420558802d0bde8154837e4.jpg,2,attentive,1.4460618405089158,27.68370659089743,0.023861432668585147,0.034829769144149376,0.045480752134753576,0,0,-0.0057195041877021735,attentive,uncomfortable,uncomfortable,attentive,uncomfortable,relaxed
165,/home/glyc/Documents/PyProjects/catface/data/cat-emotions-3/train/attentive/00000049_004_png.rf.cfabb04f328faf18017fafa63de6db9f.jpg,2,attentive,1.2340887250562276,40.911707117438304,-0.020136996306113666,-0.018226235208192824,0.023237188581835242,0,3,0.003100914142612571,attentive,attentive,attentive,attentive,relaxed,attentive
166,/home/glyc/Documents/PyProjects/catface/data/cat-emotions-3/train/attentive/00000049_005_png.rf.f2af0f53335a4f699888a4539d93886a.jpg,1,attentive,1.327946511243561,35.59068189042377,-0.03905561898125382,-0.03343169300879427,0.05457105948596484,0,2,0.004209335946232656,uncomfortable,attentive,attentive,relaxed,relaxed,attentive
167,/home/glyc/Documents/PyProjects/catface/data/cat-emotions-3/train/attentive/00000049_010_png.rf.e5acb96e5117f7ce2acfcffcaf0b94b0.jpg,3,attentive,1.0800603748515385,48.59347879043958,0.11197101482115852,0.05882156224794727,0.09873838031661843,0,3,-0.012705444255861703,relaxed,relaxed,attentive,relaxed,relaxed,relaxed
168,/home/glyc/Documents/PyProjects/catface/data/cat-emotions-3/train/attentive/00000049_011_png.rf.40ab99684c6586651266fa7cd712a9ec.jpg,2,attentive,1.2070793899656218,42.33839345393,0.02533265959055873,0.013706261391535288,0.02780277958718109,0,3,-0.003774056864926739,relaxed,attentive,attentive,attentive,relaxed,uncomfortable
169,/home/glyc/Documents/PyProjects/catface/data/cat-emotions-3/train/attentive/00000049_017_png.rf.11bc03d9514e5ba1814fca49a6188acc.jpg,1,attentive,1.2966897887148305,37.43393713503772,0.10168762927138457,0.08044204059143169,0.13283875455133845,0,2,-0.017882499357847942,attentive,attentive,attentive,attentive,relaxed,uncomfortable
170,/home/glyc/Documents/PyProjects/catface/data/cat-emotions-3/train/attentive/00000049_027_png.rf.200ea0a634359bdc9975e8226c414776.jpg,1,attentive,1.2529198383517688,39.89230512980732,-0.0765508117386308,-0.04534770297861212,0.09157873400701375,0,3,0.016583895544106053,attentive,attentive,attentive,attentive,relaxed,attentive
171,/home/glyc/Documents/PyProjects/catface/data/cat-emotions-3/train/attentive/00000050_007_png.rf.52017ccb54720fd1ba2d7b100a41d679.jpg,2,attentive,1.821131983138442,0.0,-0.042584824516671484,-0.03945065356781661,,1,0,0.006827949474960945,attentive,attentive,uncomfortable,attentive,uncomfortable,attentive
172,/home/glyc/Documents/PyProjects/catface/data/cat-emotions-3/train/attentive/00000050_009_png.rf.654ca65893a73de669f09c4526ad1817.jpg,1,attentive,1.3418136651096317,34.74594669317954,0.02738186429661136,0.01645974129628132,0.039476757064125394,0,1,-0.0021977348086170134,relaxed,relaxed,relaxed,relaxed,relaxed,relaxed
173,/home/glyc/Documents/PyProjects/catface/data/cat-emotions-3/train/attentive/00000050_010_png.rf.390517741646db5e35a244a9e8c665e8.jpg,0,attentive,1.4518520884413586,27.243190028461104,-0.004792567649976205,0.0017732842653016435,0.009308062786681517,0,0,-0.0008661390713631256,relaxed,relaxed,relaxed,attentive,uncomfortable,attentive
174,/home/glyc/Documents/PyProjects/catface/data/cat-emotions-3/train/attentive/00000050_028_png.rf.a76ce81dacd4eae08b183807dc200fba.jpg,4,attentive,1.399269531902075,31.032885964198115,0.05291723848689054,0.04679966983460409,0.08795468328182109,0,1,-0.00930450883346809,attentive,attentive,attentive,attentive,attentive,uncomfortable
175,/home/glyc/Documents/PyProjects/catface/data/cat-emotions-3/train/attentive/00000051_002_png.rf.d5daa32df1c0f4fe63af3c9c8836552c.jpg,3,attentive,1.295140283427787,37.52328708443975,0.043888460163918626,0.02048743614167453,0.05714844671433964,0,2,-0.007781702088206638,attentive,attentive,attentive,attentive,relaxed,attentive
176,/home/glyc/Documents/PyProjects/catface/data/cat-emotions-3/train/attentive/00000051_005_png.rf.8a11285f0a77417b28058c135b206564.jpg,4,attentive,1.3392188651002093,34.9053668124983,0.02643465056788814,0.01621079408758362,0.03788561991618967,0,1,-0.0009100904317030645,relaxed,attentive,relaxed,attentive,relaxed,attentive
177,/home/glyc/Documents/PyProjects/catface/data/cat-emotions-3/train/attentive/00000051_012_png.rf.896a6d25f5480107eeb9b476a47d47d0.jpg,3,attentive,1.3793818028439873,32.360954239707866,-0.03996438276030634,-0.054681062594292576,0.06306875093294423,0,1,0.011735608978731382,attentive,attentive,attentive,attentive,attentive,uncomfortable
178,/home/glyc/Documents/PyProjects/catface/data/cat-emotions-3/train/attentive/00000051_019_png.rf.4ad6627459f132cc3feafb3c8ce79302.jpg,1,attentive,1.209705011589914,42.2014324779726,-0.00778884095494904,-0.02057287084316919,0.008589463205417607,0,3,0.0021378962495870457,relaxed,attentive,attentive,attentive,relaxed,relaxed
179,/home/glyc/Documents/PyProjects/catface/data/cat-emotions-3/train/attentive/00000051_021_png.rf.0c4b5ee7eedffe77877dc29df38a15c7.jpg,4,attentive,1.2790270633928558,38.44193845225469,0.05717205216921411,0.04668041058399375,0.07202481426353151,0,2,-0.0076946181274539505,relaxed,uncomfortable,relaxed,uncomfortable,relaxed,uncomfortable
180,/home/glyc/Documents/PyProjects/catface/data/cat-emotions-3/train/attentive/00000052_013_png.rf.35a4b2eb51ed36c651d6f0d3a9ce7444.jpg,0,attentive,1.3176833804438193,36.20482411738484,0.05223465554344537,0.048849854703979984,0.07135699932750982,0,2,-0.010181413246943827,attentive,attentive,attentive,attentive,relaxed,relaxed
181,/home/glyc/Documents/PyProjects/catface/data/cat-emotions-3/train/attentive/00000052_026_png.rf.ba57e7d77913888353348e1ae37559a4.jpg,1,attentive,1.2234930571297622,41.47617446526279,0.03529151732311239,0.052240804298279916,0.03992324385033809,0,3,-0.004683263561063772,uncomfortable,uncomfortable,uncomfortable,uncomfortable,relaxed,uncomfortable
182,/home/glyc/Documents/PyProjects/catface/data/cat-emotions-3/train/attentive/00000053_006_png.rf.3d17553d6d5c6b33c167a20555641482.jpg,4,attentive,1.3118378318305774,36.550628614422536,-0.003191514031170182,-0.017936806107873706,0.004305122504977499,0,2,-0.0014218422120989005,attentive,attentive,attentive,attentive,relaxed,attentive
183,/home/glyc/Documents/PyProjects/catface/data/cat-emotions-3/train/attentive/00000053_011_png.rf.3fd8e78c4c48c25329df026f18cc8ae9.jpg,2,attentive,1.300609233506805,37.20711085977233,-0.027307874211435032,-0.02605940249954759,0.03596752561774022,0,2,0.005021068597495487,attentive,attentive,attentive,attentive,relaxed,uncomfortable
184,/home/glyc/Documents/PyProjects/catface/data/cat-emotions-3/train/attentive/00000053_027_png.rf.b8ca9f200dc09495f864032f1102a887.jpg,0,attentive,1.4022969402114693,30.826224847306893,0.012377202466758353,0.020656992486837413,0.02074135959221788,0,1,-0.0020932381897328933,relaxed,uncomfortable,relaxed,uncomfortable,attentive,relaxed
185,/home/glyc/Documents/PyProjects/catface/data/cat-emotions-3/train/attentive/00000054_015_png.rf.81fb1ee6c03791e412bd086b74237ca6.jpg,1,attentive,1.8368359268860224,0.0,-0.19660629516431197,-0.18502597715461905,,1,0,0.05544548839217088,attentive,uncomfortable,attentive,attentive,uncomfortable,attentive
186,/home/glyc/Documents/PyProjects/catface/data/cat-emotions-3/train/attentive/00000054_028_png.rf.4033ea83cfa31ce0df3c98b757ee9c57.jpg,1,attentive,1.5463053786101932,18.753235570184003,0.1532379377010533,0.13758746935000082,0.45134066931484185,0,0,-0.027334095429335153,attentive,uncomfortable,relaxed,attentive,uncomfortable,relaxed
187,/home/glyc/Documents/PyProjects/catface/data/cat-emotions-3/train/attentive/00000055_003_png.rf.e450de58e067729630a4eb3666f4260b.jpg,3,attentive,1.4275256386929556,29.05254206853797,0.017689182904859567,0.008383077699731139,0.03184322867213943,0,0,-0.004603169263012186,attentive,uncomfortable,relaxed,attentive,uncomfortable,attentive
188,/home/glyc/Documents/PyProjects/catface/data/cat-emotions-3/train/attentive/00000055_006_png.rf.9ab119418b2d3957cf904bace06f5d0f.jpg,0,attentive,1.3599165081353652,33.615354571914544,-0.035491140448653744,-0.026040397302751588,0.05338741549270071,0,1,0.010074333408629704,uncomfortable,uncomfortable,uncomfortable,uncomfortable,relaxed,uncomfortable
189,/home/glyc/Documents/PyProjects/catface/data/cat-emotions-3/train/attentive/00000056_010_png.rf.98ac438712e259984b52856489e74246.jpg,3,attentive,1.3877241213355254,31.809916856606417,-0.010527075479078088,-0.01531333427181104,0.01697187484852202,0,1,0.0018078252033914555,attentive,attentive,attentive,attentive,attentive,uncomfortable
190,/home/glyc/Documents/PyProjects/catface/data/cat-emotions-3/train/attentive/00000056_016_png.rf.a1ba8e12caf0ac595c95ca26942873d9.jpg,2,attentive,1.2946935025348558,37.54901636004988,0.022046614729477304,0.020027604153496477,0.028680870426035936,0,2,0.003730922836848699,attentive,uncomfortable,uncomfortable,uncomfortable,relaxed,uncomfortable
191,/home/glyc/Documents/PyProjects/catface/data/cat-emotions-3/train/attentive/00000057_001_png.rf.dc14f582f4ad3a30b22b757c1d1605cd.jpg,2,attentive,1.34220623199094,34.7217723514825,0.0020466312447878525,0.015290855189587067,0.0029533124191427713,0,1,-0.0014068791562685534,attentive,attentive,attentive,attentive,relaxed,attentive
192,/home/glyc/Documents/PyProjects/catface/data/cat-emotions-3/train/attentive/00000058_010_png.rf.3888cae4df63170d0cc5151d95ac56e9.jpg,4,attentive,1.4706646398195473,25.764032599481904,-0.09951307962068448,-0.07704888440156703,0.2061829029978535,0,0,0.020921554607101794,attentive,attentive,attentive,attentive,uncomfortable,attentive
193,/home/glyc/Documents/PyProjects/catface/data/cat-emotions-3/train/attentive/00000058_011_png.rf.577987e2a947d0d5eecccf09107becf3.jpg,0,attentive,1.4079094756040802,30.439749980991827,0.11570277737822116,0.0984709902671881,0.19689750746122142,0,1,-0.017107729707199315,attentive,uncomfortable,uncomfortable,attentive,uncomfortable,attentive
194,/home/glyc/Documents/PyProjects/catface/data/cat-emotions-3/train/attentive/00000058_014_png.rf.f01ffa5ccb0dfd7f93e121d079efed09.jpg,4,attentive,1.150698421957889,45.19841002658375,-0.010460717671219909,-0.02454590970413675,0.010388518391411462,0,3,0.0025384865680515567,attentive,attentive,attentive,attentive,relaxed,attentive
195,/home/glyc/Documents/PyProjects/catface/data/cat-emotions-3/train/attentive/00000058_017_png.rf.905e75d11ca9353e920443f12a8cbeae.jpg,0,attentive,1.3395247838771378,34.88660477667203,-0.013545663228470057,-0.006506444514180073,0.019426930297310026,0,1,-1.449891375396306e-05,attentive,attentive,attentive,attentive,relaxed,relaxed
196,/home/glyc/Documents/PyProjects/catface/data/cat-emotions-3/train/attentive/00000058_018_png.rf.5bc58efd1e9451a838f836be14c084ee.jpg,0,attentive,1.295962668839517,37.47588806782023,-0.026022166544600316,-0.019584555534796648,0.03394231398861221,0,2,0.004118219648174409,attentive,attentive,attentive,attentive,relaxed,relaxed
197,/home/glyc/Documents/PyProjects/catface/data/cat-emotions-3/train/attentive/00000058_022_png.rf.c8f8b61c395c4547ff01bd9bb139579d.jpg,2,attentive,1.4068770692000054,30.511172430382,-0.03042504064083956,-0.015887874213720503,0.051628445721863446,0,1,0.0028198438527833047,attentive,attentive,attentive,attentive,attentive,uncomfortable
198,/home/glyc/Documents/PyProjects/catface/data/cat-emotions-3/train/attentive/00000058_024_png.rf.61f8b5dab9941dec6c0fe731544b9ec7.jpg,0,attentive,1.3427739726225798,34.68678471839686,-0.044062159316897595,-0.057568692429396204,0.06366520921164444,0,1,0.00932032420482376,attentive,attentive,attentive,attentive,relaxed,relaxed
199,/home/glyc/Documents/PyProjects/catface/data/cat-emotions-3/train/attentive/00000059_006_png.rf.2f1d6ac85c6ae7b0ded33fc48290ea2c.jpg,1,attentive,1.2922449844710042,37.68975601386363,0.04635428025084917,0.039471792025989653,0.05999759724069176,0,2,-0.005474158052483802,attentive,attentive,attentive,attentive,relaxed,relaxed
200,/home/glyc/Documents/PyProjects/catface/data/cat-emotions-3/train/attentive/00000059_015_png.rf.45103f567d61723c6a8287e73724056a.jpg,1,attentive,1.2404616695714183,40.56909014995445,-0.0013295326439102903,-0.0032580292260828386,0.0015528870256227175,0,3,0.0009943842221336319,relaxed,relaxed,relaxed,relaxed,relaxed,relaxed
201,/home/glyc/Documents/PyProjects/catface/data/cat-emotions-3/train/attentive/00000059_021_png.rf.0c04b0aa0fbc225c10b25b0cfa61181b.jpg,4,attentive,1.2081654280184302,42.281785838297495,-0.02550831848689128,-0.018664282369255394,0.028051185091121145,0,3,0.004650064958444472,uncomfortable,uncomfortable,uncomfortable,uncomfortable,relaxed,relaxed
202,/home/glyc/Documents/PyProjects/catface/data/cat-emotions-3/train/attentive/00000059_022_png.rf.7293925d5ca2d54f1d34d6d9dce06442.jpg,1,attentive,1.3386999936182404,34.937169148149366,-0.046798261558934844,-0.031861288893104404,0.0669910789513739,0,1,0.011088652541003219,relaxed,uncomfortable,relaxed,attentive,relaxed,attentive
203,/home/glyc/Documents/PyProjects/catface/data/cat-emotions-3/train/attentive/00000059_023_png.rf.6c57c6d110b0d875c59fc2ad5bba838c.jpg,2,attentive,1.4160769571491958,29.869277556693056,0.0320168552188439,0.0257945087237858,0.05574817025483092,0,1,-0.0024578401609628986,uncomfortable,uncomfortable,relaxed,relaxed,uncomfortable,attentive
204,/home/glyc/Documents/PyProjects/catface/data/cat-emotions-3/train/attentive/00000059_025_png.rf.29b9faa34fb6aab508d455104824beee.jpg,2,attentive,1.3228717571375883,35.89549021604479,-0.03639740812076497,-0.034249343358333004,0.05028938030857279,0,2,0.0069763641378600555,uncomfortable,attentive,uncomfortable,uncomfortable,relaxed,attentive
205,/home/glyc/Documents/PyProjects/catface/data/cat-emotions-3/train/attentive/00000059_027_png.rf.b029b0d613f862bf2d0d08d8e305be9a.jpg,2,attentive,1.6916447594699602,0.0,0.001916800194810958,0.0012713808349780204,,1,0,-0.000983039165012578,attentive,uncomfortable,uncomfortable,uncomfortable,uncomfortable,attentive
206,/home/glyc/Documents/PyProjects/catface/data/cat-emotions-3/train/attentive/00000060_007_png.rf.c404cceb0a736a976dff8e73b8d72c3d.jpg,4,attentive,1.142322738248532,45.61110269393158,-0.18352584408122125,-0.1286588652759228,0.17965213023089568,0,3,0.022319305138333634,uncomfortable,attentive,attentive,attentive,relaxed,relaxed
207,/home/glyc/Documents/PyProjects/catface/data/cat-emotions-3/train/attentive/00000060_008_png.rf.61f43c3517e7117363a7e157297a3d5e.jpg,3,attentive,1.2685963003534735,39.02683786697078,-0.12890131955864195,-0.12363702716746866,0.1590275070158956,0,2,0.02315900839650517,uncomfortable,relaxed,attentive,relaxed,relaxed,uncomfortable
208,/home/glyc/Documents/PyProjects/catface/data/cat-emotions-3/train/attentive/00000060_026_png.rf.a7228b77567a667b4ce55999e6e49a65.jpg,4,attentive,1.6661191120510803,0.0,0.017594685788646553,0.024617982608780828,,1,0,-0.0036349506671382037,attentive,uncomfortable,uncomfortable,uncomfortable,uncomfortable,uncomfortable
209,/home/glyc/Documents/PyProjects/catface/data/cat-emotions-3/train/attentive/00000060_029_png.rf.9c3e613f44fb2a4f6a5a66a56f0eca5d.jpg,3,attentive,1.1189166845096112,46.74931499674582,0.037046666645281966,0.04228879863054236,0.034850858941681155,0,3,-0.0022225702449445994,attentive,attentive,attentive,attentive,relaxed,attentive
210,/home/glyc/Documents/PyProjects/catface/data/cat-emotions-3/train/attentive/00000061_018_png.rf.1f55007b9de5c012f8e3b06e9b4ff782.jpg,4,attentive,1.2319490272067883,41.026210257852256,0.014482537220989675,0.01576654356306455,0.016644868929843477,0,3,-0.00013189930956045148,relaxed,relaxed,relaxed,relaxed,relaxed,attentive
211,/home/glyc/Documents/PyProjects/catface/data/cat-emotions-3/train/attentive/00000061_023_png.rf.8933b9c1cfca1990209b2bd096e9f32b.jpg,4,attentive,1.1638079705760942,44.54646478782182,-0.01183348071824066,0.012481048088353333,0.012022319608918619,0,3,0.008182534986883094,uncomfortable,relaxed,relaxed,uncomfortable,relaxed,attentive
212,/home/glyc/Documents/PyProjects/catface/data/cat-emotions-3/train/attentive/00000062_014_png.rf.e942c6feab328d28120ae4aa979a719e.jpg,2,attentive,1.4028083129100657,30.791193448395163,-0.0076775637242545375,-0.010393610762441408,0.012883734971733929,0,1,-0.0006078661947495623,attentive,attentive,attentive,attentive,attentive,relaxed
213,/home/glyc/Documents/PyProjects/catface/data/cat-emotions-3/train/attentive/00000062_028_png.rf.29fad65a7bff54e1e9c0f1a1e9b78413.jpg,3,attentive,1.3828139425316395,32.13527207225796,-0.0021135931144158487,0.004690712606314116,0.0033647528940678947,0,1,-0.00034492488228135554,attentive,uncomfortable,relaxed,attentive,attentive,uncomfortable
214,/home/glyc/Documents/PyProjects/catface/data/cat-emotions-3/train/attentive/00000062_029_png.rf.533400c55329173c4be27907c2ab9491.jpg,3,attentive,1.44491887581308,27.769900716780676,-0.008490816640628304,-0.004725237912428568,0.01612479366781121,0,0,0.003674093935099737,relaxed,attentive,relaxed,relaxed,uncomfortable,attentive
215,/home/glyc/Documents/PyProjects/catface/data/cat-emotions-3/train/attentive/00000063_003_png.rf.e89058522985b2f5a82de185df7a68de.jpg,3,attentive,1.5464384991674822,18.738701979248813,-0.03720972117338313,-0.02519183912606479,0.1096873580816871,0,0,0.0068447643595213326,attentive,attentive,attentive,attentive,uncomfortable,attentive
216,/home/glyc/Documents/PyProjects/catface/data/cat-emotions-3/train/attentive/00000063_004_png.rf.7ca2148b9d0e01c678f6fbb7fab77509.jpg,2,attentive,1.4745956330030952,25.444879256904297,0.004880678274522612,0.00039889423504009953,0.010257940012822113,0,0,0.0025441948578520945,attentive,attentive,attentive,attentive,uncomfortable,relaxed
217,/home/glyc/Documents/PyProjects/catface/data/cat-emotions-3/train/attentive/00000063_012_png.rf.f128d82c57fbd539f9c1065db4a40791.jpg,1,attentive,1.260221769013263,39.49115396301567,-0.07260478512287898,-0.062004939346446096,0.08810435828125496,0,3,0.01124946772550206,relaxed,attentive,attentive,attentive,relaxed,uncomfortable
218,/home/glyc/Documents/PyProjects/catface/data/cat-emotions-3/train/attentive/00000063_018_png.rf.f59b33e6d514b11a15b4bf8ad0c67b05.jpg,4,attentive,1.2506097633332192,40.01851658003318,-0.0033059911676044575,0.007013309253657638,0.003937341987538948,0,3,0.0002661599199634268,attentive,attentive,attentive,attentive,relaxed,relaxed
219,/home/glyc/Documents/PyProjects/catface/data/cat-emotions-3/train/attentive/00000063_027_png.rf.8b6bb53e8b6606072015629fc90b9c50.jpg,4,attentive,1.2336655469918423,40.93437386350949,-0.019564780296039776,-0.024643168330472358,0.022558838558932433,0,3,0.003905216823020752,attentive,attentive,attentive,attentive,relaxed,attentive
220,/home/glyc/Documents/PyProjects/catface/data/cat-emotions-3/train/attentive/00000064_000_png.rf.2adb1685f614e2d3750ea092f9f4b831.jpg,2,attentive,1.2148800679757885,41.93042128971844,-0.031520287091413364,-0.043314952593952294,0.0350924321533842,0,3,0.008757625048314482,uncomfortable,relaxed,attentive,relaxed,relaxed,uncomfortable
221,/home/glyc/Documents/PyProjects/catface/data/cat-emotions-3/train/attentive/00000064_007_png.rf.54109f4d0c56d77732318aab641c78dd.jpg,2,attentive,1.2323639942133904,41.00402441939935,-0.027006924988055785,-0.045051211977832156,0.03106350636600026,0,3,0.003838020630202027,uncomfortable,attentive,attentive,relaxed,relaxed,attentive
222,/home/glyc/Documents/PyProjects/catface/data/cat-emotions-3/train/attentive/00000064_017_png.rf.99f4b2a791add8b9dd0acefc11857eb8.jpg,3,attentive,1.6128863445568147,9.001515335032295,-0.015087293667567192,-0.00881623253559366,0.09524112052937272,0,0,0.0036231512531473553,attentive,uncomfortable,relaxed,attentive,uncomfortable,attentive
223,/home/glyc/Documents/PyProjects/catface/data/cat-emotions-3/train/attentive/00000064_020_png.rf.f3df900175352b2c02906518a30aaddd.jpg,0,attentive,1.4702256978869237,25.799441350556467,0.0015777896791255791,-0.01035420896751963,0.0032638959271598204,0,0,-0.0009446656298044975,attentive,attentive,attentive,attentive,uncomfortable,attentive
224,/home/glyc/Documents/PyProjects/catface/data/cat-emotions-3/train/attentive/00000064_021_png.rf.2264e187d6c708099d219ae63c39d956.jpg,4,attentive,1.3346160825611666,35.186601706117784,0.08518430888489498,0.04825993583281507,0.12081642562087375,0,1,-0.014010761579331149,uncomfortable,uncomfortable,uncomfortable,relaxed,relaxed,relaxed
225,/home/glyc/Documents/PyProjects/catface/data/cat-emotions-3/train/attentive/00000065_009_png.rf.8a34022a4f9c2e6b943ab15342f18e0e.jpg,0,attentive,1.284314067781195,38.14258481303402,-0.00048376729151776893,-0.012769674098421972,0.0006160278089639361,0,2,0.004232434503172705,attentive,attentive,attentive,attentive,relaxed,uncomfortable
226,/home/glyc/Documents/PyProjects/catface/data/cat-emotions-3/train/attentive/00000066_004_png.rf.bc1faf1d21058db3d0f3b4282f65cfbd.jpg,0,attentive,1.2824617891559904,38.24768774399737,0.005903621835965111,0.026334460868020573,0.007489330241045445,0,2,0.0022796598708323124,uncomfortable,attentive,attentive,relaxed,relaxed,attentive
227,/home/glyc/Documents/PyProjects/catface/data/cat-emotions-3/train/attentive/00000066_005_png.rf.a78420afb6086546263d8044e9e29970.jpg,3,attentive,1.8109160167164695,0.0,-0.025631330412287073,-0.033986851193642094,,1,0,0.014022012824484953,attentive,attentive,attentive,attentive,uncomfortable,relaxed
228,/home/glyc/Documents/PyProjects/catface/data/cat-emotions-3/train/attentive/00000066_009_png.rf.8dfb89c5c8d36d7cb863464cfd2c4ac4.jpg,3,attentive,1.2262138982288142,41.33183019613784,0.004932248794935329,0.006515386348494443,0.005607974660265365,0,3,0.00014589300866030275,uncomfortable,attentive,attentive,attentive,relaxed,relaxed
229,/home/glyc/Documents/PyProjects/catface/data/cat-emotions-3/train/attentive/00000066_028_png.rf.49fdcfc882c92b91684c4b79ff836f75.jpg,0,attentive,1.2300792928087825,41.12605175527215,-0.17814768190678218,-0.14532093635367244,0.2040271771020093,0,3,0.026957485106037127,uncomfortable,attentive,attentive,attentive,relaxed,uncomfortable
230,/home/glyc/Documents/PyProjects/catface/data/cat-emotions-3/train/attentive/00000067_004_png.rf.7210709742b66b5454ad4b5da14a5ae9.jpg,3,attentive,1.315574841161526,36.32988584960071,0.012624783752057204,0.003571179707045212,0.017167784755997284,0,2,-0.0020484019520821684,attentive,attentive,relaxed,attentive,relaxed,uncomfortable
231,/home/glyc/Documents/PyProjects/catface/data/cat-emotions-3/train/attentive/00000067_011_png.rf.81041298c3cc0663a2526c9594d68465.jpg,3,attentive,1.2868707359275493,37.997108365505696,-0.04259085278196741,-0.030444734988301605,0.05451947690766414,0,2,0.007405374852087698,relaxed,attentive,attentive,attentive,relaxed,attentive
232,/home/glyc/Documents/PyProjects/catface/data/cat-emotions-3/train/attentive/00000067_012_png.rf.87572851cfb69fea1e8bdbe479fa286c.jpg,4,attentive,1.283380698500264,38.195577153807946,-0.007830289731879818,-0.007187040073333113,0.00995210402128716,0,2,0.001207572669523177,relaxed,relaxed,relaxed,relaxed,relaxed,uncomfortable
233,/home/glyc/Documents/PyProjects/catface/data/cat-emotions-3/train/attentive/00000067_025_png.rf.90325519381e3bf4a802cb0f0ac5117b.jpg,3,attentive,2.470787980935493,0.0,0.04678095714775432,0.03937264776880376,,1,0,-0.011096768681473745,attentive,uncomfortable,uncomfortable,uncomfortable,uncomfortable,attentive
234,/home/glyc/Documents/PyProjects/catface/data/cat-emotions-3/train/attentive/00000067_028_png.rf.0dbea0a02ce7f18b88cbbf90656117e5.jpg,4,attentive,1.6403429278940898,0.0,-0.15451997839995596,-0.15032396689427624,,1,0,0.035350589734078355,attentive,attentive,attentive,attentive,uncomfortable,uncomfortable
235,/home/glyc/Documents/PyProjects/catface/data/cat-emotions-3/train/attentive/00000068_011_png.rf.b9c0e91cad1c964e0e0cf47d209f560d.jpg,2,attentive,1.3408957305218707,34.80241597230919,-0.01543494436782367,-0.011142510462918465,0.022205976430410307,0,1,0.0014793487555821994,attentive,attentive,attentive,uncomfortable,relaxed,attentive
236,/home/glyc/Documents/PyProjects/catface/data/cat-emotions-3/train/attentive/00000068_027_png.rf.1d81944594a94efd5e9854061ded3175.jpg,2,attentive,1.2530581721096297,39.8847366845469,0.08147032180898094,0.05959352839419754,0.0974901757940101,0,3,-0.011864949317989898,uncomfortable,attentive,attentive,attentive,relaxed,relaxed
237,/home/glyc/Documents/PyProjects/catface/data/cat-emotions-3/train/attentive/00000068_028_png.rf.ed552241b74ea43d9f78c946887b49f0.jpg,4,attentive,1.2118532828070832,42.08910255373967,-0.1267764143951274,-0.07910510518334028,0.14035989527358225,0,3,0.018849049853908423,attentive,attentive,attentive,attentive,relaxed,attentive
238,/home/glyc/Documents/PyProjects/catface/data/cat-emotions-3/train/attentive/00000069_004_png.rf.53ffa17902a511c9cde65ee0b222343c.jpg,0,attentive,1.399591576118514,31.010961110716433,-0.10400035126713565,-0.10792973992210034,0.17301067001446666,0,1,0.016536271983655815,attentive,relaxed,attentive,attentive,attentive,uncomfortable
239,/home/glyc/Documents/PyProjects/catface/data/cat-emotions-3/train/attentive/00000069_009_png.rf.842f0da03d22c05bbebbdec543c9f9c1.jpg,2,attentive,1.2454361001256227,40.299987506735505,-0.017828732939228875,-0.01088793122791007,0.02102292957094304,0,3,0.003186283167290277,attentive,attentive,attentive,attentive,relaxed,attentive
240,/home/glyc/Documents/PyProjects/catface/data/cat-emotions-3/train/attentive/00000069_027_png.rf.fe939ce331ae064abb5dbb1819eb26b2.jpg,3,attentive,1.5447980238704866,18.91705175334984,0.015495404881267804,0.015040671773673426,0.045214460049704586,0,0,-0.004892391041973504,attentive,uncomfortable,uncomfortable,uncomfortable,uncomfortable,relaxed
241,/home/glyc/Documents/PyProjects/catface/data/cat-emotions-3/train/attentive/00000069_028_png.rf.c90e34c7efd82cbf294e1faed38d3ab8.jpg,4,attentive,1.3569653404555662,33.801933072597045,-0.05311979285929807,-0.040751071213555395,0.079343608281546,0,1,0.010334696833232376,attentive,attentive,attentive,attentive,relaxed,relaxed
242,/home/glyc/Documents/PyProjects/catface/data/cat-emotions-3/train/attentive/00000070_008_png.rf.ff58b5ba07dd8ab49fad083aa17d94e4.jpg,2,attentive,1.274342446708931,38.70554735182075,-0.048727313858245025,-0.03277897751003859,0.06080956321201341,0,2,0.008630368150539608,uncomfortable,attentive,attentive,relaxed,relaxed,relaxed
243,/home/glyc/Documents/PyProjects/catface/data/cat-emotions-3/train/attentive/00000070_029_png.rf.435cd00e9cc8479792e4ac83eb2223f6.jpg,1,attentive,1.3700544225208178,32.96732102839156,-0.02306540485691164,-0.024267553971460843,0.035561997363897424,0,1,0.00076968174866901,uncomfortable,attentive,relaxed,relaxed,attentive,attentive
244,/home/glyc/Documents/PyProjects/catface/data/cat-emotions-3/train/attentive/00000071_000_png.rf.8d690fb56bc183c74ce484ffe457fc4a.jpg,4,attentive,1.2919345461564964,37.70756789348194,-0.011116638220177034,0.001070760329428686,0.014379323398718127,0,2,0.0012419714476078203,relaxed,attentive,relaxed,relaxed,relaxed,relaxed
245,/home/glyc/Documents/PyProjects/catface/data/cat-emotions-3/train/attentive/00000071_003_png.rf.350de576db2022a88d1541b87be1e331.jpg,3,attentive,1.3979440545650341,31.12297841193311,-0.00609723582551178,-0.01233235841736172,0.010098344398747591,0,1,0.00311136037902085,attentive,attentive,relaxed,attentive,attentive,attentive
246,/home/glyc/Documents/PyProjects/catface/data/cat-emotions-3/train/attentive/00000071_009_png.rf.b0ac70f6745e883e8789d634ef464166.jpg,3,attentive,1.5007589983022431,23.21666613988927,-0.005383701251240816,-0.0012470639725509721,0.012551032098050613,0,0,0.0014383599754845544,attentive,attentive,attentive,attentive,uncomfortable,relaxed
247,/home/glyc/Documents/PyProjects/catface/data/cat-emotions-3/train/attentive/00000071_013_png.rf.fef349fcf3ef4c02c4e3f794bab263a7.jpg,4,attentive,2.0944153208706338,0.0,-0.04195532803810927,-0.040047873037299696,,1,0,0.018044996938301902,attentive,uncomfortable,uncomfortable,attentive,uncomfortable,relaxed
248,/home/glyc/Documents/PyProjects/catface/data/cat-emotions-3/train/attentive/00000072_007_png.rf.d9863e653c885bd4f3f88f03f9dd86d5.jpg,3,attentive,1.309873700806245,36.66618969653094,0.08557287605442926,0.07032286805665687,0.11494631819953569,0,2,-0.016352883600016854,attentive,relaxed,attentive,attentive,relaxed,uncomfortable
249,/home/glyc/Documents/PyProjects/catface/data/cat-emotions-3/train/attentive/00000072_018_png.rf.f7137cfe271dd852b31fd0426963e3e4.jpg,1,attentive,1.3243739162949533,35.80549937082591,0.004661051811540413,-0.0017498600560586694,0.006461400444289771,0,2,0.0027084406128745353,attentive,uncomfortable,relaxed,attentive,relaxed,uncomfortable
250,/home/glyc/Documents/PyProjects/catface/data/cat-emotions-3/train/attentive/00000072_022_png.rf.058d80848b8b69f380164c6162599a5f.jpg,3,attentive,1.364212594593792,33.34210178233472,-0.01039971376343392,-0.011980480280630219,0.01580672707923669,0,1,0.0005357380632496078,attentive,attentive,attentive,attentive,attentive,uncomfortable
251,/home/glyc/Documents/PyProjects/catface/data/cat-emotions-3/train/attentive/00000072_023_png.rf.6115e65f1b8f64020ceaede07f9085a7.jpg,3,attentive,1.308813201934604,36.72845492342037,0.03693094931613854,0.05826245382606338,0.049495350550426614,0,2,-0.004510861580252712,attentive,attentive,attentive,attentive,relaxed,attentive
252,/home/glyc/Documents/PyProjects/catface/data/cat-emotions-3/train/attentive/00000072_026_png.rf.d3a65eb582bcabd1eb194b1d875b5160.jpg,4,attentive,1.257073032355153,39.664553555054546,0.048674020826817405,0.04463660890571432,0.058701997332540654,0,3,-0.0033894363888592183,attentive,attentive,attentive,attentive,relaxed,relaxed
253,/home/glyc/Documents/PyProjects/catface/data/cat-emotions-3/train/attentive/00000072_027_png.rf.0c4aeadfa11586fab60014b17d5858a9.jpg,4,attentive,1.329320369067439,35.50777280504487,-0.07718710411138693,-0.057110090950258145,0.10818128270889317,0,2,0.006422597795861601,attentive,relaxed,attentive,attentive,relaxed,uncomfortable
254,/home/glyc/Documents/PyProjects/catface/data/cat-emotions-3/train/attentive/00000073_001_png.rf.e1cd0c676b28fe02a92e179fb00c6df9.jpg,3,attentive,1.294876299598436,37.538491236749174,-0.025154230621016502,-0.009438627099635213,0.0327360723868646,0,2,0.0009234586162118474,relaxed,relaxed,relaxed,relaxed,relaxed,relaxed
255,/home/glyc/Documents/PyProjects/catface/data/cat-emotions-3/train/attentive/00000073_003_png.rf.c0d5a30ef0fa6fc66dcde2ec2d6019e1.jpg,1,attentive,1.3541635927585625,33.9782290108945,0.021423634648546724,0.03410281881468991,0.031787892278084436,0,1,-0.0009613333690547121,attentive,attentive,attentive,attentive,relaxed,uncomfortable
256,/home/glyc/Documents/PyProjects/catface/data/cat-emotions-3/train/attentive/00000073_004_png.rf.a13c6bbf1ac522d9292b5d2c7c845c7b.jpg,1,attentive,1.1916421070844012,43.13652028824428,-0.02234701237643413,-0.00473747792170028,0.02385004898007987,0,3,0.003024398518936572,relaxed,attentive,attentive,relaxed,relaxed,attentive
257,/home/glyc/Documents/PyProjects/catface/data/cat-emotions-3/train/attentive/00000075_004_png.rf.e1b695553f995838c773e685ae40d719.jpg,4,attentive,1.239019383625629,40.64683786264325,0.009990063623984476,0.008332055174116169,0.01163634226511545,0,3,0.0003478152220431352,relaxed,uncomfortable,uncomfortable,uncomfortable,relaxed,uncomfortable
258,/home/glyc/Documents/PyProjects/catface/data/cat-emotions-3/train/attentive/00000075_023_png.rf.6045ae252928f6a149384e23a9b77fc2.jpg,2,attentive,1.4979353764093815,23.46670898476801,-0.117905313999987,-0.09789837628818762,0.2715950964881361,0,0,0.020535968201558175,attentive,attentive,attentive,attentive,uncomfortable,uncomfortable
259,/home/glyc/Documents/PyProjects/catface/data/cat-emotions-3/train/attentive/00000075_027_png.rf.c3990d5c403cee78fe80deab9ce15c9c.jpg,3,attentive,1.5691557298583716,16.074007680448307,-0.13577603950420009,-0.12280008702163524,0.47120932433093665,0,0,0.024119413779988413,attentive,attentive,attentive,attentive,uncomfortable,relaxed
260,/home/glyc/Documents/PyProjects/catface/data/cat-emotions-3/train/attentive/00000076_022_png.rf.05c602f80cf19a86641fb9e1455b0612.jpg,0,attentive,1.562916563904755,16.846585562608475,-0.04726973276427758,-0.04078042056545811,0.15610607745593907,0,0,0.005227534820569341,attentive,uncomfortable,uncomfortable,attentive,uncomfortable,attentive
261,/home/glyc/Documents/PyProjects/catface/data/cat-emotions-3/train/attentive/00000076_027_png.rf.b1ecbfb611387072bf0d35997a0b2748.jpg,0,attentive,1.232081119303023,41.019149144049585,-0.0019080519049444666,0.0057525286602340825,0.0021934815997506738,0,3,0.0008543660013433652,uncomfortable,attentive,relaxed,uncomfortable,relaxed,uncomfortable
262,/home/glyc/Documents/PyProjects/catface/data/cat-emotions-3/train/attentive/00000076_028_png.rf.460a7a32ed7c74a95bd7abc6eba51eae.jpg,4,attentive,1.455130910983765,26.990799879865293,-0.2843963985591769,-0.22696386795893556,0.558380994526766,0,0,0.05538044674138877,attentive,attentive,attentive,attentive,uncomfortable,uncomfortable
263,/home/glyc/Documents/PyProjects/catface/data/cat-emotions-3/train/attentive/00000076_029_png.rf.b2cf1f3d4e85e796397f39a1b0d16d6c.jpg,3,attentive,1.581932440870507,14.366375070959938,-0.1366986476856919,-0.11810591958133212,0.5337061927361323,0,0,0.022033193381192973,attentive,attentive,attentive,attentive,uncomfortable,relaxed
264,/home/glyc/Documents/PyProjects/catface/data/cat-emotions-3/train/attentive/00000077_009_png.rf.3ef4d3adc1a17bb78ef96ed4aedd37c7.jpg,4,attentive,1.9306849719144195,0.0,0.037581666453286276,0.056547977780338515,,1,0,-0.002599795159700158,attentive,uncomfortable,uncomfortable,attentive,uncomfortable,attentive
265,/home/glyc/Documents/PyProjects/catface/data/cat-emotions-3/train/attentive/00000077_021_png.rf.1c9371e0fa5eeb5517c462f1c4500a79.jpg,0,attentive,1.3661681292681196,33.2170620923345,0.00041139514951761807,-0.026320353045827753,0.0006282692692431883,0,1,0.002194274812209629,attentive,relaxed,attentive,attentive,attentive,attentive
266,/home/glyc/Documents/PyProjects/catface/data/cat-emotions-3/train/attentive/00000078_006_png.rf.15861e9bb7cf8731b10400f3166b81a7.jpg,4,attentive,1.4122859701909944,30.13528250688651,-0.0016108671193890175,0.005800570842446267,0.0027749517963259044,0,1,9.309271363749927e-05,uncomfortable,relaxed,relaxed,relaxed,uncomfortable,uncomfortable
267,/home/glyc/Documents/PyProjects/catface/data/cat-emotions-3/train/attentive/00000078_009_png.rf.22b67a111a67feb3014c92f720216bb0.jpg,3,attentive,1.293953388968418,37.591605076850264,0.10353754746226485,0.09822227507515396,0.1344870031598677,0,2,-0.015895671837283243,attentive,attentive,attentive,attentive,relaxed,relaxed
268,/home/glyc/Documents/PyProjects/catface/data/cat-emotions-3/train/attentive/00000078_012_png.rf.4d0f72a60c4bb2279459dcfd84d4206a.jpg,1,attentive,1.2838461460511823,38.16915901357155,-0.0844107753471022,-0.06992778868485289,0.1073858529809962,0,2,0.00685350887601438,uncomfortable,relaxed,attentive,relaxed,relaxed,uncomfortable
269,/home/glyc/Documents/PyProjects/catface/data/cat-emotions-3/train/attentive/00000078_018_png.rf.97025aa9fa2e86af4de64ab57bcf9959.jpg,3,attentive,1.7778498335268156,0.0,-0.004654441920467616,0.002964328900676791,,1,0,0.003142878488462536,attentive,uncomfortable,attentive,attentive,uncomfortable,uncomfortable
270,/home/glyc/Documents/PyProjects/catface/data/cat-emotions-3/train/attentive/00000078_023_png.rf.1733173afd0c9115d545453c1a76e670.jpg,1,attentive,1.5551112158195806,17.76716726971729,0.02810067569647933,0.0213786691757118,0.0876959802447488,0,0,-0.0022487150062586725,attentive,uncomfortable,uncomfortable,uncomfortable,uncomfortable,attentive
271,/home/glyc/Documents/PyProjects/catface/data/cat-emotions-3/train/attentive/00000078_024_png.rf.e06f0acd2deb9bb38611623a85f6039b.jpg,2,attentive,1.4275359732784314,29.051795368463853,-0.001959823060787413,-0.04321073803633869,0.0035280888976677955,0,0,0.00252587809712454,attentive,uncomfortable,uncomfortable,uncomfortable,uncomfortable,uncomfortable
272,/home/glyc/Documents/PyProjects/catface/data/cat-emotions-3/train/attentive/00000079_009_png.rf.133665c533106e0570db5d81c43cfba0.jpg,2,attentive,1.2756578392848688,38.63168197759364,-0.05959821918092059,-0.06306792098005312,0.07457278988495634,0,2,0.007968829742647066,relaxed,attentive,attentive,relaxed,relaxed,attentive
273,/home/glyc/Documents/PyProjects/catface/data/cat-emotions-3/train/attentive/00000079_012_png.rf.23da60180dea1565b5ac8f68084ff035.jpg,0,attentive,1.8153607876711193,0.0,-0.07415019106164814,-0.07393952143151493,,1,0,0.018753710578097882,attentive,uncomfortable,uncomfortable,uncomfortable,uncomfortable,attentive
274,/home/glyc/Documents/PyProjects/catface/data/cat-emotions-3/train/attentive/00000079_017_png.rf.92a3c53301f3c9a4a2e20efc34617a53.jpg,1,attentive,1.5381552849758489,19.62327638331746,0.07065631377023524,0.07083015135720401,0.1981711876076048,0,0,-0.015592504284231049,attentive,attentive,attentive,attentive,uncomfortable,attentive
275,/home/glyc/Documents/PyProjects/catface/data/cat-emotions-3/train/attentive/00000079_022_png.rf.2a5e07a5eb951e9d95e9f44f71817a86.jpg,4,attentive,1.308229091776167,36.76271116557617,0.0822538519450378,0.026660624575853317,0.11010030795701585,0,2,-0.0033019355852726695,attentive,attentive,attentive,attentive,relaxed,relaxed
276,/home/glyc/Documents/PyProjects/catface/data/cat-emotions-3/train/attentive/00000079_025_png.rf.a3fda87212ca70c7157e7d441eb71c88.jpg,1,attentive,1.3178712106045132,36.19366544525256,-0.021501368751814635,-0.00917090055798704,0.0293847109208302,0,2,0.003840233493537598,attentive,uncomfortable,relaxed,attentive,relaxed,attentive
277,/home/glyc/Documents/PyProjects/catface/data/cat-emotions-3/train/attentive/00000079_026_png.rf.6c37db2e0d188a00d0c05ab306b96c74.jpg,4,attentive,1.3597194416145726,33.6278419423963,-0.016920392878703946,-0.008398996724025274,0.02544040959099947,0,1,0.003946528541795419,attentive,relaxed,relaxed,attentive,relaxed,attentive
278,/home/glyc/Documents/PyProjects/catface/data/cat-emotions-3/train/attentive/00000080_021_png.rf.1cf398db8b2533aa12605119addd55b0.jpg,2,attentive,1.300941820382833,37.1878089649521,0.008448437908817216,0.007242323112578824,0.011135324948189477,0,2,-0.0036420251806631443,attentive,attentive,attentive,attentive,relaxed,relaxed
279,/home/glyc/Documents/PyProjects/catface/data/cat-emotions-3/train/attentive/00000081_001_png.rf.9e709237398bc27ee78a1b6a849a10b8.jpg,0,attentive,1.1799557920140322,43.73290486400749,0.07929900722933611,0.050827285830917335,0.08288631761580476,0,3,-0.008583082084133775,attentive,attentive,attentive,attentive,relaxed,attentive
280,/home/glyc/Documents/PyProjects/catface/data/cat-emotions-3/train/attentive/00000083_024_png.rf.58706a3905901ced1e6e6dee45382377.jpg,1,attentive,1.490576646777433,24.106852057597724,-0.0313249724675628,-0.02373399848730315,0.07000539098320131,0,0,0.005042180706917226,attentive,attentive,attentive,attentive,uncomfortable,relaxed
281,/home/glyc/Documents/PyProjects/catface/data/cat-emotions-3/train/attentive/00000083_028_png.rf.1af59cc8c954d14971a17aec590e5003.jpg,3,attentive,1.6849986757274826,0.0,0.1602652872122196,0.16393701951335513,,1,0,-0.043584497943495115,attentive,uncomfortable,attentive,attentive,uncomfortable,uncomfortable
282,/home/glyc/Documents/PyProjects/catface/data/cat-emotions-3/train/attentive/00000084_001_png.rf.66c7e326b9d814c25653eab96b531db1.jpg,3,attentive,1.3315416315152095,35.37336789319814,0.1335746876452796,0.10447960994760039,0.18814299001289916,0,2,-0.021683403913060645,attentive,attentive,attentive,attentive,relaxed,uncomfortable
283,/home/glyc/Documents/PyProjects/catface/data/cat-emotions-3/train/attentive/00000084_004_png.rf.0d7a67824f94af92e64a3af7a50c885d.jpg,2,attentive,1.5799284840563916,14.647066526106011,0.21333475833966858,0.20469492773678621,0.8162553149027121,0,0,-0.046364895885052715,attentive,attentive,attentive,attentive,uncomfortable,relaxed
284,/home/glyc/Documents/PyProjects/catface/data/cat-emotions-3/train/attentive/00000084_005_png.rf.661f68c33ffb1135f12fc01e3f904ea2.jpg,4,attentive,1.3491427487549503,34.29216215993116,0.1361862749346623,0.10446453455141635,0.19970028991407318,0,1,-0.024852539055528144,relaxed,relaxed,uncomfortable,relaxed,relaxed,relaxed
285,/home/glyc/Documents/PyProjects/catface/data/cat-emotions-3/train/attentive/00000084_029_png.rf.0e44d4a8daf78af9217a82b3a15085a4.jpg,4,attentive,1.677422401788003,0.0,-0.026767894166941957,-0.027472075681518535,,1,0,0.008507386305082743,uncomfortable,uncomfortable,uncomfortable,uncomfortable,uncomfortable,uncomfortable
286,/home/glyc/Documents/PyProjects/catface/data/cat-emotions-3/train/attentive/00000085_010_png.rf.13fee76a34294bccf4d95f662be28691.jpg,0,attentive,1.416989613376466,29.80491697455283,-0.10596074237462674,-0.05035712221564252,0.18498107408052583,0,1,0.011619432778561783,uncomfortable,relaxed,relaxed,relaxed,uncomfortable,relaxed
287,/home/glyc/Documents/PyProjects/catface/data/cat-emotions-3/train/attentive/00000085_015_png.rf.815eb2e50e087f407605cf8af02822bd.jpg,4,attentive,1.2600162448535446,39.50249149561495,0.022000644032255767,0.040871757727551535,0.026686550920204718,0,3,-0.004432864323848457,relaxed,relaxed,relaxed,relaxed,relaxed,attentive
288,/home/glyc/Documents/PyProjects/catface/data/cat-emotions-3/train/attentive/00000085_016_png.rf.6d2ee22c301a4b9472a8a85ed6d34c1d.jpg,3,attentive,1.305073530667934,36.94730323485771,-0.04910735083338219,-0.0389900266040557,0.06529251245400809,0,2,0.006488547228423541,relaxed,uncomfortable,relaxed,relaxed,relaxed,attentive
289,/home/glyc/Documents/PyProjects/catface/data/cat-emotions-3/train/attentive/00000087_008_png.rf.d0790628cf85c761bf65f7bc9687eb39.jpg,1,attentive,1.3334896833736491,35.25512794566909,-0.13706236192249963,-0.1347316377820143,0.19390193381102644,0,1,0.017557510500793183,attentive,attentive,attentive,attentive,relaxed,relaxed
290,/home/glyc/Documents/PyProjects/catface/data/cat-emotions-3/train/attentive/00000087_026_png.rf.2f6432779c2f006b261a38d8c6115ff5.jpg,1,attentive,1.3622312184984988,33.468372211798,-0.0034104457548700434,-0.009569485550535295,0.005158806487069375,0,1,0.0008984459828743907,uncomfortable,attentive,attentive,relaxed,relaxed,uncomfortable
291,/home/glyc/Documents/PyProjects/catface/data/cat-emotions-3/train/attentive/00000089_007_png.rf.6f2e961c5bcef888f20ff87de24445d5.jpg,2,attentive,1.4270176328010864,29.089225218409528,-0.031624086580841766,-0.03775399761992935,0.05684242198313661,0,0,0.0034936076568216345,attentive,attentive,attentive,attentive,uncomfortable,relaxed
292,/home/glyc/Documents/PyProjects/catface/data/cat-emotions-3/train/attentive/00000089_011_png.rf.81fd3a9173f823b223fe7cdc698ee5e9.jpg,3,attentive,1.4403922835058263,28.10887353889732,0.1604050534365559,0.14687182888677064,0.3003000254368502,0,0,-0.03163376500540345,attentive,relaxed,relaxed,relaxed,uncomfortable,uncomfortable
293,/home/glyc/Documents/PyProjects/catface/data/cat-emotions-3/train/attentive/00000089_015_png.rf.ba52fc4751d73c20a926561ef44d549e.jpg,3,attentive,1.3528358588726968,34.06149416454957,-0.03422344590928766,-0.02841293148405479,0.05062106581063311,0,1,0.005636460443861874,attentive,attentive,attentive,attentive,relaxed,relaxed
294,/home/glyc/Documents/PyProjects/catface/data/cat-emotions-3/train/attentive/00000089_016_png.rf.1967dc6a23293dea515b769a0bb93f2f.jpg,1,attentive,1.3064067257854306,36.86941155841552,-0.03106087485248557,-0.030080542041195407,0.041415231797872425,0,2,0.006817227277991861,attentive,attentive,attentive,attentive,relaxed,attentive
295,/home/glyc/Documents/PyProjects/catface/data/cat-emotions-3/train/attentive/00000090_004_png.rf.40f3a0f95d6011814eb410782bcab514.jpg,4,attentive,1.5708343693806213,15.85990057108639,0.020365630402594044,0.02253443846806939,0.07168447603483546,0,0,-0.002884651644543157,attentive,attentive,attentive,attentive,uncomfortable,attentive
296,/home/glyc/Documents/PyProjects/catface/data/cat-emotions-3/train/attentive/00000090_027_png.rf.b3209f0bcc2e48fe00504368c315bdd3.jpg,0,attentive,1.182552748446086,43.60093945148159,-0.1417285457284355,-0.07162591557718224,0.14882474837791215,0,3,0.0172974030655641,attentive,attentive,attentive,relaxed,relaxed,relaxed
297,/home/glyc/Documents/PyProjects/catface/data/cat-emotions-3/train/attentive/00000091_010_png.rf.097b06b2ba0f705542a60ca7f45210ba.jpg,2,attentive,1.2173398096729384,41.801106445259784,0.01929070308128188,0.008708229519819893,0.02157463877322486,0,3,-0.002939280466164096,attentive,attentive,attentive,attentive,relaxed,relaxed
298,/home/glyc/Documents/PyProjects/catface/data/cat-emotions-3/train/attentive/00000091_016_png.rf.12bd8fa1c2efa72e6230f9f440f0a276.jpg,2,attentive,1.3320935779851706,35.339901614082926,0.0030436958848219326,-0.003985925715080803,0.004292424230054071,0,2,-0.00023509155007825355,attentive,attentive,attentive,relaxed,relaxed,uncomfortable
299,/home/glyc/Documents/PyProjects/catface/data/cat-emotions-3/train/attentive/00000092_002_png.rf.6fc572e828a12a2a22075d02ed351d48.jpg,3,attentive,1.2902442000956935,37.80442876105671,0.007982926136577886,-0.005349478185625192,0.010289883923319365,0,2,0.0006349566955916597,relaxed,attentive,attentive,attentive,relaxed,attentive
300,/home/glyc/Documents/PyProjects/catface/data/cat-emotions-3/train/attentive/00000092_012_png.rf.2ee51d96211a9d2a26afd94fd08d1df1.jpg,2,attentive,1.558252473879956,17.402357000390598,-0.027084049067319517,-0.014657097604500752,0.08641284812053468,0,0,0.005478889124165082,attentive,attentive,uncomfortable,attentive,uncomfortable,uncomfortable
301,/home/glyc/Documents/PyProjects/catface/data/cat-emotions-3/train/attentive/00000092_019_png.rf.4687541eead79908914c321ccc1033de.jpg,3,attentive,1.1930477204868244,43.06434232073928,-0.03730485646701274,-0.014847400040195911,0.039914600630967974,0,3,0.006458821718203528,uncomfortable,uncomfortable,uncomfortable,relaxed,relaxed,relaxed
302,/home/glyc/Documents/PyProjects/catface/data/cat-emotions-3/train/attentive/00000092_025_png.rf.da03b03490b8ab7e12e3a75bc369d48d.jpg,0,attentive,1.348009528894868,34.36266923615259,-0.061082487124138676,-0.05657283432526528,0.08933352644959644,0,1,0.011196660947072667,attentive,relaxed,relaxed,relaxed,relaxed,uncomfortable
303,/home/glyc/Documents/PyProjects/catface/data/cat-emotions-3/train/attentive/00000092_029_png.rf.6df2418d295edb30ac506e732cc001a0.jpg,2,attentive,1.3821531305044954,32.1788338812098,-0.04316886385583144,-0.05732374526108084,0.0686071866383744,0,1,0.010142929603109141,attentive,attentive,attentive,attentive,attentive,uncomfortable
304,/home/glyc/Documents/PyProjects/catface/data/cat-emotions-3/train/attentive/00000093_025_png.rf.81158ac45a29f8c4e4f68a4c434c3fe9.jpg,2,attentive,1.5041486127792323,22.913100246557185,0.025552223280140472,0.010354556192847128,0.06045202110783374,0,0,-0.003832976343557948,attentive,uncomfortable,uncomfortable,attentive,uncomfortable,attentive
305,/home/glyc/Documents/PyProjects/catface/data/cat-emotions-3/train/attentive/00000094_023_png.rf.818cff27c45786b5df581f67669336a2.jpg,4,attentive,1.3773781042952733,32.49206205346605,0.034987268144644985,0.010443418011098665,0.05493580429892093,0,1,-0.00421097312344465,relaxed,uncomfortable,uncomfortable,uncomfortable,attentive,uncomfortable
306,/home/glyc/Documents/PyProjects/catface/data/cat-emotions-3/train/attentive/00000094_024_png.rf.32df39638c1e13826075e68cc5aa04f1.jpg,4,attentive,1.3893641482869692,31.700581304655252,0.012975107109443097,0.008779647612038831,0.02100801201363472,0,1,-0.0010830262755494036,attentive,uncomfortable,uncomfortable,uncomfortable,attentive,attentive
307,/home/glyc/Documents/PyProjects/catface/data/cat-emotions-3/train/attentive/00000095_001_png.rf.de40a767db3c92701b588e8a3ece5c68.jpg,3,attentive,1.2607847974980158,39.46008111082407,0.0035854364756736728,0.013164369601782815,0.004355661615315623,0,3,-0.001257993846443095,uncomfortable,attentive,attentive,attentive,relaxed,uncomfortable
308,/home/glyc/Documents/PyProjects/catface/data/cat-emotions-3/train/attentive/00000095_002_png.rf.2d9587c9740286dfe4695afa7ebfa183.jpg,2,attentive,1.4340200819138074,28.57979127273369,0.03016533297040992,0.02662506142989215,0.05537359599653252,0,0,-0.007245178852655382,attentive,attentive,attentive,attentive,uncomfortable,uncomfortable
309,/home/glyc/Documents/PyProjects/catface/data/cat-emotions-3/train/attentive/00000097_013_png.rf.c9738d0fd9e5a3f7e567a73b5b150f87.jpg,3,attentive,1.367526827337201,33.129939095052265,-0.05614455400812678,-0.04307413663435197,0.08602727765423925,0,1,0.009220490907012935,attentive,attentive,attentive,attentive,attentive,attentive
310,/home/glyc/Documents/PyProjects/catface/data/cat-emotions-3/train/attentive/00000097_020_png.rf.61c550a83fe09546c3136cdb0cdec5dd.jpg,3,attentive,1.3259424650552365,35.711321680843,0.0041740319999137585,0.0020646718029490277,0.005806358704890943,0,2,0.005098901967780678,relaxed,relaxed,relaxed,uncomfortable,relaxed,attentive
311,/home/glyc/Documents/PyProjects/catface/data/cat-emotions-3/train/attentive/00000097_022_png.rf.dff197cac39615003d204fea81053681.jpg,2,attentive,1.2679278136421668,39.064071278554856,-0.04530606074498511,-0.051816988704788645,0.055820577526579526,0,2,0.007637724144258562,attentive,relaxed,relaxed,attentive,relaxed,relaxed
312,/home/glyc/Documents/PyProjects/catface/data/cat-emotions-3/train/attentive/00000097_026_png.rf.6d50f4369defa78fd92759ca83564d9b.jpg,1,attentive,1.303792599629635,37.022008999392675,-0.03328409185025696,-0.03834266497141394,0.04413419860901866,0,2,0.008353385646666406,attentive,attentive,attentive,attentive,relaxed,attentive
313,/home/glyc/Documents/PyProjects/catface/data/cat-emotions-3/train/attentive/00000097_027_png.rf.67c44daff881008ca305bca834450774.jpg,1,attentive,1.2223036026776435,41.53914749884541,0.013841619629052306,0.020363299057269416,0.015623581907861232,0,3,0.000178650079713627,attentive,attentive,attentive,attentive,relaxed,relaxed
314,/home/glyc/Documents/PyProjects/catface/data/cat-emotions-3/train/attentive/00000099_000_png.rf.6a34e1f3b752f050098cdbe56856f8f6.jpg,3,attentive,1.5270354682716822,20.75380988603252,-0.04784597271645644,-0.04482180897350285,0.12626194439997748,0,0,0.014503910275634885,attentive,attentive,attentive,attentive,uncomfortable,uncomfortable
315,/home/glyc/Documents/PyProjects/catface/data/cat-emotions-3/train/attentive/00000099_001_png.rf.4ef1cb1d1e9a47286f8418ad7180440c.jpg,1,attentive,1.399832402349842,30.99455647353126,0.014816562988690591,0.010459451843641552,0.02466420934433937,0,1,-0.002358991625789092,attentive,attentive,attentive,attentive,uncomfortable,attentive
316,/home/glyc/Documents/PyProjects/catface/data/cat-emotions-3/train/attentive/00000099_006_png.rf.d94f822dc79fbb627edf5ae6120bdfc1.jpg,3,attentive,1.1877559472489232,43.33557100507744,0.08587476267261612,0.07066750064560806,0.09101480932699718,0,3,-0.010858128558909802,relaxed,relaxed,attentive,attentive,relaxed,attentive
317,/home/glyc/Documents/PyProjects/catface/data/cat-emotions-3/train/attentive/00000099_010_png.rf.7f19ab1cb02f28cf3c8caf402f657d9d.jpg,0,attentive,1.3704660683961343,32.940769542148594,-0.05745925824444753,-0.05554354142467848,0.0886800644661026,0,1,0.005947802906418775,attentive,attentive,attentive,attentive,attentive,attentive
318,/home/glyc/Documents/PyProjects/catface/data/cat-emotions-3/train/attentive/00000100_019_png.rf.a85889af1003ee0e3dc538e428cb6215.jpg,1,attentive,1.3421978446083553,34.72228900191962,-0.018026777622534882,-0.014054837168646856,0.02601234636323416,0,1,0.002504765736091291,relaxed,attentive,attentive,relaxed,relaxed,relaxed
319,/home/glyc/Documents/PyProjects/catface/data/cat-emotions-3/train/attentive/00000100_020_png.rf.6bef6b5d256a2cb322c47e2934e508b9.jpg,3,attentive,1.1966084098839798,42.88106450295587,-0.003358950982556704,0.004810468181919994,0.003617058234894201,0,3,0.0005422395188124374,uncomfortable,relaxed,attentive,attentive,relaxed,attentive
320,/home/glyc/Documents/PyProjects/catface/data/cat-emotions-3/train/attentive/00000300_000_png.rf.ad25894345277b03ae06fffc46a6784f.jpg,0,attentive,1.6840188916678644,0.0,-0.010447272334576683,-0.02759400597047163,,1,0,0.0004259779770815486,attentive,uncomfortable,uncomfortable,uncomfortable,uncomfortable,attentive
321,/home/glyc/Documents/PyProjects/catface/data/cat-emotions-3/train/attentive/00000300_006_png.rf.3c79943566e1f1e8159ec48bebb5b193.jpg,4,attentive,1.2324853254003518,40.997535689402554,0.004144340178639375,0.00030025864579126733,0.004767932166193838,0,3,-0.0008129620968238549,attentive,attentive,attentive,attentive,relaxed,attentive
322,/home/glyc/Documents/PyProjects/catface/data/cat-emotions-3/train/attentive/00000300_007_png.rf.7237cbaf5ed9afa38bdd2ac995103a4c.jpg,0,attentive,1.3546070056297177,33.95038158758347,-0.060069542303126194,-0.05525755771244523,0.08922333361949811,0,1,0.010816845608236175,attentive,attentive,attentive,attentive,relaxed,relaxed
323,/home/glyc/Documents/PyProjects/catface/data/cat-emotions-3/train/attentive/00000300_008_png.rf.721fd373c44eaa4be59412af2aa222be.jpg,3,attentive,1.3095149428049802,36.687263672504784,0.024908529211119634,0.00581058330181262,0.03343286309491918,0,2,-0.0043201233935456496,attentive,attentive,attentive,attentive,relaxed,attentive
324,/home/glyc/Documents/PyProjects/catface/data/cat-emotions-3/train/attentive/00000300_016_png.rf.0736a42fa2d8a2e30efa9340c28662b0.jpg,1,attentive,1.3689915709933904,33.0357882480459,-0.0008449633584927486,0.003991684382174538,0.0012993519260934957,0,1,0.0008729630940799982,attentive,attentive,attentive,attentive,attentive,uncomfortable
325,/home/glyc/Documents/PyProjects/catface/data/cat-emotions-3/train/attentive/00000300_020_png.rf.e074237d0d665a4b5154064235ac8ae3.jpg,1,attentive,1.22530484241419,41.38010273062476,-0.06019422379582076,-0.05980525086340628,0.06832476180931517,0,3,0.006982186186242745,attentive,attentive,attentive,attentive,relaxed,uncomfortable
326,/home/glyc/Documents/PyProjects/catface/data/cat-emotions-3/train/attentive/00000300_023_png.rf.1e344b1f0cb2d9c100e8a88c3ed282b7.jpg,1,attentive,1.1905607185068632,43.1919833910087,-0.15443782882335155,-0.12697810092189718,0.16450570274220294,0,3,0.017046229653256473,uncomfortable,attentive,attentive,attentive,relaxed,attentive
327,/home/glyc/Documents/PyProjects/catface/data/cat-emotions-3/train/attentive/00000300_027_png.rf.1e1a6080501d59e746ae3916db376b26.jpg,3,attentive,1.2299412492081458,41.13341521116701,0.04275700814947961,0.02978599463033276,0.048955613699079754,0,3,-0.002342447186136659,relaxed,attentive,attentive,attentive,relaxed,attentive
328,/home/glyc/Documents/PyProjects/catface/data/cat-emotions-3/train/attentive/00000301_006_png.rf.40e3070d8cdb4f69683984a8a1020f8f.jpg,1,attentive,1.5481066944179327,18.555644400012692,-0.02294489606226881,-0.006018802699554541,0.06835438051631701,0,0,0.00035490276330890635,uncomfortable,uncomfortable,uncomfortable,uncomfortable,uncomfortable,relaxed
329,/home/glyc/Documents/PyProjects/catface/data/cat-emotions-3/train/attentive/00000301_007_png.rf.0cb8e770a5fa2fab78abbca8a43d6f91.jpg,2,attentive,1.187164965507366,43.36577710827214,-0.24589704201411713,-0.20404556554682501,0.26034014457081195,0,3,0.02533533131794735,uncomfortable,attentive,attentive,attentive,relaxed,attentive
330,/home/glyc/Documents/PyProjects/catface/data/cat-emotions-3/train/attentive/00000301_010_png.rf.dba60cc1acf13b026eceb1a725d1dbc4.jpg,0,attentive,1.4281033584493785,29.010773426603958,-0.0021633026887568083,0.011538910721977907,0.003900971309180581,0,0,-0.0004150729860271929,attentive,attentive,attentive,relaxed,uncomfortable,attentive
331,/home/glyc/Documents/PyProjects/catface/data/cat-emotions-3/train/attentive/00000301_017_png.rf.d5233880e5d88b8b256f096557418f16.jpg,2,attentive,1.2931793458811713,37.63610227095827,-0.017397398110215023,-0.01866698782646293,0.02256155971332471,0,2,0.0026788680793977115,attentive,relaxed,attentive,relaxed,relaxed,relaxed
332,/home/glyc/Documents/PyProjects/catface/data/cat-emotions-3/train/attentive/00000301_018_png.rf.fb187c941a75deff7405510b44c64d83.jpg,3,attentive,1.4178881962636725,29.741425299543533,0.004780989877192454,0.004444298132282036,0.008367903961854243,0,0,-0.0005563398842667044,attentive,uncomfortable,relaxed,attentive,uncomfortable,attentive
333,/home/glyc/Documents/PyProjects/catface/data/cat-emotions-3/train/attentive/00000301_024_png.rf.717d068492bfe5d999de1fe876354136.jpg,2,attentive,1.5809626464005222,14.502876665242884,0.019694403536874218,0.019891707703062925,0.07613683826125185,0,0,-0.004752168439631582,uncomfortable,uncomfortable,uncomfortable,uncomfortable,uncomfortable,uncomfortable
334,/home/glyc/Documents/PyProjects/catface/data/cat-emotions-3/train/attentive/00000302_000_png.rf.2ca7d539798b4a910ecf443d74750af3.jpg,1,attentive,1.4283627661317897,28.992000602303165,-0.07012171962190317,-0.08725845598735706,0.12654459422705805,0,0,0.015324738930695414,attentive,attentive,attentive,attentive,uncomfortable,relaxed
335,/home/glyc/Documents/PyProjects/catface/data/cat-emotions-3/train/attentive/00000302_013_png.rf.ed3d609dd3823bd6c09165362ea472f0.jpg,1,attentive,1.210748970380052,42.14687580961016,0.001511987130928492,-0.006595874338451256,0.00167059965545634,0,3,-0.000932894527942818,relaxed,uncomfortable,relaxed,relaxed,relaxed,relaxed
336,/home/glyc/Documents/PyProjects/catface/data/cat-emotions-3/train/attentive/00000303_019_png.rf.27f9eb0c4cd692b96cf674eb4d08a601.jpg,3,attentive,1.4037603202009572,30.725880602999386,0.12231475968115871,0.11822122961845581,0.20578972857199443,0,1,-0.01875047584265324,attentive,attentive,attentive,attentive,attentive,attentive
337,/home/glyc/Documents/PyProjects/catface/data/cat-emotions-3/train/attentive/00000304_003_png.rf.bfd24680ae3b357a5c84b6545cf58db4.jpg,0,attentive,1.3423799866831962,34.711067805218285,0.18852159357172646,0.16140209244967726,0.27214741881483545,0,1,-0.03257037364231585,attentive,attentive,attentive,attentive,relaxed,relaxed
338,/home/glyc/Documents/PyProjects/catface/data/cat-emotions-3/train/attentive/00000304_016_png.rf.108d760b5c324a4b2a76e3182cbf73a3.jpg,1,attentive,1.3478618826598525,34.37184619854427,-0.0029021106136524577,-0.004883108027960822,0.004242896544059415,0,1,0.002022861209610205,attentive,attentive,attentive,attentive,relaxed,relaxed
339,/home/glyc/Documents/PyProjects/catface/data/cat-emotions-3/train/attentive/00000304_020_png.rf.7a6723e9074b1721a6a4c92cb676e1d4.jpg,3,attentive,1.4418442278377508,28.000556041725172,-0.01985941824259871,-0.02447919432861598,0.03734925904581229,0,0,0.003393261391624963,attentive,attentive,attentive,attentive,uncomfortable,uncomfortable
340,/home/glyc/Documents/PyProjects/catface/data/cat-emotions-3/train/attentive/00000305_008_png.rf.d1411729e887d8d394f2d3a919fc4546.jpg,3,attentive,1.4266036162278541,29.119090198187607,0.03509714655007962,0.03201058208536373,0.06300771533013413,0,0,-0.008765383407464078,relaxed,uncomfortable,uncomfortable,uncomfortable,uncomfortable,attentive
341,/home/glyc/Documents/PyProjects/catface/data/cat-emotions-3/train/attentive/00000305_013_png.rf.165c63a15d4e7288bef5f0402b82bbcb.jpg,2,attentive,1.4208706041496189,29.529806843501724,0.01596979607965838,0.006527813225184912,0.02819228829666419,0,0,-0.001973716098482875,relaxed,uncomfortable,uncomfortable,uncomfortable,uncomfortable,attentive
342,/home/glyc/Documents/PyProjects/catface/data/cat-emotions-3/train/attentive/00000306_008_png.rf.b907b1d3c84b737e6d57aac21cf84570.jpg,4,attentive,1.3550553433972516,33.922204413994,-0.013392474682196346,-0.006715883449190514,0.01991343026554653,0,1,0.0035339362000128827,attentive,attentive,attentive,attentive,relaxed,attentive
343,/home/glyc/Documents/PyProjects/catface/data/cat-emotions-3/train/attentive/00000306_011_png.rf.107aafc26d42d1c767da1571cd78d445.jpg,1,attentive,1.157470220258165,44.862575300411734,0.12928025357136522,0.10760051135083842,0.1299019066689309,0,3,-0.01760181072767955,relaxed,relaxed,attentive,relaxed,relaxed,uncomfortable
344,/home/glyc/Documents/PyProjects/catface/data/cat-emotions-3/train/attentive/00000306_013_png.rf.5e6df849657dcd31ada11943e656b47c.jpg,0,attentive,1.0831955660493962,48.44665025209892,0.26034416268267324,0.20912636799604525,0.23076557536311956,0,3,-0.03146276843980758,relaxed,attentive,attentive,relaxed,relaxed,uncomfortable
345,/home/glyc/Documents/PyProjects/catface/data/cat-emotions-3/train/attentive/00000306_015_png.rf.bb1765e2473c4a3ee5e7bf31cd6505f2.jpg,1,attentive,1.3288836144741587,35.5341481271129,0.002890502560021824,-0.004123261864284192,0.004047230708730479,0,2,-0.0007786347342875755,attentive,attentive,attentive,attentive,relaxed,uncomfortable
346,/home/glyc/Documents/PyProjects/catface/data/cat-emotions-3/train/attentive/00000306_016_png.rf.7a0da4bf8f9eedfba3a9e020acc26ae5.jpg,0,attentive,1.2600244022449625,39.50204155322445,0.014486859647362854,-0.008226652196497288,0.017572690266580766,0,3,-0.0006287490177133981,attentive,attentive,attentive,attentive,relaxed,uncomfortable
347,/home/glyc/Documents/PyProjects/catface/data/cat-emotions-3/train/attentive/00000306_028_png.rf.d34bf171c18f41ba7d38c888eefdf279.jpg,3,attentive,1.3747746799072915,32.661711377005844,-0.0421858972186666,-0.0317258435292641,0.06580798062397018,0,1,0.006331397540841804,attentive,attentive,attentive,relaxed,attentive,uncomfortable
348,/home/glyc/Documents/PyProjects/catface/data/cat-emotions-3/train/attentive/00000307_000_png.rf.76bd4c7718841154c9ff427b9e2f0a5a.jpg,4,attentive,1.2628234867970807,39.347396602909846,-0.013748832931547944,-0.02834186861388633,0.01676946950520832,0,3,0.0029427638691727487,uncomfortable,attentive,attentive,relaxed,relaxed,attentive
349,/home/glyc/Documents/PyProjects/catface/data/cat-emotions-3/train/attentive/00000307_025_png.rf.695443452f78e598a70dff38d59e979d.jpg,0,attentive,1.2956923854203526,37.49147176551163,-0.03282856912768396,-0.026451089873069482,0.04279621222657205,0,2,0.00611059708210035,uncomfortable,relaxed,relaxed,relaxed,relaxed,attentive
350,/home/glyc/Documents/PyProjects/catface/data/cat-emotions-3/train/attentive/00000307_029_png.rf.19ebe2914a74e48d77180fd79945c352.jpg,2,attentive,1.036153080712277,50.616370732882054,-0.025386207815155333,-0.05407414075417641,0.020840321627472395,0,3,0.00658555676808853,attentive,uncomfortable,uncomfortable,uncomfortable,relaxed,attentive
351,/home/glyc/Documents/PyProjects/catface/data/cat-emotions-3/train/attentive/00000308_011_png.rf.f39cd44a7431bbde207338b22c092aac.jpg,1,attentive,1.309879528297,36.66584729516967,-0.03130520009070176,-0.028844729164145252,0.04205143676336293,0,2,0.0027284008439982244,attentive,attentive,relaxed,relaxed,relaxed,uncomfortable
352,/home/glyc/Documents/PyProjects/catface/data/cat-emotions-3/train/attentive/00000308_013_png.rf.f42b38b80c77f2cf3debf83aa8b8a94b.jpg,2,attentive,1.5006566305907827,23.225775600901883,0.03001149434740559,0.026527969694965466,0.06993515574463281,0,0,-0.0034523395811427993,attentive,uncomfortable,uncomfortable,attentive,uncomfortable,uncomfortable
353,/home/glyc/Documents/PyProjects/catface/data/cat-emotions-3/train/attentive/00000308_018_png.rf.8d14ee6b69bf5bf1614e25aa48e03563.jpg,3,attentive,1.473978475061345,25.49523223259006,0.01256985043970702,0.01909539178355632,0.02635888403461156,0,0,-0.0028519138510228192,relaxed,uncomfortable,uncomfortable,uncomfortable,uncomfortable,relaxed
354,/home/glyc/Documents/PyProjects/catface/data/cat-emotions-3/train/attentive/00000308_026_png.rf.da8c61882aac6564971c5fdd88370815.jpg,4,attentive,1.3962412069317651,31.23837749512912,0.017316352040984508,0.021599506314760483,0.028549521388246672,0,1,-0.0028914280017771354,attentive,attentive,attentive,attentive,attentive,attentive
355,/home/glyc/Documents/PyProjects/catface/data/cat-emotions-3/train/attentive/00000309_017_png.rf.5f668ea7049a22ff36ccb41a022215f5.jpg,2,attentive,1.344667536803249,34.56986785405381,-0.11119624203108557,-0.07014048120691013,0.1613696267411815,0,1,0.019830557429604406,attentive,attentive,attentive,attentive,relaxed,attentive
356,/home/glyc/Documents/PyProjects/catface/data/cat-emotions-3/train/attentive/00000309_028_png.rf.056ad089e3304c3c4c8eca9d1999a5c5.jpg,1,attentive,1.24356125455593,40.40158567257341,-0.00862348992954724,-0.0016279240285972504,0.010131998257889211,0,3,0.0011886120657837729,relaxed,attentive,attentive,relaxed,relaxed,attentive
357,/home/glyc/Documents/PyProjects/catface/data/cat-emotions-3/train/attentive/00000310_002_png.rf.0d89aaa60a07a22e415bcb4241f30d00.jpg,0,attentive,1.204798056587093,42.457104135410816,0.05491104793271968,0.03435817280869687,0.060015038255894285,0,3,-0.003125722596475783,attentive,attentive,attentive,attentive,relaxed,relaxed
358,/home/glyc/Documents/PyProjects/catface/data/cat-emotions-3/train/attentive/00000310_003_png.rf.a81c46c37ff49f8e5e55a2af5a1c37aa.jpg,0,attentive,1.3496571457590634,34.260115212127424,0.047544127569514545,0.03449936587654924,0.06980141165881742,0,1,-0.0043015314964922335,attentive,attentive,attentive,attentive,relaxed,relaxed
359,/home/glyc/Documents/PyProjects/catface/data/cat-emotions-3/train/attentive/00000310_010_png.rf.2ee798fb253e92340bf31ed5d61e0348.jpg,4,attentive,1.5126175709550458,22.13744554742348,-0.10385711025562364,-0.09244759202293812,0.25529045522203897,0,0,0.0143093422976254,attentive,attentive,attentive,attentive,uncomfortable,attentive
360,/home/glyc/Documents/PyProjects/catface/data/cat-emotions-3/train/attentive/00000310_012_png.rf.4761e6b7abe1faa9bc8091c1eb4198a8.jpg,0,attentive,1.3512229144491454,34.162405366885174,-0.057081031902732525,-0.029908103587835293,0.08411085022463692,0,1,0.007562479520208026,uncomfortable,relaxed,attentive,relaxed,relaxed,relaxed
361,/home/glyc/Documents/PyProjects/catface/data/cat-emotions-3/train/attentive/00000310_029_png.rf.0b4773bceeab7c59b3e5233fbf3b5768.jpg,0,attentive,1.1269426778842937,46.361453741713625,-0.09560861783154272,-0.07273223860098482,0.09116958658410956,0,3,0.009020628544603282,attentive,attentive,attentive,relaxed,relaxed,relaxed
362,/home/glyc/Documents/PyProjects/catface/data/cat-emotions-3/train/attentive/00000311_000_png.rf.4d7c181b628a21228f5ef6b95dfdae02.jpg,0,attentive,1.3313835580369004,35.382947322467245,0.0013024684624432141,0.005580573968501859,0.0018339068578489882,0,2,0.005472228624022191,attentive,attentive,attentive,attentive,relaxed,uncomfortable
363,/home/glyc/Documents/PyProjects/catface/data/cat-emotions-3/train/attentive/00000311_008_png.rf.fd2dad913ee5377c03996be76931fa36.jpg,0,attentive,1.384032224314423,32.05482241032476,0.004788694747506761,0.005975731269295339,0.007647221761378549,0,1,-0.002218515135386595,attentive,attentive,attentive,attentive,attentive,uncomfortable
364,/home/glyc/Documents/PyProjects/catface/data/cat-emotions-3/train/attentive/00000312_012_png.rf.9fa82c613a89f5a3dd957a6b82897f2e.jpg,2,attentive,1.5603789411311184,17.151134767576195,-0.00995761564597107,-0.007414271461213892,0.032265246514564055,0,0,0.001808579901876578,attentive,uncomfortable,uncomfortable,attentive,uncomfortable,attentive
365,/home/glyc/Documents/PyProjects/catface/data/cat-emotions-3/train/attentive/00000312_013_png.rf.1d7d72ce951ee2534b9c337ef7615e10.jpg,3,attentive,1.2898424348128827,37.82741983183346,0.043859316894973854,0.05449704240126774,0.05648725043427006,0,2,-0.008074495607824556,relaxed,attentive,attentive,relaxed,relaxed,relaxed
366,/home/glyc/Documents/PyProjects/catface/data/cat-emotions-3/train/attentive/00000312_025_png.rf.20dd87bf0993e928a3497b2be98674e1.jpg,1,attentive,1.3057125431941228,36.90998663991807,0.019239646891688618,0.007762182733162388,0.025615503781983396,0,2,-0.0036354027651154253,relaxed,uncomfortable,uncomfortable,uncomfortable,relaxed,uncomfortable
367,/home/glyc/Documents/PyProjects/catface/data/cat-emotions-3/train/attentive/00000313_001_png.rf.66aeaf6126515944938e5b3d3190fa50.jpg,2,attentive,1.7370761792616,0.0,-0.04425176832876092,-0.043202140788154486,,1,0,0.009996847280311805,attentive,attentive,attentive,attentive,uncomfortable,attentive
368,/home/glyc/Documents/PyProjects/catface/data/cat-emotions-3/train/attentive/00000313_005_png.rf.a716746a5ef81f92666828d5c8dcfbad.jpg,2,attentive,1.4059565944243624,30.574724226034505,-0.05268394146773984,-0.037552112358143784,0.08917343895491428,0,1,0.0044341695532502945,uncomfortable,uncomfortable,uncomfortable,uncomfortable,attentive,attentive
369,/home/glyc/Documents/PyProjects/catface/data/cat-emotions-3/train/attentive/00000314_007_png.rf.cc01ebdae69fd715ef912a07940dab68.jpg,1,attentive,1.433293443111302,28.63304013750541,-0.033122618789714176,-0.02647455657175733,0.06066791339286231,0,0,0.007276378131778394,attentive,attentive,attentive,attentive,uncomfortable,relaxed
370,/home/glyc/Documents/PyProjects/catface/data/cat-emotions-3/train/attentive/00000314_025_png.rf.5ad1fd5e7051a199a9b4ac14d622ad39.jpg,0,attentive,1.1565764762263657,44.90701183127096,0.15635013389362504,0.14841610900193178,0.15685845613018776,0,3,-0.018505604961864985,relaxed,attentive,attentive,attentive,relaxed,uncomfortable
371,/home/glyc/Documents/PyProjects/catface/data/cat-emotions-3/train/attentive/00000314_027_png.rf.0c9e4617549cf411d69040eefc3f6ee5.jpg,2,attentive,1.264052516608946,39.27933365864901,0.10151896327101725,0.0974622090403143,0.12412325254799009,0,3,-0.019178540050312387,uncomfortable,relaxed,relaxed,relaxed,relaxed,attentive
372,/home/glyc/Documents/PyProjects/catface/data/cat-emotions-3/train/attentive/00000315_000_png.rf.d6d1f2569579d869c2bb42061493f323.jpg,3,attentive,1.3609186922116985,33.55178643710343,0.01804388610840052,0.009423260407357602,0.027207875331271517,0,1,-0.004770763794067101,attentive,attentive,attentive,attentive,attentive,relaxed
373,/home/glyc/Documents/PyProjects/catface/data/cat-emotions-3/train/attentive/00000315_004_png.rf.197b7606833463d7cb75524e598c8c7a.jpg,2,attentive,1.3184311698918865,36.16038157034669,0.017464804903841943,0.004365462185262552,0.023897283848890775,0,2,-8.890779266412796e-07,attentive,attentive,attentive,attentive,relaxed,attentive
374,/home/glyc/Documents/PyProjects/catface/data/cat-emotions-3/train/attentive/00000315_013_png.rf.0a192b1a035426d8060d7ab1498ac56a.jpg,4,attentive,1.4004494256723017,30.952490261462465,-0.00644121179627591,-0.003345045095514144,0.010740139337592347,0,1,-0.000912818878174404,attentive,attentive,attentive,attentive,attentive,uncomfortable
375,/home/glyc/Documents/PyProjects/catface/data/cat-emotions-3/train/attentive/00000315_019_png.rf.25c9cdf87f3b574a901c36debfd47e4b.jpg,2,attentive,1.2731904256125244,38.770141179408895,-0.16304012759829065,-0.1581990546526193,0.20299756295156213,0,2,0.029329721437680367,uncomfortable,attentive,attentive,attentive,relaxed,uncomfortable
376,/home/glyc/Documents/PyProjects/catface/data/cat-emotions-3/train/attentive/00000315_020_png.rf.06daa990a4f90abe752890e371b61c01.jpg,2,attentive,1.4070530498969802,30.49900867617212,-0.033024187131425575,-0.040381847269473574,0.05606616273545471,0,1,0.007673539280656089,relaxed,attentive,relaxed,attentive,attentive,attentive
377,/home/glyc/Documents/PyProjects/catface/data/cat-emotions-3/train/attentive/00000315_024_png.rf.736c6f4641ba872ad630c340901999a8.jpg,4,attentive,1.8269325362304094,0.0,-0.02553965599851019,-0.018040121946964405,,1,0,0.007300552496317392,attentive,uncomfortable,attentive,relaxed,uncomfortable,attentive
378,/home/glyc/Documents/PyProjects/catface/data/cat-emotions-3/train/attentive/00000316_006_png.rf.866f0e6aa852321a4eb9486ef3e928e8.jpg,0,attentive,1.26687927288452,39.12241299160642,-0.16044595896406827,-0.12906707572900306,0.1972709890099599,0,2,0.029644274222404177,attentive,attentive,attentive,attentive,relaxed,attentive
379,/home/glyc/Documents/PyProjects/catface/data/cat-emotions-3/train/attentive/00000317_001_png.rf.573867cc2ec1db0d4b2c37c20f2bba2b.jpg,2,attentive,1.3779786578855155,32.452815608410944,-0.013197682317777668,0.011050476516383544,0.02075390818818598,0,1,-0.0030985393153835084,relaxed,relaxed,relaxed,relaxed,attentive,uncomfortable
380,/home/glyc/Documents/PyProjects/catface/data/cat-emotions-3/train/attentive/00000317_006_png.rf.f32ef89acc9324b0424a90f8bd634417.jpg,0,attentive,1.2212882340255702,41.59284219834508,0.03024926418092915,0.01223401730079218,0.03407914041460356,0,3,-0.0021969928660548477,uncomfortable,attentive,attentive,relaxed,relaxed,uncomfortable
381,/home/glyc/Documents/PyProjects/catface/data/cat-emotions-3/train/attentive/00000317_019_png.rf.b2fbec9d3fa18be1d9d9433d6e7dc5f5.jpg,0,attentive,1.01756747942543,51.455049835470824,-0.037511928337064855,-0.02647568486476274,0.02988641466391936,0,3,0.00476535704177683,uncomfortable,relaxed,attentive,relaxed,relaxed,relaxed
382,/home/glyc/Documents/PyProjects/catface/data/cat-emotions-3/train/attentive/00000317_027_png.rf.fbaa38f5f4c970fdf7e29ee997088a5d.jpg,1,attentive,1.2801309116023987,38.37960108726535,0.031550285197869794,0.046105927606032264,0.03983567989190536,0,2,-0.004649195306290821,attentive,attentive,attentive,attentive,relaxed,attentive
383,/home/glyc/Documents/PyProjects/catface/data/cat-emotions-3/train/attentive/00000318_017_png.rf.437e5563f4fbe17bb03f0599103c1da4.jpg,0,attentive,1.3356582220810018,35.12309785046984,0.10183021825832396,0.07142331671035855,0.1447656560056038,0,1,-0.018542209525458653,attentive,attentive,attentive,attentive,relaxed,attentive
384,/home/glyc/Documents/PyProjects/catface/data/cat-emotions-3/train/attentive/00000319_004_png.rf.fbc969d3445637b88651ccee5790d5aa.jpg,1,attentive,1.2012223974900584,42.64262715234607,-0.045433609772359496,-0.02796323458505397,0.04933496177863797,0,3,0.006939095265897893,uncomfortable,attentive,attentive,relaxed,relaxed,relaxed
385,/home/glyc/Documents/PyProjects/catface/data/cat-emotions-3/train/attentive/00000320_001_png.rf.e8edd41b6e14fbad291fc4e15e4b746a.jpg,0,attentive,1.2918136327587622,37.71450354920844,0.15210788761832764,0.14622407947154184,0.19670168219309636,0,2,-0.02624531663152907,uncomfortable,attentive,relaxed,uncomfortable,relaxed,relaxed
386,/home/glyc/Documents/PyProjects/catface/data/cat-emotions-3/train/attentive/00000320_013_png.rf.f2877a628ff6732dde7dd3a923c5c9dc.jpg,4,attentive,1.4532031909875402,27.139450532238044,-0.02620001008084371,-0.007660401714289506,0.05111249584101304,0,0,0.0061515396888925655,attentive,attentive,attentive,attentive,uncomfortable,uncomfortable
387,/home/glyc/Documents/PyProjects/catface/data/cat-emotions-3/train/attentive/00000320_015_png.rf.5359c090626522f72d07a2b724eaecb2.jpg,2,attentive,1.3545374538149433,33.95475094235348,0.01588038109975658,0.008330979133937147,0.023583787607972383,0,1,0.00011948091125707494,attentive,attentive,attentive,attentive,relaxed,relaxed
388,/home/glyc/Documents/PyProjects/catface/data/cat-emotions-3/train/attentive/00000320_017_png.rf.a70470b8e5990bc7bf7032ff77028c0e.jpg,0,attentive,1.4864263904183048,24.4609293969795,0.02257624637319236,0.027733951684898797,0.049628706591313604,0,0,-0.005230014655129928,attentive,attentive,attentive,attentive,uncomfortable,uncomfortable
389,/home/glyc/Documents/PyProjects/catface/data/cat-emotions-3/train/attentive/00000320_023_png.rf.a1496708c2d0458df5ada6b66f048efc.jpg,2,attentive,1.3243690784163011,35.805789511213504,0.08546004121422984,0.07763775669513266,0.11846803623059164,0,2,-0.009766310695396019,uncomfortable,relaxed,attentive,relaxed,relaxed,relaxed
390,/home/glyc/Documents/PyProjects/catface/data/cat-emotions-3/train/attentive/00000320_029_png.rf.cdbeed0761a07409f43a0c4d9b37cb06.jpg,2,attentive,1.1293964873168578,46.24237192055155,-0.06929142349989234,-0.010914534113709731,0.0663497888694806,0,3,0.0075314530860977336,uncomfortable,attentive,attentive,attentive,relaxed,relaxed
391,/home/glyc/Documents/PyProjects/catface/data/cat-emotions-3/train/attentive/00000321_001_png.rf.373c944d31f5c81f86ede8096f115ba6.jpg,3,attentive,1.3868773736986113,31.86623543217839,0.0033560283620109707,0.00212315728426401,0.005398774069407389,0,1,-0.002470721158013972,attentive,relaxed,attentive,attentive,attentive,attentive
392,/home/glyc/Documents/PyProjects/catface/data/cat-emotions-3/train/attentive/00000321_003_png.rf.d562397609da9bfb79e8959ae2d0be81.jpg,3,attentive,1.4235901545482916,29.335629700968184,0.026562669111922104,0.026342264386734406,0.04726522531207232,0,0,-0.007176553569444383,attentive,uncomfortable,relaxed,attentive,uncomfortable,relaxed
393,/home/glyc/Documents/PyProjects/catface/data/cat-emotions-3/train/attentive/00000321_007_png.rf.d3a50aadb9eca5eee0d3806d447d5aff.jpg,3,attentive,1.346658336784407,34.446572698089355,0.011876534182327607,0.02034832707954094,0.01731503165198191,0,1,-0.002280600013600087,relaxed,relaxed,relaxed,relaxed,relaxed,relaxed
394,/home/glyc/Documents/PyProjects/catface/data/cat-emotions-3/train/attentive/00000321_025_png.rf.bcbf51f8513061bf59ee004ca7be32a5.jpg,1,attentive,1.3983532537558316,31.095190285300717,-0.026903660037488224,-0.052488485942651784,0.044607172787725594,0,1,0.00805405271765966,attentive,attentive,attentive,attentive,uncomfortable,uncomfortable
395,/home/glyc/Documents/PyProjects/catface/data/cat-emotions-3/train/attentive/00000321_028_png.rf.dca072d05af8576a3a33411d6d7af7b6.jpg,1,attentive,1.330401534702673,35.44240859485406,-0.003336090323554701,0.008727665356177078,0.004686984259151578,0,2,0.002969678559140737,relaxed,uncomfortable,uncomfortable,uncomfortable,relaxed,attentive
396,/home/glyc/Documents/PyProjects/catface/data/cat-emotions-3/train/attentive/00000322_007_png.rf.f445cf686ab44261e07cfd9714e7bafa.jpg,3,attentive,1.5919008587921863,12.881479332998392,-0.013294518220177161,-0.002683507918516176,0.05813325965315238,0,0,-0.0006229280195160225,attentive,uncomfortable,uncomfortable,attentive,uncomfortable,relaxed
397,/home/glyc/Documents/PyProjects/catface/data/cat-emotions-3/train/attentive/00000322_014_png.rf.a500460f498a9f3a086cda44020c4500.jpg,4,attentive,1.4017882112254134,30.861039560964155,-0.0028598246026680205,0.007793696707834699,0.004785800876236336,0,1,0.0009663855836919422,uncomfortable,relaxed,relaxed,relaxed,attentive,relaxed
398,/home/glyc/Documents/PyProjects/catface/data/cat-emotions-3/train/attentive/00000322_023_png.rf.dafdaee1832c241e5218a84bb5316e85.jpg,1,attentive,2.019286834296952,0.0,0.2419489463864294,0.22664025678684802,,1,0,-0.0575555867023327,attentive,uncomfortable,uncomfortable,uncomfortable,uncomfortable,attentive
399,/home/glyc/Documents/PyProjects/catface/data/cat-emotions-3/train/attentive/00000322_024_png.rf.604cdfefe8697a9b3c0e84603d3ce5f0.jpg,2,attentive,1.2572801893271566,39.653164979899756,-0.013180186903685262,0.003391514447424667,0.015902042732110547,0,3,0.0021323090794323207,attentive,attentive,attentive,attentive,relaxed,attentive
400,/home/glyc/Documents/PyProjects/catface/data/cat-emotions-3/train/attentive/00000324_001_png.rf.019de2e9aa10debad43b5279518f4b49.jpg,1,attentive,1.3198472491480286,36.07609177049721,0.0062677634899915334,0.015709815950635683,0.008602787327594825,0,2,-0.0021217624454906714,relaxed,relaxed,attentive,attentive,relaxed,uncomfortable
401,/home/glyc/Documents/PyProjects/catface/data/cat-emotions-3/train/attentive/00000324_011_png.rf.a846bf2fe603c765e74f810b2a8fc8f4.jpg,4,attentive,1.3487838967253556,34.31450309569785,-0.0015832616204652875,0.013820413593836779,0.0023197131972592065,0,1,-0.00011124688065303201,attentive,attentive,attentive,attentive,relaxed,relaxed
402,/home/glyc/Documents/PyProjects/catface/data/cat-emotions-3/train/attentive/00000324_014_png.rf.6e7d2b0e424eaf20b342abe18afdacb0.jpg,0,attentive,1.4710526540554498,25.73269430924496,-0.2824403502425795,-0.2407989545331137,0.5860117175333458,0,0,0.060125048412909984,attentive,relaxed,attentive,attentive,uncomfortable,attentive
403,/home/glyc/Documents/PyProjects/catface/data/cat-emotions-3/train/attentive/00000324_018_png.rf.60328365ccdfcc9b329f7783ca946687.jpg,1,attentive,1.4481049877784733,27.529008115860375,-0.027493015318766127,-0.027705508272360683,0.052748370273476265,0,0,0.0011611093231011504,attentive,attentive,attentive,attentive,uncomfortable,attentive
404,/home/glyc/Documents/PyProjects/catface/data/cat-emotions-3/train/attentive/00000325_007_png.rf.fb95eae3139e301783f102d5882011be.jpg,4,attentive,1.5426729680351603,19.145704049181827,0.049858222927074876,0.020318932481664387,0.1436113655929232,0,0,-0.010560405753733959,attentive,attentive,attentive,attentive,uncomfortable,relaxed
405,/home/glyc/Documents/PyProjects/catface/data/cat-emotions-3/train/attentive/00000325_021_png.rf.8d5512e4d083eecf0f553fafc872c5d6.jpg,0,attentive,1.4146655149486378,29.968565455997684,0.05363495186805151,0.04143643663637076,0.0930162779900013,0,1,-0.010023510481893566,attentive,attentive,attentive,attentive,uncomfortable,attentive
406,/home/glyc/Documents/PyProjects/catface/data/cat-emotions-3/train/attentive/00000325_022_png.rf.c4fe968426e88adb713c19bdc70565fc.jpg,2,attentive,1.8695258150036804,0.0,-0.025282283191388387,-0.032173966276761196,,1,0,0.004481278385424475,attentive,uncomfortable,uncomfortable,attentive,uncomfortable,relaxed
407,/home/glyc/Documents/PyProjects/catface/data/cat-emotions-3/train/attentive/00000325_027_png.rf.7617f67b6bde9f1fb4d1012605bff86b.jpg,2,attentive,1.3228636002115224,35.895978345127176,-0.021707993353542968,-0.0042376055033029065,0.02999284862354651,0,2,0.0038459100225652354,attentive,attentive,attentive,attentive,relaxed,relaxed
408,/home/glyc/Documents/PyProjects/catface/data/cat-emotions-3/train/attentive/00000325_028_png.rf.c54bbd84b89503369f3f227ec3010cd5.jpg,4,attentive,1.1726287142953102,44.103534449466274,0.04566981611220992,0.02984703943621113,0.047121777432588274,0,3,-0.005453898029572635,relaxed,relaxed,relaxed,relaxed,relaxed,attentive
409,/home/glyc/Documents/PyProjects/catface/data/cat-emotions-3/train/attentive/00000326_000_png.rf.a272927d54a2449d84b645c076bfaa8c.jpg,3,attentive,1.5112591272672988,22.263587709433203,-0.04703051539029337,-0.054111366957542865,0.11488014599742176,0,0,0.01137277632444375,attentive,attentive,attentive,attentive,uncomfortable,attentive
410,/home/glyc/Documents/PyProjects/catface/data/cat-emotions-3/train/attentive/00000326_016_png.rf.33e8073df92b896196b39e8cf0e8dfb1.jpg,1,attentive,1.422164084289395,29.43759719089369,-0.003535884207619608,0.005283281683516518,0.006265566697036149,0,0,0.0031492733173555387,attentive,attentive,attentive,attentive,uncomfortable,attentive
411,/home/glyc/Documents/PyProjects/catface/data/cat-emotions-3/train/attentive/00000326_029_png.rf.1e2be3078b5130321f92b97be856e928.jpg,1,attentive,1.422974958443121,29.37965724775673,-0.002231664051735617,0.0015329651842401117,0.0039638556571872366,0,0,0.003777449104273467,attentive,attentive,attentive,attentive,uncomfortable,attentive
412,/home/glyc/Documents/PyProjects/catface/data/cat-emotions-3/train/attentive/00000327_001_png.rf.8baa8d2cbbca263650d27d397f922329.jpg,0,attentive,1.1658628050044384,44.443594392570866,-0.0939438751169192,-0.06379166918197128,0.09578642481826286,0,3,0.009272914988554926,attentive,relaxed,relaxed,relaxed,relaxed,uncomfortable
413,/home/glyc/Documents/PyProjects/catface/data/cat-emotions-3/train/attentive/00000327_010_png.rf.bb30416839366e8c4a81d83cddf37c35.jpg,4,attentive,1.2563533390081663,39.70409791860825,0.0741207093267231,0.03232110493883777,0.08926583448302985,0,3,-0.01442322988501818,attentive,attentive,attentive,attentive,relaxed,relaxed
414,/home/glyc/Documents/PyProjects/catface/data/cat-emotions-3/train/attentive/00000327_012_png.rf.c8323793a13943dc2a4dfebed725be77.jpg,0,attentive,1.267261477761465,39.10115524908965,-0.018475593164826075,-0.037135566767149825,0.022733275748467376,0,2,-0.0011488836595201501,attentive,attentive,attentive,attentive,relaxed,attentive
415,/home/glyc/Documents/PyProjects/catface/data/cat-emotions-3/train/attentive/00000328_005_png.rf.5a3a1828caada91ec382352987c0b6be.jpg,2,attentive,1.5185219238719414,21.581047493958962,0.05246383235243855,0.04022247331884331,0.1326366820117253,0,0,-0.008608160011852523,attentive,attentive,relaxed,attentive,uncomfortable,relaxed
416,/home/glyc/Documents/PyProjects/catface/data/cat-emotions-3/train/attentive/00000328_013_png.rf.d16ef484aab9a1ae7398de291cf41032.jpg,2,attentive,1.507099555766671,22.645688329028655,-0.02551846493118218,-0.01458713421279071,0.06116665139316713,0,0,0.0033602336159764268,attentive,uncomfortable,uncomfortable,uncomfortable,uncomfortable,attentive
417,/home/glyc/Documents/PyProjects/catface/data/cat-emotions-3/train/attentive/00000328_022_png.rf.6fc66f3341e823416ce2fed244506add.jpg,2,attentive,1.3149784223406813,36.36519333795885,0.02398257008797337,0.02074088337913636,0.03257057345521183,0,2,-0.0040944764994389204,attentive,relaxed,attentive,attentive,relaxed,relaxed
418,/home/glyc/Documents/PyProjects/catface/data/cat-emotions-3/train/attentive/00000329_024_png.rf.a8c772b1743e436fdfdc7b01ec5db44a.jpg,0,attentive,1.3457972189885226,34.49995122246509,0.02120318242484709,-0.003152572568278226,0.030850878130314934,0,1,0.003204306730127643,uncomfortable,relaxed,relaxed,relaxed,relaxed,attentive
419,/home/glyc/Documents/PyProjects/catface/data/cat-emotions-3/train/attentive/00000330_009_png.rf.6ae5b67b8794afc152c518f5e2e1fd87.jpg,2,attentive,1.3333389782200233,35.26428753282969,-0.011173153377403166,-0.025261499989821027,0.015801284801202995,0,1,0.0023874940876130735,relaxed,relaxed,relaxed,relaxed,relaxed,uncomfortable
420,/home/glyc/Documents/PyProjects/catface/data/cat-emotions-3/train/attentive/00000330_022_png.rf.a4b50461b160f5e6dfafca587c70fd44.jpg,2,attentive,1.2555095612031133,39.75041842626019,0.10784972747935516,0.08111330236102,0.1296732762402991,0,3,-0.015857596882926733,attentive,attentive,attentive,attentive,relaxed,attentive
421,/home/glyc/Documents/PyProjects/catface/data/cat-emotions-3/train/attentive/00000330_028_png.rf.59c7616bd36ce1ee342166250804a296.jpg,1,attentive,1.3903408763153269,31.635305079328475,0.012811417222656095,0.0003416508382908473,0.02079593795227694,0,1,-0.0037460900470112635,relaxed,relaxed,uncomfortable,relaxed,attentive,attentive
422,/home/glyc/Documents/PyProjects/catface/data/cat-emotions-3/train/attentive/00000331_013_png.rf.400fb758ddb0e06801e7542206b01d5a.jpg,1,attentive,1.3044050130912819,36.98630828901468,-0.034081586237212316,-0.033487327828906406,0.045250286523652476,0,2,0.00787707449433614,attentive,relaxed,relaxed,attentive,relaxed,attentive
423,/home/glyc/Documents/PyProjects/catface/data/cat-emotions-3/train/attentive/00000331_024_png.rf.efc07d6d9df3f342187a8fbf72ace0f9.jpg,0,attentive,1.3045854457771207,36.975784312207125,-0.008454697051885013,-0.0063204152676405445,0.011229633593431739,0,2,-0.00014436351501426192,uncomfortable,uncomfortable,uncomfortable,relaxed,relaxed,attentive
424,/home/glyc/Documents/PyProjects/catface/data/cat-emotions-3/train/attentive/00000332_007_png.rf.e1a9e5fe3d64ed51e6cefc32f44eb764.jpg,0,attentive,1.3716254862740824,32.86588387727425,-0.004192798958739894,-0.006751706764599148,0.006489550012523715,0,1,-0.001708177690888879,attentive,attentive,attentive,attentive,attentive,attentive
425,/home/glyc/Documents/PyProjects/catface/data/cat-emotions-3/train/attentive/00000332_010_png.rf.4a606b59d26d8a2c8867f638d72803cc.jpg,1,attentive,1.3760775309156767,32.57691077519959,0.014449096864535427,0.011233914478028675,0.02261349519281052,0,1,-0.005139635425252004,attentive,uncomfortable,relaxed,attentive,attentive,attentive
426,/home/glyc/Documents/PyProjects/catface/data/cat-emotions-3/train/attentive/00000332_014_png.rf.5b327197c419f5050eed0d330056cd70.jpg,2,attentive,1.2422488053444916,40.47258170670876,0.022819857515929312,0.027948557330159406,0.026744525373909582,0,3,0.0008659782911107361,relaxed,attentive,attentive,relaxed,relaxed,relaxed
427,/home/glyc/Documents/PyProjects/catface/data/cat-emotions-3/train/attentive/00000332_018_png.rf.f61d87a04449b73e9ec2d5a3d9021f67.jpg,3,attentive,1.3605551450061137,33.57485837093427,0.24002037643546464,0.21605642539114636,0.3616038529224715,0,1,-0.04168758167374728,attentive,attentive,attentive,relaxed,attentive,relaxed
428,/home/glyc/Documents/PyProjects/catface/data/cat-emotions-3/train/attentive/00000332_028_png.rf.6192091412b88e330372467d736b4541.jpg,1,attentive,1.3083339144159454,36.756565663227505,-0.018639973054697508,-0.026790749361605054,0.024955985502647483,0,2,0.004276986901567276,attentive,attentive,attentive,attentive,relaxed,uncomfortable
429,/home/glyc/Documents/PyProjects/catface/data/cat-emotions-3/train/attentive/00000333_007_png.rf.1f089241c1e375363e8ece4ce8cca476.jpg,1,attentive,1.2726171894439255,38.80224876963099,0.00795594550103141,0.005032785396688575,0.009894405289419218,0,2,0.0018239219726472744,relaxed,relaxed,attentive,relaxed,relaxed,attentive
430,/home/glyc/Documents/PyProjects/catface/data/cat-emotions-3/train/attentive/00000333_012_png.rf.1266255869ef05f39a9348f343fc0908.jpg,4,attentive,1.2699009533884993,38.95408509778778,-0.061466442065025134,-0.0839974477053486,0.07602923058188116,0,2,0.013320850510479987,uncomfortable,attentive,attentive,attentive,relaxed,relaxed
431,/home/glyc/Documents/PyProjects/catface/data/cat-emotions-3/train/attentive/00000333_023_png.rf.149242eac8ae1b7652f9f8d231acee5a.jpg,2,attentive,1.5885989321497336,13.39123844426491,-0.012945364390112865,-0.011776325809335167,0.054375834519168526,0,0,0.003954394829598584,attentive,uncomfortable,uncomfortable,attentive,uncomfortable,uncomfortable
432,/home/glyc/Documents/PyProjects/catface/data/cat-emotions-3/train/attentive/00000333_025_png.rf.ec4878f54b57a9e902148f563dbee719.jpg,1,attentive,1.5696101617386033,16.016320992910728,0.014939700025443559,0.015227556598391543,0.052044968134514244,0,0,0.0006568565780047109,attentive,uncomfortable,relaxed,attentive,uncomfortable,uncomfortable
433,/home/glyc/Documents/PyProjects/catface/data/cat-emotions-3/train/attentive/00000334_001_png.rf.3de13199d420a838620a42059af9f623.jpg,1,attentive,1.3686931380484855,33.05499021218071,0.1828542047328342,0.17918779591908301,0.2809800262570367,0,1,-0.027703446879116106,attentive,relaxed,attentive,relaxed,attentive,relaxed
434,/home/glyc/Documents/PyProjects/catface/data/cat-emotions-3/train/attentive/00000334_009_png.rf.1573efa8b2766e89ecbd5a0abc30af76.jpg,0,attentive,1.5988145861737295,11.743921414570357,0.20243297606448885,0.2083995878060817,0.9737522045442061,0,0,-0.03987385740008545,attentive,uncomfortable,uncomfortable,uncomfortable,uncomfortable,attentive
435,/home/glyc/Documents/PyProjects/catface/data/cat-emotions-3/train/attentive/00000334_016_png.rf.db49dc342c6423f0bd621dc1ef0c8d1f.jpg,0,attentive,1.2467056304583464,40.231070688425824,-0.03656795581376671,-0.05228117179309943,0.043224764118195445,0,3,0.008564604334390602,uncomfortable,relaxed,attentive,relaxed,relaxed,attentive
436,/home/glyc/Documents/PyProjects/catface/data/cat-emotions-3/train/attentive/00000334_028_png.rf.ea08297fcc663ca03df3441d210df447.jpg,3,attentive,1.4468614042359873,27.623262074225348,0.054443882785625175,0.0461485427118489,0.10403864139053842,0,0,-0.009543801830993626,uncomfortable,uncomfortable,relaxed,relaxed,uncomfortable,uncomfortable
437,/home/glyc/Documents/PyProjects/catface/data/cat-emotions-3/train/attentive/00000335_008_png.rf.5284a31aacdea3e5bf7b5e8a05afece9.jpg,4,attentive,1.5020266042467316,23.103583743788448,0.12070951222718762,0.10750271039429848,0.282950448361546,0,0,-0.02753044275500996,attentive,uncomfortable,uncomfortable,uncomfortable,uncomfortable,relaxed
438,/home/glyc/Documents/PyProjects/catface/data/cat-emotions-3/train/attentive/00000335_025_png.rf.1bb5ad121ac3699524088a02fe0b588a.jpg,4,attentive,1.7506604598128868,0.0,-0.02183043934364046,-0.024213407297140707,,1,0,-0.0008365648873389087,attentive,uncomfortable,uncomfortable,uncomfortable,uncomfortable,attentive
439,/home/glyc/Documents/PyProjects/catface/data/cat-emotions-3/train/attentive/00000335_029_png.rf.83750cc3c5f4ad315d7425c3ecfe9952.jpg,4,attentive,1.2851835334778423,38.09316440941224,0.02709469489740453,0.022056674195526482,0.03456363677640911,0,2,-0.003326624076854273,attentive,attentive,attentive,attentive,relaxed,relaxed
440,/home/glyc/Documents/PyProjects/catface/data/cat-emotions-3/train/attentive/00000336_001_png.rf.b7b024304a8195105ae5d9cc12bc4ec7.jpg,4,attentive,1.4407208544091379,28.084395196844554,-0.010207464959998223,-0.01144735539867843,0.019129420620574135,0,0,0.0026017311610895266,attentive,attentive,attentive,attentive,uncomfortable,uncomfortable
441,/home/glyc/Documents/PyProjects/catface/data/cat-emotions-3/train/attentive/00000336_011_png.rf.35d367e8a3d58e02efd7e732f3d2e327.jpg,4,attentive,1.3052510369065817,36.9369405958311,-0.007714387810461668,-0.0063197814518282415,0.01026081512507858,0,2,-0.0013623210638069594,attentive,relaxed,relaxed,attentive,relaxed,attentive
442,/home/glyc/Documents/PyProjects/catface/data/cat-emotions-3/train/attentive/00000336_020_png.rf.cbca0cab4e74df3dc6933c3730efb9f8.jpg,0,attentive,1.242717196103955,40.447256275558935,-0.008627138731606178,-0.006282749293554368,0.010119930912673792,0,3,0.0028873471893637315,attentive,attentive,attentive,attentive,relaxed,uncomfortable
443,/home/glyc/Documents/PyProjects/catface/data/cat-emotions-3/train/attentive/00000337_000_png.rf.d8cdbec337738b4e406d94da83e1a211.jpg,1,attentive,1.3013940611721975,37.16154911886642,0.10043319012568919,0.05889683362643252,0.13250038990278828,0,2,-0.012215626910468708,relaxed,relaxed,attentive,relaxed,relaxed,relaxed
444,/home/glyc/Documents/PyProjects/catface/data/cat-emotions-3/train/attentive/00000337_011_png.rf.ff2a188e5936b50d3ce212e755822455.jpg,4,attentive,1.2065741096184783,42.364709291837045,0.0674221639644908,0.057225198431494,0.07392808639241011,0,3,-0.008362421617711141,attentive,attentive,attentive,attentive,relaxed,relaxed
445,/home/glyc/Documents/PyProjects/catface/data/cat-emotions-3/train/attentive/00000337_018_png.rf.4c0b44c4e7073ae03d48c906b45c0e52.jpg,4,attentive,1.2183951045363661,41.74552679328003,0.05618227797051739,0.03170898766282254,0.06295681757080326,0,3,-0.00472506029869757,uncomfortable,attentive,attentive,relaxed,relaxed,uncomfortable
446,/home/glyc/Documents/PyProjects/catface/data/cat-emotions-3/train/attentive/00000337_025_png.rf.cc55c6ed56d0cbc76390f5b42f5bf713.jpg,2,attentive,1.471792366424396,25.67285208154654,-0.0026396439166672635,-0.002236343041091629,0.00549143211368792,0,0,0.0013176394896780297,relaxed,attentive,attentive,relaxed,uncomfortable,attentive
447,/home/glyc/Documents/PyProjects/catface/data/cat-emotions-3/train/attentive/00000338_005_png.rf.d2fe966de65e7973dc58f241e189cf90.jpg,0,attentive,1.2335712792787468,40.93942173012755,-0.10589748544119322,-0.10621148797080776,0.12208157069011462,0,3,0.015180993846135221,uncomfortable,attentive,attentive,attentive,relaxed,attentive
448,/home/glyc/Documents/PyProjects/catface/data/cat-emotions-3/train/attentive/00000338_011_png.rf.8f03876ac36c284d0ead4c004377964f.jpg,0,attentive,1.3369247649617089,35.045784775913624,0.0006553470887727061,-0.0027487684383096043,0.0009343426573921148,0,1,-0.002201973603079832,attentive,attentive,attentive,attentive,relaxed,uncomfortable
449,/home/glyc/Documents/PyProjects/catface/data/cat-emotions-3/train/attentive/00000338_018_png.rf.1d0bb08dcd44ffe3ab229ffb209aee72.jpg,3,attentive,1.3089371267137733,36.721183591188826,-0.04645439762013413,-0.03756796549191654,0.062275290453601785,0,2,0.004584951100613854,attentive,relaxed,relaxed,attentive,relaxed,attentive
450,/home/glyc/Documents/PyProjects/catface/data/cat-emotions-3/train/attentive/00000339_016_png.rf.830fcd8012babb530aaca4360d0605b0.jpg,0,attentive,1.4005611657963621,30.94486675333421,0.06789049429317794,0.041585180757922446,0.11323542732292777,0,1,-0.011173332701685385,relaxed,uncomfortable,uncomfortable,uncomfortable,attentive,relaxed
451,/home/glyc/Documents/PyProjects/catface/data/cat-emotions-3/train/attentive/00000339_022_png.rf.cff2e2e3490560125904cf0821bca925.jpg,1,attentive,1.1067605326515992,47.33211549709226,0.31343887811197674,0.15270705278327895,0.2889079499377157,0,3,-0.02908071880775147,attentive,attentive,attentive,attentive,relaxed,relaxed
452,/home/glyc/Documents/PyProjects/catface/data/cat-emotions-3/train/attentive/00000340_003_png.rf.8c57221ad4769405713e0cbd6c5fec2f.jpg,1,attentive,1.1079798279403692,47.27390678949469,-0.005298964750579671,-0.0010539323483266146,0.00489421390850928,0,3,0.0011863650025650818,attentive,attentive,attentive,attentive,relaxed,attentive
453,/home/glyc/Documents/PyProjects/catface/data/cat-emotions-3/train/attentive/00000340_016_png.rf.96a2cbab3e70b3a8304f6dc7c2f5cf66.jpg,4,attentive,1.332759214160501,35.29950525761324,0.029517921604757587,0.032387752933014095,0.04169041901605987,0,1,-0.006323241909019478,attentive,attentive,attentive,attentive,relaxed,attentive
454,/home/glyc/Documents/PyProjects/catface/data/cat-emotions-3/train/attentive/00000340_022_png.rf.7a31dccfd6b1d823148057dd54fe3caa.jpg,4,attentive,1.3430698614259822,34.66853800786727,-0.03065915585799369,-0.021359125823966527,0.044329433818932396,0,1,0.005336418460049452,relaxed,relaxed,relaxed,relaxed,relaxed,uncomfortable
455,/home/glyc/Documents/PyProjects/catface/data/cat-emotions-3/train/attentive/00000340_023_png.rf.f4999ed21dc63c6c468f499c9b3fd47b.jpg,2,attentive,1.3253863678897946,35.74473507740951,-0.018397860813547228,-0.02788584577720849,0.02556119413662586,0,2,0.004450785664001117,relaxed,attentive,attentive,relaxed,relaxed,uncomfortable
456,/home/glyc/Documents/PyProjects/catface/data/cat-emotions-3/train/attentive/00000340_025_png.rf.ad9a24e1dff9bfb50b02d73a6f789bca.jpg,3,attentive,1.3031024499234705,37.06220603606181,-0.0184358160025321,-0.023502410241671375,0.024409969150264717,0,2,0.007319260051773663,relaxed,relaxed,attentive,attentive,relaxed,relaxed
457,/home/glyc/Documents/PyProjects/catface/data/cat-emotions-3/train/attentive/00000340_028_png.rf.014796fa8d190a0609d69eeaa18fd559.jpg,1,attentive,1.3010966231625516,37.17882196193816,0.04999743417498345,0.04067301458144527,0.06591976797320827,0,2,-0.008455791653122269,relaxed,relaxed,attentive,relaxed,relaxed,relaxed
458,/home/glyc/Documents/PyProjects/catface/data/cat-emotions-3/train/attentive/00000341_005_png.rf.ec4afb29261a440a737296bcc9914484.jpg,1,attentive,1.5107705676429224,22.308788736637283,-0.12831475994219502,-0.14899521717242206,0.31272706744945783,0,0,0.029101187358916897,attentive,attentive,attentive,attentive,uncomfortable,relaxed
459,/home/glyc/Documents/PyProjects/catface/data/cat-emotions-3/train/attentive/00000341_026_png.rf.8322ad25e3700e1c532264a372bf2e12.jpg,0,attentive,1.4778223949362952,25.180082593985947,-0.12074326130123786,-0.09134551379101735,0.25682419086273023,0,0,0.022514163536624388,attentive,uncomfortable,uncomfortable,relaxed,uncomfortable,relaxed
460,/home/glyc/Documents/PyProjects/catface/data/cat-emotions-3/train/attentive/00000342_019_png.rf.464bc5c6bede170dc271d1b3944091e8.jpg,4,attentive,1.270266941706272,38.933655570533055,0.035304056909081796,0.0303371800155139,0.04370024710346291,0,2,-0.008580135826950108,attentive,relaxed,relaxed,attentive,relaxed,attentive
461,/home/glyc/Documents/PyProjects/catface/data/cat-emotions-3/train/attentive/00000342_024_png.rf.9730a59c6938f545da943bcd1b831eb9.jpg,3,attentive,1.2440461682235502,40.37532844470519,-0.02325960173423143,-0.031969267746365035,0.027353794904451344,0,3,0.003923707603310872,attentive,relaxed,attentive,attentive,relaxed,uncomfortable
462,/home/glyc/Documents/PyProjects/catface/data/cat-emotions-3/train/attentive/00000343_015_png.rf.8ceeef3fb61787d7785eafb763c12453.jpg,4,attentive,1.5896244102372223,13.234987916716209,0.1579209372464386,0.14553956862718262,0.6714547584127126,0,0,-0.033955132155437634,attentive,attentive,attentive,attentive,uncomfortable,relaxed
463,/home/glyc/Documents/PyProjects/catface/data/cat-emotions-3/train/attentive/00000343_017_png.rf.ae87456d7407482c5a0bf9b20e87a277.jpg,0,attentive,1.4112487485102918,30.20769190422461,-0.021317067388307343,-0.030732183436339378,0.03661508137135512,0,1,0.007982384515050539,attentive,attentive,attentive,attentive,uncomfortable,relaxed
464,/home/glyc/Documents/PyProjects/catface/data/cat-emotions-3/train/attentive/00000343_020_png.rf.8e87d0bf67c61bc9168b90ca15407940.jpg,0,attentive,1.3849788566777288,31.99218646295021,0.004782786258801001,0.014808265097402544,0.0076563811671413766,0,1,-0.001176420368641462,uncomfortable,uncomfortable,relaxed,relaxed,attentive,attentive
465,/home/glyc/Documents/PyProjects/catface/data/cat-emotions-3/train/attentive/00000343_024_png.rf.94d28a27e98e1d1ae6de1c9cdd17ebcd.jpg,0,attentive,1.2334942980125225,40.94354355832285,-0.12843927248506778,-0.1003745313798423,0.1480468526857971,0,3,0.015384130866953005,uncomfortable,relaxed,attentive,relaxed,relaxed,relaxed
466,/home/glyc/Documents/PyProjects/catface/data/cat-emotions-3/train/attentive/00000344_000_png.rf.89544f7df2b8a2f6bee8c0572a5bb6db.jpg,0,attentive,1.3493285909115602,34.28058722242179,0.019550555440665262,0.022650557183989454,0.028680911983255123,0,1,-0.0038533951590066506,uncomfortable,relaxed,relaxed,attentive,relaxed,relaxed
467,/home/glyc/Documents/PyProjects/catface/data/cat-emotions-3/train/attentive/00000344_003_png.rf.bdfc7ac0da0ac7df5849f36762f0f769.jpg,0,attentive,1.2559076474372406,39.72857047195192,0.04073514121596225,0.021144645976956505,0.04901596198621696,0,3,-0.007702617590917171,attentive,attentive,attentive,attentive,relaxed,relaxed
468,/home/glyc/Documents/PyProjects/catface/data/cat-emotions-3/train/attentive/00000344_020_png.rf.feb74879a04a0b480b49ecdb6e331659.jpg,2,attentive,1.3916846468998954,31.54530103145889,0.02774988160922825,-0.03184857839195377,0.04520342791578612,0,1,0.0001210817018808541,relaxed,relaxed,attentive,relaxed,attentive,attentive
469,/home/glyc/Documents/PyProjects/catface/data/cat-emotions-3/train/attentive/00000345_001_png.rf.28ddbbf7ba9554a112ceb2dab3a5d5ba.jpg,3,attentive,1.2933733677801822,37.62495280035507,-0.008187209068158027,0.013578608424454948,0.010621735260005863,0,2,0.005482456147311354,relaxed,attentive,attentive,relaxed,relaxed,attentive
470,/home/glyc/Documents/PyProjects/catface/data/cat-emotions-3/train/attentive/00000345_007_png.rf.4f5997b136db5ad126e5730cfb2f6b66.jpg,1,attentive,1.5768540824491264,15.067750735164509,0.03179278473043529,0.025268976019079206,0.11809354075039638,0,0,-0.005496861589239899,relaxed,attentive,attentive,relaxed,uncomfortable,relaxed
471,/home/glyc/Documents/PyProjects/catface/data/cat-emotions-3/train/attentive/00000345_025_png.rf.39693e98aa56f9d69fc7fe4493c76dbe.jpg,2,attentive,1.2366062899533476,40.77664383295806,0.08267501636608432,0.04419103259920759,0.0958589002531456,0,3,-0.010976765499517566,relaxed,attentive,attentive,attentive,relaxed,relaxed
472,/home/glyc/Documents/PyProjects/catface/data/cat-emotions-3/train/attentive/00000346_010_png.rf.b3c1cbe3341ca3cc6bfe430367def6b3.jpg,1,attentive,1.2663157561267429,39.15373739130027,-0.03588591855291662,-0.03060063228932768,0.04407309183125381,0,2,0.0017180369562933007,attentive,relaxed,attentive,relaxed,relaxed,attentive
473,/home/glyc/Documents/PyProjects/catface/data/cat-emotions-3/train/attentive/00000347_010_png.rf.e4f932c397f6d5f6c333173a9177bd84.jpg,1,attentive,1.2721768683139567,38.82689645412684,-0.028791155795868828,-0.026923737945029336,0.035774573221653186,0,2,0.009239275203183323,attentive,attentive,attentive,attentive,relaxed,relaxed
474,/home/glyc/Documents/PyProjects/catface/data/cat-emotions-3/train/attentive/00000347_021_png.rf.377664d00cd613b188387862d691d252.jpg,1,attentive,1.430043773679232,28.870079235578984,0.06278090798095343,0.044800466321549236,0.11386792200160892,0,0,-0.013269847363151677,attentive,relaxed,relaxed,attentive,uncomfortable,uncomfortable
475,/home/glyc/Documents/PyProjects/catface/data/cat-emotions-3/train/attentive/00000347_022_png.rf.0ac63928448a64ce40ccb861bb12993b.jpg,1,attentive,1.4677777361959563,25.996090590769477,0.010785334068843336,0.014492556988297442,0.022117041875542146,0,0,-0.0049129887150774765,uncomfortable,uncomfortable,uncomfortable,uncomfortable,uncomfortable,attentive
476,/home/glyc/Documents/PyProjects/catface/data/cat-emotions-3/train/attentive/00000348_015_png.rf.34677c29fea86dcffa76017d5a1392ae.jpg,3,attentive,1.3901361169280775,31.648999455886493,-0.0223428607707077,-0.02641323822998085,0.036248305017259785,0,1,0.0029640634657901455,attentive,uncomfortable,relaxed,uncomfortable,attentive,uncomfortable
477,/home/glyc/Documents/PyProjects/catface/data/cat-emotions-3/train/attentive/00000348_020_png.rf.ce8f74b71993a7492071f19fcb78085a.jpg,2,attentive,1.623164471596138,6.290976106999968,-0.019224997083560336,-0.02959099458632341,0.17438965497304526,0,0,0.0018883984273644072,attentive,uncomfortable,uncomfortable,uncomfortable,uncomfortable,uncomfortable
478,/home/glyc/Documents/PyProjects/catface/data/cat-emotions-3/train/attentive/00000349_008_png.rf.f6ea72a2fd6041d4be8b74b55392eb32.jpg,4,attentive,1.2274692243787402,41.26509394421072,0.25017170917227766,0.21464522724206853,0.28511460943419603,0,3,-0.040924160349209704,attentive,attentive,attentive,attentive,relaxed,uncomfortable
479,/home/glyc/Documents/PyProjects/catface/data/cat-emotions-3/train/attentive/00000349_014_png.rf.5a940e527d965733602409eec089dd46.jpg,1,attentive,1.3550846653705861,33.920360866092764,-0.06350654574109295,-0.048774812814955194,0.09443520140067764,0,1,0.015288742688471496,relaxed,uncomfortable,relaxed,relaxed,relaxed,relaxed
480,/home/glyc/Documents/PyProjects/catface/data/cat-emotions-3/train/attentive/00000349_015_png.rf.fe02ebab77629f6941efaa1818732b79.jpg,4,attentive,1.3304442475066423,35.43982414902447,-0.009307386333585944,-0.01997681922724139,0.013077505220950561,0,2,0.0032760834429468866,relaxed,relaxed,relaxed,relaxed,relaxed,uncomfortable
481,/home/glyc/Documents/PyProjects/catface/data/cat-emotions-3/train/attentive/00000349_019_png.rf.3521d225cad50b615c3f59e481242116.jpg,2,attentive,1.4908041708397113,24.087299566997352,0.10627200690177609,0.10017066659534594,0.23771540046765244,0,0,-0.022328914824110563,attentive,attentive,attentive,attentive,uncomfortable,uncomfortable
482,/home/glyc/Documents/PyProjects/catface/data/cat-emotions-3/train/attentive/00000349_021_png.rf.3ece5622c4b96fa3b843a36de8add96e.jpg,4,attentive,1.4582496900021586,26.748686751055377,0.003007633796171318,-0.0035043813103425863,0.005967376401080018,0,0,-0.0033142434884100014,relaxed,relaxed,relaxed,relaxed,uncomfortable,relaxed
483,/home/glyc/Documents/PyProjects/catface/data/cat-emotions-3/train/attentive/00000350_005_png.rf.148adc35a9b7eccaad15adfdef83b8b5.jpg,4,attentive,1.1974466975051468,42.83782387239466,0.001801206659144779,0.004780126898451469,0.0019425523412018992,0,3,0.0003833108877455693,uncomfortable,attentive,attentive,attentive,relaxed,attentive
484,/home/glyc/Documents/PyProjects/catface/data/cat-emotions-3/train/attentive/00000350_013_png.rf.f5ff970440ab3d25c74e1115d7db08f0.jpg,0,attentive,1.359127363423608,33.6653351400906,-0.0027444912487536227,-0.0007175786397866233,0.004120589615005913,0,1,-0.000682175881782987,attentive,attentive,attentive,attentive,relaxed,attentive
485,/home/glyc/Documents/PyProjects/catface/data/cat-emotions-3/train/attentive/00000350_016_png.rf.62565b58ab106f049948912cceb1ae4e.jpg,0,attentive,1.320549420159587,36.03423301812851,-0.04112055194332253,-0.04374662826432074,0.056526530476572294,0,2,0.006572759557373298,attentive,attentive,attentive,attentive,relaxed,relaxed
486,/home/glyc/Documents/PyProjects/catface/data/cat-emotions-3/train/attentive/00000350_024_png.rf.5d06e46a545267a8ade3447c191f12c0.jpg,0,attentive,1.3976831297147083,31.140685793347473,-0.03349380588478479,-0.02373877369067583,0.05543427818067467,0,1,0.006572753631198108,uncomfortable,attentive,attentive,relaxed,attentive,uncomfortable
487,/home/glyc/Documents/PyProjects/catface/data/cat-emotions-3/train/attentive/00000350_029_png.rf.785b6fa8fb7b19009014d1ca75c57184.jpg,4,attentive,1.2243234546561732,41.432164459051194,-0.02996968112881162,-0.025235387545851872,0.03395548486327368,0,3,0.0028289432881063725,relaxed,relaxed,relaxed,relaxed,relaxed,relaxed
488,/home/glyc/Documents/PyProjects/catface/data/cat-emotions-3/train/attentive/00000351_000_png.rf.809e2aa5ae7dd60e77008c9063c3bc3a.jpg,3,attentive,1.2197823071751113,41.67237436986075,0.0042697387132159224,0.004159806301506622,0.004796904270806942,0,3,0.00273806485191716,relaxed,relaxed,attentive,relaxed,relaxed,attentive
489,/home/glyc/Documents/PyProjects/catface/data/cat-emotions-3/train/attentive/00000351_008_png.rf.adbc053076d0d504d647398d28cb18c1.jpg,4,attentive,1.050929345344146,49.942336143121686,0.10460434626340889,0.05889059238460853,0.08795302022994912,0,3,-0.01230034174658673,attentive,attentive,attentive,attentive,relaxed,relaxed
490,/home/glyc/Documents/PyProjects/catface/data/cat-emotions-3/train/attentive/00000351_018_png.rf.48cba40ae4c2b68b900d0af627ddc128.jpg,2,attentive,1.3748735208829403,32.655284834234536,0.06075958351581843,0.0732978586201972,0.09480544556264663,0,1,-0.012285857728662836,relaxed,relaxed,uncomfortable,uncomfortable,attentive,relaxed
491,/home/glyc/Documents/PyProjects/catface/data/cat-emotions-3/train/attentive/00000351_024_png.rf.3f802fa6d400dc3ccbb8a734fd8ae7aa.jpg,2,attentive,1.4096150361349264,30.321425232093056,-0.04770551658187806,-0.05734740608027703,0.08156817093118665,0,1,0.005560348709976404,attentive,attentive,attentive,attentive,attentive,attentive
492,/home/glyc/Documents/PyProjects/catface/data/cat-emotions-3/train/attentive/00000351_025_png.rf.15592c0b4208b79018d747d2169cdd13.jpg,1,attentive,1.3924761387736109,31.492179984153843,-0.012064692722213029,-0.0017799715142131631,0.019693822096725752,0,1,0.0009394539631760734,attentive,attentive,attentive,attentive,attentive,uncomfortable
493,/home/glyc/Documents/PyProjects/catface/data/cat-emotions-3/train/attentive/00000351_027_png.rf.cd66f74e9569fd131138390903d221cf.jpg,4,attentive,1.3489900883691255,34.30166784926772,0.008610261473867271,-0.01721526575738772,0.012621382063994204,0,1,0.0023223701613341308,relaxed,attentive,attentive,attentive,relaxed,attentive
494,/home/glyc/Documents/PyProjects/catface/data/cat-emotions-3/train/attentive/00000352_000_png.rf.a8c2cdc1911b5eac14b141a41a4e4621.jpg,4,attentive,1.254085278185105,39.82850471631127,-0.11819400459353001,-0.09721005658155459,0.14171742650367153,0,3,0.015924306280764522,uncomfortable,attentive,attentive,attentive,relaxed,uncomfortable
495,/home/glyc/Documents/PyProjects/catface/data/cat-emotions-3/train/attentive/00000352_001_png.rf.9fb01742c246c3906eb9dd3d1fac27e5.jpg,0,attentive,1.2883811379972332,37.910942746381835,-0.05050069253946571,-0.04744791475541906,0.06484544226007619,0,2,0.009276137166858323,attentive,attentive,attentive,attentive,relaxed,attentive
496,/home/glyc/Documents/PyProjects/catface/data/cat-emotions-3/train/attentive/00000352_013_png.rf.29c9bfe36678e3627cc9d928ccb576f8.jpg,0,attentive,1.2600993284327286,39.497908601662594,0.050485517210035386,0.03059804380886822,0.06124838458040543,0,3,-0.010027289580706422,uncomfortable,relaxed,relaxed,relaxed,relaxed,relaxed
497,/home/glyc/Documents/PyProjects/catface/data/cat-emotions-3/train/attentive/00000352_014_png.rf.8fd80af59ec8e40a62dc6da039947711.jpg,0,attentive,1.3434480295855236,34.64520509978407,0.02428231319732036,0.007133598460878809,0.03513986954219451,0,1,-0.0052865786761819855,uncomfortable,attentive,relaxed,uncomfortable,relaxed,uncomfortable
498,/home/glyc/Documents/PyProjects/catface/data/cat-emotions-3/train/attentive/00000352_020_png.rf.338afb294da3c5df208f9143c06de9d4.jpg,2,attentive,1.4009751187744608,30.916609913497613,0.024154073630471794,0.001988825374190051,0.040331977781244414,0,1,-0.0025194020502353476,relaxed,relaxed,relaxed,relaxed,attentive,relaxed
499,/home/glyc/Documents/PyProjects/catface/data/cat-emotions-3/train/attentive/00000353_002_png.rf.a5028e7de4202d1f4b205e4d31da8a58.jpg,3,attentive,1.2395416400321324,40.61869937234219,-0.023553795455453923,-0.013886052611992994,0.027462540427101667,0,3,0.0022619302832876387,relaxed,relaxed,attentive,relaxed,relaxed,relaxed
500,/home/glyc/Documents/PyProjects/catface/data/cat-emotions-3/train/attentive/00000354_001_png.rf.8e1b8313ad756be59b921922d0402339.jpg,2,attentive,1.1363579720016195,45.90323649622582,-0.010443932685813655,0.007623119671836021,0.01011973096517348,0,3,-0.0007676560427370971,uncomfortable,attentive,attentive,attentive,relaxed,relaxed
501,/home/glyc/Documents/PyProjects/catface/data/cat-emotions-3/train/attentive/00000354_025_png.rf.6745135a578517bf203d2091928edd54.jpg,2,attentive,1.2404461328075311,40.569928329378335,0.15480779839499792,0.13172586753057755,0.18080932743491418,0,3,-0.023625663657047075,relaxed,relaxed,attentive,relaxed,relaxed,attentive
502,/home/glyc/Documents/PyProjects/catface/data/cat-emotions-3/train/attentive/00000354_029_png.rf.427f8525babc0af0f8c661f97a977805.jpg,0,attentive,1.4500637869656923,27.37993993526189,0.03493603689319821,0.02610471567378866,0.06745624169479904,0,0,-0.00915643128613923,uncomfortable,uncomfortable,uncomfortable,uncomfortable,uncomfortable,attentive
503,/home/glyc/Documents/PyProjects/catface/data/cat-emotions-3/train/attentive/00000355_013_png.rf.a4f5bd8e2f7801f4cb968a919fd1985c.jpg,1,attentive,1.3524006004111795,34.088751257961874,-0.09655042533086308,-0.09804392818568206,0.14266470694856212,0,1,0.016277497563542187,attentive,attentive,attentive,attentive,relaxed,attentive
504,/home/glyc/Documents/PyProjects/catface/data/cat-emotions-3/train/attentive/00000355_024_png.rf.eb24a33ddeae4fe9534963ac303324ce.jpg,0,attentive,1.6602509089122028,0.0,-0.1288588790860533,-0.1175272207469235,,1,0,0.0318523274947915,attentive,attentive,attentive,attentive,uncomfortable,uncomfortable
505,/home/glyc/Documents/PyProjects/catface/data/cat-emotions-3/train/attentive/00000355_027_png.rf.97dd1e4e6bfd7459edf5a32f05f4806c.jpg,0,attentive,1.2192885512956246,41.69842399323842,0.0017828133296839339,0.009079729388446402,0.002001096633766115,0,3,0.0020509432741959988,uncomfortable,relaxed,attentive,relaxed,relaxed,attentive
506,/home/glyc/Documents/PyProjects/catface/data/cat-emotions-3/train/attentive/00000356_003_png.rf.ad03d7145c8c2c49aa5216382488510a.jpg,0,attentive,1.4007769915978021,30.93013717237828,-0.0479407998308846,-0.03525082524529877,0.08000770655495563,0,1,0.009508445499230078,relaxed,relaxed,attentive,relaxed,attentive,relaxed
507,/home/glyc/Documents/PyProjects/catface/data/cat-emotions-3/train/attentive/00000356_010_png.rf.5f7d2d5efa54004f311df369fd56342a.jpg,1,attentive,1.1556906384014687,44.95102117748174,-0.18165684750616984,-0.12652398332653297,0.18196768900490912,0,3,0.02288250444755724,uncomfortable,attentive,attentive,attentive,relaxed,uncomfortable
508,/home/glyc/Documents/PyProjects/catface/data/cat-emotions-3/train/attentive/00000357_012_png.rf.127904f37f043bb1c49fe7ad05502edf.jpg,4,attentive,1.2297333451536432,41.14450308577778,0.03928246196532471,0.04496601433645552,0.04495978872751584,0,3,-0.008291525841937514,relaxed,uncomfortable,uncomfortable,uncomfortable,relaxed,uncomfortable
509,/home/glyc/Documents/PyProjects/catface/data/cat-emotions-3/train/attentive/00000357_016_png.rf.ff7403de71675441e2585867f7dad874.jpg,3,attentive,1.3399987033381895,34.857521826690686,-0.0070436252260601935,-0.01152188528363882,0.01011276934701603,0,1,-0.0008303592928314008,attentive,attentive,attentive,attentive,relaxed,uncomfortable
510,/home/glyc/Documents/PyProjects/catface/data/cat-emotions-3/train/attentive/00000357_017_png.rf.bc692d392194312dbc1811036bda70c7.jpg,3,attentive,1.0751023310797838,48.8250014225406,0.09618323201832248,0.04327777536815554,0.08412794723474425,0,3,-0.009799407797939391,attentive,attentive,attentive,attentive,relaxed,uncomfortable
511,/home/glyc/Documents/PyProjects/catface/data/cat-emotions-3/train/attentive/00000357_018_png.rf.eee5ad3208ec0455daabb78e4c939a31.jpg,2,attentive,1.2918602594325705,37.71182914743862,-0.021789035422564346,-0.027483808265957664,0.028179691535017797,0,2,0.004106645132455539,attentive,attentive,attentive,attentive,relaxed,uncomfortable
512,/home/glyc/Documents/PyProjects/catface/data/cat-emotions-3/train/attentive/00000357_025_png.rf.94dcf1b566401715f6113bd7c8e8371c.jpg,1,attentive,1.342051813749005,34.731283211020674,-0.02151449887493505,-0.015242599832881438,0.031034664088130465,0,1,0.003197382359641815,uncomfortable,attentive,attentive,relaxed,relaxed,attentive
513,/home/glyc/Documents/PyProjects/catface/data/cat-emotions-3/train/attentive/00000357_028_png.rf.2719b4e59ad4dbac6816aad69e3e2f6e.jpg,2,attentive,1.3296835289293625,35.485828856220365,0.15461845609950722,0.15596395331241036,0.21688052603163538,0,2,-0.029953184573439623,relaxed,attentive,relaxed,attentive,relaxed,uncomfortable
514,/home/glyc/Documents/PyProjects/catface/data/cat-emotions-3/train/attentive/00000358_003_png.rf.e572a835e4e1e7cc402cb5bc2fb08c83.jpg,3,attentive,1.0985469135852741,47.72282213691117,-0.03691779980874523,-0.04103559917143876,0.0335657422686858,0,3,0.0019233386537808594,attentive,relaxed,attentive,relaxed,relaxed,relaxed
515,/home/glyc/Documents/PyProjects/catface/data/cat-emotions-3/train/attentive/00000358_014_png.rf.574fc4acc9637a07345d7202da46b782.jpg,1,attentive,1.2186015023646533,41.734649289725404,-0.10274935074588155,-0.07051811823466932,0.11518302559413897,0,3,0.010432936133138782,attentive,uncomfortable,uncomfortable,relaxed,relaxed,relaxed
516,/home/glyc/Documents/PyProjects/catface/data/cat-emotions-3/train/attentive/00000358_021_png.rf.879391dd29b8146a3419a62ba9c795c2.jpg,4,attentive,1.2135268769739467,42.001423563326156,-0.08452263296908397,-0.05462745133575829,0.09386720373975146,0,3,0.007579113687496003,relaxed,attentive,attentive,attentive,relaxed,uncomfortable
517,/home/glyc/Documents/PyProjects/catface/data/cat-emotions-3/train/attentive/00000359_003_png.rf.3b6be50f2c47d3f34469105213d3dc97.jpg,1,attentive,1.3708559171897525,32.91560646507295,-0.04028717764254063,-0.03293405289621505,0.062237317015765965,0,1,0.008270318328957305,attentive,attentive,attentive,attentive,attentive,uncomfortable
518,/home/glyc/Documents/PyProjects/catface/data/cat-emotions-3/train/attentive/00000359_012_png.rf.0d505f31c6e74f8b61aa0c222fbb4ac3.jpg,0,attentive,1.3138345411661667,36.432827594774,-0.0015189416981032603,-0.013900339945769485,0.002057772966012284,0,2,0.003423803817841825,uncomfortable,uncomfortable,uncomfortable,uncomfortable,relaxed,uncomfortable
519,/home/glyc/Documents/PyProjects/catface/data/cat-emotions-3/train/attentive/00000360_005_png.rf.50cbc3f3317d01315a01eff6a3e25b82.jpg,1,attentive,1.3387644618349566,34.93321917893483,0.0020050859599675813,-0.0005352762838469677,0.0028706749811212135,0,1,-0.0023070461017958843,relaxed,attentive,attentive,relaxed,relaxed,uncomfortable
520,/home/glyc/Documents/PyProjects/catface/data/cat-emotions-3/train/attentive/00000360_025_png.rf.f4eac82ef69ea28912c665b0b11f57ca.jpg,2,attentive,1.302552040525751,37.094237301352145,0.00883758200427636,0.01233042234296511,0.011687821251888553,0,2,-0.0029026746738601283,relaxed,relaxed,relaxed,relaxed,relaxed,uncomfortable
521,/home/glyc/Documents/PyProjects/catface/data/cat-emotions-3/train/attentive/00000360_026_png.rf.5837d536e4b3f2311d8dffdedadd1b6c.jpg,0,attentive,1.517232334593887,21.70373011564653,-0.012006942200691062,-0.01908051704881892,0.030166396591537248,0,0,0.0032200182824049794,attentive,uncomfortable,uncomfortable,uncomfortable,uncomfortable,uncomfortable
522,/home/glyc/Documents/PyProjects/catface/data/cat-emotions-3/train/attentive/00000361_002_png.rf.c6f96032f2338501a481db01ab391a55.jpg,2,attentive,1.362798366827157,33.432271680976456,-0.03298540303888607,-0.04313860400551728,0.049963731096010704,0,1,0.008021007639751027,uncomfortable,attentive,attentive,attentive,relaxed,uncomfortable
523,/home/glyc/Documents/PyProjects/catface/data/cat-emotions-3/train/attentive/00000361_011_png.rf.1df4ba81e3d6b3465ee3be09182778cf.jpg,2,attentive,1.2375197089697914,40.727549063297396,-0.010962559385875651,-0.022681770407119783,0.0127327623487997,0,3,0.001300621209934738,uncomfortable,attentive,attentive,attentive,relaxed,relaxed
524,/home/glyc/Documents/PyProjects/catface/data/cat-emotions-3/train/attentive/00000361_018_png.rf.140f089c2e725f4b3a212ed638032151.jpg,1,attentive,1.3685954874515083,33.06127116261574,-0.0173873358572422,-0.028180090473910426,0.026711569438706867,0,1,0.0031730964652296745,uncomfortable,uncomfortable,uncomfortable,relaxed,attentive,relaxed
525,/home/glyc/Documents/PyProjects/catface/data/cat-emotions-3/train/attentive/00000361_023_png.rf.b7f47e06015db31c0f0fbd61606a2270.jpg,0,attentive,1.3357383054526457,35.118213747354645,0.05504326253597449,0.06380232922713734,0.07826574242724568,0,1,-0.0070912990484739424,relaxed,attentive,attentive,attentive,relaxed,relaxed
526,/home/glyc/Documents/PyProjects/catface/data/cat-emotions-3/train/attentive/00000361_027_png.rf.d75d650b300d6dfa80c7348adce8e7d1.jpg,3,attentive,1.3226691095621865,35.9076154084925,0.04855506993099966,0.03789259901193058,0.0670574320444976,0,2,-0.00624171931377368,attentive,attentive,attentive,attentive,relaxed,attentive
527,/home/glyc/Documents/PyProjects/catface/data/cat-emotions-3/train/attentive/00000362_011_png.rf.f46f308b0fc44dff485d5bba26d613cc.jpg,1,attentive,1.7822627642664333,0.0,-0.046841174485299716,-0.033390853128779895,,1,0,0.011128388397871836,attentive,uncomfortable,uncomfortable,uncomfortable,uncomfortable,attentive
528,/home/glyc/Documents/PyProjects/catface/data/cat-emotions-3/train/attentive/00000362_018_png.rf.6de33561bb4d3808a320c3a6302432a7.jpg,1,attentive,1.219778788002694,41.67256008179334,-0.027504684507974848,3.3279461208802816e-05,0.030900363313284707,0,3,0.0025073880709444163,uncomfortable,attentive,attentive,attentive,relaxed,relaxed
529,/home/glyc/Documents/PyProjects/catface/data/cat-emotions-3/train/attentive/00000362_024_png.rf.a97d2af3dc64e9463bfd7d19d811324a.jpg,1,attentive,1.4770639764917055,25.24255368371092,0.03150431949154752,0.0378881714821869,0.06682122310307567,0,0,-0.006684102788244134,attentive,attentive,attentive,attentive,uncomfortable,relaxed
530,/home/glyc/Documents/PyProjects/catface/data/cat-emotions-3/train/attentive/00000363_003_png.rf.6f358ed71f3a71e069318ea3f6428075.jpg,1,attentive,1.6329651742193116,0.36338228536232386,0.143454576889218,0.12597211907180345,,0,0,-0.029735246531520265,attentive,uncomfortable,uncomfortable,uncomfortable,uncomfortable,attentive
531,/home/glyc/Documents/PyProjects/catface/data/cat-emotions-3/train/attentive/00000363_022_png.rf.7225801c81d6c5048babc6c232e73394.jpg,0,attentive,1.2963862028832125,37.45145729179198,-0.0007410954407579588,-0.014300490412062205,0.0009675105199310707,0,2,0.001024529197428986,attentive,attentive,attentive,attentive,relaxed,attentive
532,/home/glyc/Documents/PyProjects/catface/data/cat-emotions-3/train/attentive/00000364_019_png.rf.16a8f8815e47105d899a9c571eb5db17.jpg,3,attentive,1.3551789817879418,33.91443035200898,0.008115386011848866,0.019843832658817572,0.012070400516546242,0,1,-0.0017971176163870395,attentive,attentive,attentive,attentive,relaxed,relaxed
533,/home/glyc/Documents/PyProjects/catface/data/cat-emotions-3/train/attentive/00000364_020_png.rf.148369515f38261ebbd53ee4f770d586.jpg,2,attentive,1.3031684187647785,37.05836536541497,-0.17795495888899515,-0.15042177825869324,0.23565436774231854,0,2,0.02749057968819213,uncomfortable,attentive,attentive,attentive,relaxed,uncomfortable
534,/home/glyc/Documents/PyProjects/catface/data/cat-emotions-3/train/attentive/00000364_023_png.rf.1c18119d44579c8b28e0748a4bcfd742.jpg,4,attentive,1.2227960241109141,41.51308682149409,0.0338807044823869,0.018761189976134945,0.03827754939952646,0,3,-0.003522627450010085,uncomfortable,relaxed,attentive,relaxed,relaxed,uncomfortable
535,/home/glyc/Documents/PyProjects/catface/data/cat-emotions-3/train/attentive/00000364_025_png.rf.e90bf1912e89bf0f3bb24a995e956954.jpg,1,attentive,1.386766896139195,31.87357690873009,0.021549971267135058,0.018235073562343506,0.03465709232435121,0,1,-0.0049909936808595345,attentive,attentive,attentive,attentive,attentive,uncomfortable
536,/home/glyc/Documents/PyProjects/catface/data/cat-emotions-3/train/attentive/00000365_012_png.rf.793f37da675fdfc9153835b42e3cfe62.jpg,2,attentive,1.3106482156746257,36.62065800253589,0.0876651185779281,0.07240789779310064,0.11795231099601797,0,2,-0.011997644962687626,attentive,attentive,attentive,attentive,relaxed,uncomfortable
537,/home/glyc/Documents/PyProjects/catface/data/cat-emotions-3/train/attentive/00000365_017_png.rf.6ac5d1300847ed0681c0282344abc6e8.jpg,1,attentive,1.3970757441813133,31.18187031557472,0.03956364759348731,0.03893752889453235,0.06537402210756472,0,1,-0.007596375011027223,attentive,attentive,attentive,attentive,uncomfortable,uncomfortable
538,/home/glyc/Documents/PyProjects/catface/data/cat-emotions-3/train/attentive/00000365_020_png.rf.0300a9df68df5a0400eb6dca1a2a32e1.jpg,4,attentive,1.5576789339368047,17.469515654223777,0.030259497749313396,0.002280824963804375,0.09614921280738879,0,0,-0.004804397377977582,attentive,attentive,attentive,attentive,uncomfortable,relaxed
539,/home/glyc/Documents/PyProjects/catface/data/cat-emotions-3/train/attentive/00000365_026_png.rf.3c4adf1086ee2ebccb8954e9abde69bc.jpg,1,attentive,1.6593703320976532,0.0,-0.21110410546520889,-0.18026898310920925,,1,0,0.04525572938256861,attentive,uncomfortable,attentive,attentive,uncomfortable,uncomfortable
540,/home/glyc/Documents/PyProjects/catface/data/cat-emotions-3/train/attentive/00000366_016_png.rf.11fc256a7fd99125cddb4d8332c90644.jpg,0,attentive,1.3488927448667003,34.307727920801035,-0.017211660772053654,-0.019914906698892298,0.02522404227726703,0,1,0.003746620208223389,relaxed,relaxed,relaxed,relaxed,relaxed,relaxed
541,/home/glyc/Documents/PyProjects/catface/data/cat-emotions-3/train/attentive/00000366_028_png.rf.c3d9c844d169700f4577159638b43037.jpg,0,attentive,1.2863004794662827,38.02959731744091,-0.005964609711377521,0.038715040286178226,0.007626228834385487,0,2,-0.0011066704849897468,attentive,attentive,attentive,attentive,relaxed,relaxed
542,/home/glyc/Documents/PyProjects/catface/data/cat-emotions-3/train/attentive/00000367_000_png.rf.56ec093a32fc4ac9e319cf095e6bd98a.jpg,3,attentive,1.3571473206095943,33.79045422028362,0.013676150742963241,0.014373247061159796,0.020436554680241036,0,1,0.0020786725844072207,attentive,relaxed,relaxed,attentive,relaxed,relaxed
543,/home/glyc/Documents/PyProjects/catface/data/cat-emotions-3/train/attentive/00000367_007_png.rf.42e884ff60bce8b27537ca5977827bc9.jpg,0,attentive,1.8191567224931158,0.0,0.09799428987101173,0.10900266333341851,,1,0,-0.02834846168320866,attentive,uncomfortable,uncomfortable,attentive,uncomfortable,attentive
544,/home/glyc/Documents/PyProjects/catface/data/cat-emotions-3/train/attentive/00000367_027_png.rf.6510ecff56e8b1a20d85a441ae024901.jpg,1,attentive,1.3617677618788386,33.497846957192685,-0.028427120576636558,-0.040075133987296,0.042952201000688355,0,1,0.0078011568812179355,attentive,attentive,attentive,attentive,relaxed,uncomfortable
545,/home/glyc/Documents/PyProjects/catface/data/cat-emotions-3/train/attentive/00000368_000_png.rf.85cdd39e5ba7aca0587839ee5e72183f.jpg,1,attentive,1.302320803099354,37.107687180300815,0.024638950524466546,0.011447742081180441,0.03256944883493947,0,2,-0.0021269499719398233,uncomfortable,attentive,attentive,attentive,relaxed,relaxed
546,/home/glyc/Documents/PyProjects/catface/data/cat-emotions-3/train/attentive/00000368_011_png.rf.5e58dc23b77d792e5f32367bb4ead34a.jpg,1,attentive,1.3994493777275017,31.020643734021668,0.005496785272193094,-0.0064135411739125086,0.009140725288393676,0,1,-0.0024352055030465447,attentive,attentive,attentive,attentive,uncomfortable,uncomfortable
547,/home/glyc/Documents/PyProjects/catface/data/cat-emotions-3/train/attentive/00000369_000_png.rf.cf00cf55ee3a6193ec3b8ab2ab183aa6.jpg,1,attentive,1.2737566812703722,38.73840256557568,-0.10670388608297328,-0.0774757379618956,0.13300542915962557,0,2,0.0184508363689653,uncomfortable,relaxed,attentive,relaxed,relaxed,uncomfortable
548,/home/glyc/Documents/PyProjects/catface/data/cat-emotions-3/train/attentive/00000369_001_png.rf.666c2fe07ec1b83c724f55aeddc1946a.jpg,0,attentive,1.2564158409671355,39.70066498159168,-0.11305893728498904,-0.08625864373166495,0.1361769322993611,0,3,0.014228890190379873,relaxed,attentive,attentive,attentive,relaxed,uncomfortable
549,/home/glyc/Documents/PyProjects/catface/data/cat-emotions-3/train/attentive/00000370_024_png.rf.93c5091ca88bfee934cf96fd341c606e.jpg,3,attentive,1.3866927076795612,31.878506045928045,0.022473535527185562,-0.0026771896594668947,0.036135453834589625,0,1,-0.005622089678950837,attentive,attentive,relaxed,attentive,attentive,attentive
550,/home/glyc/Documents/PyProjects/catface/data/cat-emotions-3/train/attentive/00000370_026_png.rf.4251dd47edce0dc16be73be11d7d205e.jpg,3,attentive,1.2997522341272143,37.25680795713904,-0.009997520565526632,-0.005193476679007171,0.013144165161130816,0,2,-0.0014030007572382597,attentive,attentive,attentive,attentive,relaxed,uncomfortable
551,/home/glyc/Documents/PyProjects/catface/data/cat-emotions-3/train/attentive/00000371_001_png.rf.1f9927fe148d96d9346707f22bfee8ea.jpg,1,attentive,1.1730886525507347,44.08034209951946,0.07016405395180424,-0.000879305096590485,0.07245341182827526,0,3,-0.008843945210966542,relaxed,attentive,attentive,relaxed,relaxed,uncomfortable
552,/home/glyc/Documents/PyProjects/catface/data/cat-emotions-3/train/attentive/00000371_005_png.rf.ebea676789e8605912777a929a704259.jpg,4,attentive,1.331686273109169,35.36460047418414,0.015486461431521173,0.008018641543066788,0.021820106353484428,0,2,-0.0022567687698573646,attentive,attentive,attentive,attentive,relaxed,uncomfortable
553,/home/glyc/Documents/PyProjects/catface/data/cat-emotions-3/train/attentive/00000371_006_png.rf.0b0b7c482398c7fca7c0627c378bb963.jpg,0,attentive,1.4296216815433258,28.900737226780702,0.06967376936998852,0.06523881184236784,0.1262099772101058,0,0,-0.008558588837386846,attentive,attentive,attentive,attentive,uncomfortable,uncomfortable
554,/home/glyc/Documents/PyProjects/catface/data/cat-emotions-3/train/attentive/00000371_007_png.rf.1136115f07ef83d120c0226fba0920fd.jpg,3,attentive,1.486955025732589,24.41609716778251,0.02480393043737545,0.03560681437421158,0.0546391518852743,0,0,-0.004341286486008122,attentive,attentive,attentive,attentive,uncomfortable,uncomfortable
555,/home/glyc/Documents/PyProjects/catface/data/cat-emotions-3/train/attentive/00000371_013_png.rf.fb874311e83a12708023dd6f0cd936ae.jpg,2,attentive,1.3449614364151692,34.55169017608486,0.05607761602954,0.05572230327516471,0.08143594897219741,0,1,-0.01013373386962596,attentive,attentive,attentive,attentive,relaxed,uncomfortable
556,/home/glyc/Documents/PyProjects/catface/data/cat-emotions-3/train/attentive/00000371_015_png.rf.cb2fe066e1acbd565f5d6b27cc637bbe.jpg,1,attentive,1.3988562557535615,31.06100149828375,0.04791563635929208,0.023855985396161464,0.07955303411008834,0,1,-0.005108265850805857,relaxed,uncomfortable,uncomfortable,uncomfortable,uncomfortable,uncomfortable
557,/home/glyc/Documents/PyProjects/catface/data/cat-emotions-3/train/attentive/00000372_000_png.rf.5a37eac4eb45efbc140c36a0bb22c247.jpg,1,attentive,1.3213402386825082,35.98703930026212,-0.140870255460074,-0.1195204375199921,0.1939835347747174,0,2,0.01781359156297274,attentive,attentive,attentive,attentive,relaxed,uncomfortable
558,/home/glyc/Documents/PyProjects/catface/data/cat-emotions-3/train/attentive/00000372_006_png.rf.0e2177ad90fd9a6daad7e64aa9ce2c71.jpg,3,attentive,1.4102465183755335,30.277509504106376,-0.019530149865828014,-0.0260526849134163,0.03345198317415577,0,1,0.0005204790687368122,attentive,attentive,attentive,attentive,uncomfortable,uncomfortable
559,/home/glyc/Documents/PyProjects/catface/data/cat-emotions-3/train/attentive/00000372_019_png.rf.8968fcddac914f2305f56821641001fb.jpg,0,attentive,1.4992209591404728,23.3531789742082,-0.05631711060569273,-0.049980979469596766,0.1304334951623005,0,0,0.012519314154350897,attentive,attentive,attentive,attentive,uncomfortable,uncomfortable
560,/home/glyc/Documents/PyProjects/catface/data/cat-emotions-3/train/attentive/00000372_021_png.rf.e803e743c5cd669b1b45bff0f0aa3f26.jpg,4,attentive,1.3501025613531341,34.23234453432395,-0.06614257460708908,-0.06322405091764251,0.09720775730319794,0,1,0.01469643476582655,attentive,attentive,attentive,attentive,relaxed,uncomfortable
561,/home/glyc/Documents/PyProjects/catface/data/cat-emotions-3/train/attentive/00000372_023_png.rf.9da6495a88aa7b7e44bf5d9779a0840b.jpg,2,attentive,1.3195028758012985,36.09660567788284,0.012904113885853205,0.001106067354124653,0.01769815941560421,0,2,0.003281650375809575,attentive,attentive,attentive,attentive,relaxed,uncomfortable
562,/home/glyc/Documents/PyProjects/catface/data/cat-emotions-3/train/attentive/00000373_006_png.rf.bfeca72bc40f45ea029d198df67f0196.jpg,4,attentive,1.2532315565672754,39.87524887369306,0.00881024016978554,0.008833311568078228,0.010546183657218709,0,3,-0.003477563427409902,relaxed,relaxed,relaxed,relaxed,relaxed,uncomfortable
563,/home/glyc/Documents/PyProjects/catface/data/cat-emotions-3/train/attentive/00000374_003_png.rf.9ba57946501f035ec7d7682b75e92414.jpg,0,attentive,1.3670028621025672,33.16356102321062,-0.023590130540032485,-0.020361402621775163,0.03609958540916546,0,1,0.003949715504650175,relaxed,relaxed,relaxed,relaxed,attentive,uncomfortable
564,/home/glyc/Documents/PyProjects/catface/data/cat-emotions-3/train/attentive/00000375_005_png.rf.0d679b6c711049e9bcc0261592b83b0c.jpg,1,attentive,1.1808130844560643,43.68937638467379,0.02018940270386504,0.014569242960735243,0.021134847323736942,0,3,-0.005686818253818393,relaxed,attentive,attentive,relaxed,relaxed,attentive
565,/home/glyc/Documents/PyProjects/catface/data/cat-emotions-3/train/attentive/00000375_016_png.rf.ee39736119143c3a928a35e0d9bdd8df.jpg,0,attentive,1.0554594464547358,49.73435581687685,-0.2348995356641738,-0.20155007004906572,0.19896726403516965,0,3,0.025166643137738975,uncomfortable,attentive,attentive,attentive,relaxed,relaxed
566,/home/glyc/Documents/PyProjects/catface/data/cat-emotions-3/train/attentive/00000375_020_png.rf.ed7196e4e78b3a6d901c64c52125c82c.jpg,1,attentive,1.265680276205341,39.189036818686404,-0.045382658701231045,-0.0341668450685548,0.055666380791224775,0,3,0.0027164887253458836,uncomfortable,relaxed,relaxed,relaxed,relaxed,relaxed
567,/home/glyc/Documents/PyProjects/catface/data/cat-emotions-3/train/attentive/00000375_022_png.rf.2c961b0ab3fdb6bf80dc057408af3c0b.jpg,2,attentive,1.1396387116735993,45.742736689955485,-0.038115795972898804,-0.015434030663346152,0.03714018296349985,0,3,-0.008749609409750364,uncomfortable,attentive,attentive,attentive,relaxed,uncomfortable
568,/home/glyc/Documents/PyProjects/catface/data/cat-emotions-3/train/attentive/00000375_023_png.rf.8b6aececa2a57542390604a8ee66f930.jpg,3,attentive,1.3460424667909,34.48475630257931,-0.0893008635178977,-0.07393065206268298,0.13000764856852653,0,1,0.013721615092987777,uncomfortable,attentive,attentive,attentive,relaxed,uncomfortable
569,/home/glyc/Documents/PyProjects/catface/data/cat-emotions-3/train/attentive/00000376_002_png.rf.ecab5e3dca700b4c197f3a06747d7ca8.jpg,4,attentive,1.2501003294956692,40.04630505166354,-0.016239035628021155,0.017465004733862845,0.019321195914287596,0,3,0.000154484587546716,attentive,attentive,attentive,attentive,relaxed,uncomfortable
570,/home/glyc/Documents/PyProjects/catface/data/cat-emotions-3/train/attentive/00000376_004_png.rf.ec0b0dd160616e33e21937eb064f3a70.jpg,1,attentive,1.3874115128516338,31.830719343658874,0.036312836069053674,0.034659916035066504,0.05849655616147569,0,1,-0.006478890942101995,attentive,attentive,attentive,attentive,attentive,uncomfortable
571,/home/glyc/Documents/PyProjects/catface/data/cat-emotions-3/train/attentive/00000376_018_png.rf.61b17311cae0e3d8522ed56f5b3fff32.jpg,3,attentive,1.3020518142728708,37.123327612698915,0.01745139698568376,0.01702327078013476,0.02305536618719716,0,2,-0.00399372203720022,uncomfortable,relaxed,relaxed,relaxed,relaxed,relaxed
572,/home/glyc/Documents/PyProjects/catface/data/cat-emotions-3/train/attentive/00000376_020_png.rf.0ad48260a1772a55576ede82ab528f48.jpg,0,attentive,1.401195044096307,30.901588124468883,-0.009310224558412196,-0.012265541822000549,0.015555273187700266,0,1,0.0011477769437302776,attentive,relaxed,relaxed,attentive,attentive,uncomfortable
573,/home/glyc/Documents/PyProjects/catface/data/cat-emotions-3/train/attentive/00000376_025_png.rf.4b6cb005e0f0c54e16c89535e2205b8e.jpg,4,attentive,1.7335580385133098,0.0,0.10110224627531711,0.09890805469781741,,1,0,-0.024470339723128315,attentive,attentive,attentive,attentive,uncomfortable,uncomfortable
574,/home/glyc/Documents/PyProjects/catface/data/cat-emotions-3/train/attentive/00000376_029_png.rf.a6bb616589ab4f9c566917b6fc43049f.jpg,0,attentive,1.3093081513454936,36.69940618327344,-0.012749468656564015,-0.02126881385403266,0.01710509439381236,0,2,0.00037315430680665007,attentive,attentive,attentive,attentive,relaxed,uncomfortable
575,/home/glyc/Documents/PyProjects/catface/data/cat-emotions-3/train/attentive/00000377_009_png.rf.8414bc53576e0a7c016010b21cc126d4.jpg,2,attentive,1.267989947328855,39.06061180986921,-0.30611969186311533,-0.2374428090536922,0.37720972559415694,0,2,0.035270951767804426,uncomfortable,attentive,attentive,attentive,relaxed,attentive
576,/home/glyc/Documents/PyProjects/catface/data/cat-emotions-3/train/attentive/00000377_017_png.rf.07c79673d6225dc6754832d39685257c.jpg,0,attentive,1.100150547863441,47.64673132784457,0.004931314113258895,0.0014529888009139785,0.004495538415947514,0,3,-0.004955539167315032,attentive,attentive,attentive,attentive,relaxed,uncomfortable
577,/home/glyc/Documents/PyProjects/catface/data/cat-emotions-3/train/attentive/00000378_010_png.rf.2b978b397d15b452ae6e3286481495ed.jpg,4,attentive,1.353487998740726,34.02061941919172,0.10723342021259544,0.09529798485088839,0.15885673620600288,0,1,-0.01592102358189673,attentive,attentive,attentive,attentive,relaxed,attentive
578,/home/glyc/Documents/PyProjects/catface/data/cat-emotions-3/train/attentive/00000378_029_png.rf.693d78b717a7baeef976fd5db3f70c08.jpg,4,attentive,1.2862866553463006,38.030384620033765,0.0777500115042416,0.08486511996376496,0.09940677074744361,0,2,-0.013651320358495117,uncomfortable,relaxed,attentive,relaxed,relaxed,relaxed
579,/home/glyc/Documents/PyProjects/catface/data/cat-emotions-3/train/attentive/00000379_001_png.rf.e4f8af10c533951c23b664b49f8946fc.jpg,0,attentive,1.3207260042646882,36.023699635507555,0.08139984730483349,0.14638697428741873,0.11193987835263311,0,2,-0.009235983583137874,uncomfortable,attentive,relaxed,relaxed,relaxed,uncomfortable
580,/home/glyc/Documents/PyProjects/catface/data/cat-emotions-3/train/attentive/00000379_020_png.rf.b6693b2ac4224f78f01421bbdea5cb93.jpg,4,attentive,1.2131241118922875,42.02253788132073,0.002536951730647569,-0.004538467975426735,0.0028153424646139426,0,3,-0.00027995581875980835,relaxed,relaxed,relaxed,relaxed,relaxed,uncomfortable
581,/home/glyc/Documents/PyProjects/catface/data/cat-emotions-3/train/attentive/00000380_023_png.rf.91eb1f600150c6e3c5a43768e7bbe1ff.jpg,1,attentive,1.3387598250906376,34.93350328538411,-0.062018602434761705,-0.041248785680872826,0.08879089147263154,0,1,0.013467666467894296,attentive,relaxed,attentive,relaxed,relaxed,uncomfortable
582,/home/glyc/Documents/PyProjects/catface/data/cat-emotions-3/train/attentive/00000380_024_png.rf.859a957e9a2e955ab7c7b2e25228acc4.jpg,0,attentive,1.3413652389383313,34.773542880613036,0.04297366179943219,0.014444793462429995,0.06189196029456655,0,1,-0.0038720714593155903,attentive,attentive,attentive,attentive,relaxed,uncomfortable
583,/home/glyc/Documents/PyProjects/catface/data/cat-emotions-3/train/attentive/00000381_011_png.rf.fdfdc7d2755e9a50820a8276bc7ab231.jpg,4,attentive,1.3477348720119378,34.379738835457395,0.0309138835513119,0.03763286119116875,0.04518285503135954,0,1,-0.004877615002121055,relaxed,relaxed,attentive,relaxed,relaxed,uncomfortable
584,/home/glyc/Documents/PyProjects/catface/data/cat-emotions-3/train/attentive/00000381_015_png.rf.7659ed11cdb077a28f1ab3d0acb3dcc5.jpg,3,attentive,1.3098172002471558,36.66950931362658,-0.04537978582747797,-0.01721268059894917,0.0609493176121633,0,2,0.01039329380744311,attentive,attentive,attentive,attentive,relaxed,uncomfortable
585,/home/glyc/Documents/PyProjects/catface/data/cat-emotions-3/train/attentive/00000381_027_png.rf.4cce8fa76900ffd29e2f00ed92708275.jpg,1,attentive,1.3987225177812181,31.070094903662234,0.2639931865360834,0.2448625962592476,0.4381433922272559,0,1,-0.04943988698638259,attentive,attentive,attentive,attentive,uncomfortable,relaxed
586,/home/glyc/Documents/PyProjects/catface/data/cat-emotions-3/train/attentive/00000382_005_png.rf.d09b0012d3d42a4ed3acfa1298b689fd.jpg,3,attentive,1.5907602822502744,13.059774291466645,0.027378658336040806,0.02583323492318076,0.11802808390400008,0,0,-0.005253139547866964,attentive,uncomfortable,uncomfortable,uncomfortable,uncomfortable,uncomfortable
587,/home/glyc/Documents/PyProjects/catface/data/cat-emotions-3/train/attentive/00000382_021_png.rf.80a1b1497cfe4cbe3beaa531a3faab12.jpg,0,attentive,1.237618803287562,40.722219969137335,0.030003575075883776,0.010252209532779537,0.0348550231904139,0,3,-0.0033493794359023554,relaxed,relaxed,relaxed,attentive,relaxed,attentive
588,/home/glyc/Documents/PyProjects/catface/data/cat-emotions-3/train/attentive/00000383_004_png.rf.67ae33ae20ff50379196c1c8a259885b.jpg,1,attentive,1.3440855007398083,34.60584208399443,0.012433193014001415,0.020140265211037667,0.01801900826980169,0,1,-0.0016426690707903036,attentive,attentive,attentive,attentive,relaxed,uncomfortable
589,/home/glyc/Documents/PyProjects/catface/data/cat-emotions-3/train/attentive/00000383_009_png.rf.b0e843e1532cf52ae97394d1501a9029.jpg,1,attentive,1.3949374648003536,31.326471503939597,-0.03867604701799861,-0.027499509189949815,0.06354476698071101,0,1,0.005682235986757739,attentive,attentive,attentive,attentive,attentive,relaxed
590,/home/glyc/Documents/PyProjects/catface/data/cat-emotions-3/train/attentive/00000383_020_png.rf.c0114286cbaee7bb50007074c688c4cd.jpg,4,attentive,1.3174359888882359,36.219516702718806,0.06943565518143036,0.05921034133158998,0.09480401694712108,0,2,-0.010152419083448883,relaxed,relaxed,relaxed,attentive,relaxed,relaxed
591,/home/glyc/Documents/PyProjects/catface/data/cat-emotions-3/train/attentive/00000383_028_png.rf.74a64bff366ea258c14388202a4516a6.jpg,4,attentive,1.3394866844837945,34.88894189738546,-0.03742567137777626,-0.026083680446097712,0.05367051340925933,0,1,0.005901124836656779,attentive,relaxed,attentive,attentive,relaxed,uncomfortable
592,/home/glyc/Documents/PyProjects/catface/data/cat-emotions-3/train/attentive/00000384_024_png.rf.0861d2f13050aaca13f64ebe3eacb296.jpg,2,attentive,1.4352624115543218,28.488540965912797,0.03518001293315124,0.029559345808560678,0.06482443761730673,0,0,-0.005568231873788992,attentive,uncomfortable,uncomfortable,attentive,uncomfortable,relaxed
593,/home/glyc/Documents/PyProjects/catface/data/cat-emotions-3/train/attentive/00000385_028_png.rf.e240d1aceffbefbf19a91883016edfb6.jpg,4,attentive,1.417699403205265,29.75477516809353,0.016872031109326082,0.012708092681238218,0.029514222033127084,0,0,-0.0037170763542410112,attentive,attentive,attentive,attentive,uncomfortable,relaxed
594,/home/glyc/Documents/PyProjects/catface/data/cat-emotions-3/train/attentive/00000386_001_png.rf.05b90665dc4530ec0afe013d1d13d35a.jpg,1,attentive,1.3563627121930744,33.83992085888808,0.0032503765721491698,0.013248708741562022,0.004848044040674146,0,1,-0.0013879562860051042,attentive,relaxed,attentive,relaxed,relaxed,attentive
595,/home/glyc/Documents/PyProjects/catface/data/cat-emotions-3/train/attentive/00000386_003_png.rf.d788661535dbd8431509552a6b2e4ac0.jpg,2,attentive,1.340279837849724,34.84025946447617,-0.013811404974990917,-0.012719883680759039,0.019842242307704545,0,1,0.0016228937530419485,attentive,attentive,attentive,attentive,relaxed,uncomfortable
596,/home/glyc/Documents/PyProjects/catface/data/cat-emotions-3/train/attentive/00000386_006_png.rf.1d04197366ef546dab8eb86bd295b756.jpg,4,attentive,1.4929418920123179,23.902858038449804,-0.01347990325607895,-0.013536988743946536,0.030415034578085465,0,0,0.0038333454388761734,relaxed,uncomfortable,uncomfortable,uncomfortable,uncomfortable,attentive
597,/home/glyc/Documents/PyProjects/catface/data/cat-emotions-3/train/attentive/00000386_013_png.rf.b15c05a89069a861837de453ad93f314.jpg,3,attentive,1.5920438632710197,12.858953450983062,-0.015497567639790648,-0.007007531840555534,0.06788939110514582,0,0,0.002427698854469168,attentive,attentive,attentive,attentive,uncomfortable,uncomfortable
598,/home/glyc/Documents/PyProjects/catface/data/cat-emotions-3/train/attentive/00000386_019_png.rf.9d008c42a28ebdbc69e52a1f7347f428.jpg,0,attentive,1.1795550636467294,43.75323974058126,0.07986253350574643,0.047402718340696884,0.08341604799686034,0,3,-0.008016169186978617,attentive,attentive,attentive,attentive,relaxed,relaxed
599,/home/glyc/Documents/PyProjects/catface/data/cat-emotions-3/train/attentive/00000386_026_png.rf.7d963c599a7cc92d54fd00e7bca94fd8.jpg,3,attentive,1.2559526052963697,39.72610244379943,0.0713189769423222,0.06741393189135902,0.08582453644688454,0,3,-0.006416236567855199,uncomfortable,relaxed,attentive,relaxed,relaxed,uncomfortable
600,/home/glyc/Documents/PyProjects/catface/data/cat-emotions-3/train/attentive/00000387_011_png.rf.be7c92debe2043fa10c5345edc01198c.jpg,3,attentive,1.328397605995777,35.56347788921436,0.04282355713175182,0.026059884800091,0.05989593736109859,0,2,-0.006075087884871627,attentive,relaxed,relaxed,relaxed,relaxed,uncomfortable
601,/home/glyc/Documents/PyProjects/catface/data/cat-emotions-3/train/attentive/00000387_015_png.rf.3cd3f2c3e39f6f4e9b9d4313c68c39bd.jpg,0,attentive,1.3326033697183062,35.30896680353692,0.04412420603460027,0.033627319222060394,0.06229817555677186,0,2,-0.00575373817339675,relaxed,attentive,attentive,relaxed,relaxed,uncomfortable
602,/home/glyc/Documents/PyProjects/catface/data/cat-emotions-3/train/attentive/00000387_028_png.rf.ba6a6fbd79669743a1c412ca54ac0890.jpg,1,attentive,1.6509130156768326,0.0,-0.06223113054357787,-0.06946015108713295,,1,0,0.009103367185548938,uncomfortable,uncomfortable,uncomfortable,uncomfortable,uncomfortable,uncomfortable
603,/home/glyc/Documents/PyProjects/catface/data/cat-emotions-3/train/attentive/00000388_026_png.rf.1319b4a2bd0adc1102acce9b209f6e97.jpg,2,attentive,1.517038645645407,21.722099370236204,0.02477566500978277,0.03734500416494856,0.062188665118709484,0,0,-0.008061748485594294,attentive,attentive,attentive,attentive,uncomfortable,uncomfortable
604,/home/glyc/Documents/PyProjects/catface/data/cat-emotions-3/train/attentive/00000389_006_png.rf.9b0e839cf920db9add55f576e6a2f7a6.jpg,0,attentive,1.3345811624570865,35.18872787010668,-0.04210057059033162,-0.02901520609440792,0.05970629751537886,0,1,0.006400937623651265,uncomfortable,relaxed,attentive,attentive,relaxed,uncomfortable
605,/home/glyc/Documents/PyProjects/catface/data/cat-emotions-3/train/attentive/00000390_000_png.rf.0f7d3badffa51125abd8dfbd19a2264c.jpg,1,attentive,1.2194253507274198,41.69120804652533,0.018251620186265874,0.014879065371034875,0.020491499292872275,0,3,-0.001624325549984984,relaxed,attentive,attentive,attentive,relaxed,uncomfortable
606,/home/glyc/Documents/PyProjects/catface/data/cat-emotions-3/train/attentive/00000390_010_png.rf.84bb7c5c459aab14be5d70aad30aac46.jpg,2,attentive,1.3488232845271142,34.312051565620585,-0.041946271176263074,-0.0193690692071523,0.06146315910588664,0,1,0.005965893052230248,uncomfortable,attentive,attentive,relaxed,relaxed,relaxed
607,/home/glyc/Documents/PyProjects/catface/data/cat-emotions-3/train/attentive/00000390_011_png.rf.3508284919528f8d2831f4faf996e7f3.jpg,0,attentive,1.298987345625447,37.30111576018608,-0.03199565939894578,-0.03118218416107809,0.041998609834194456,0,2,0.006466225287756783,relaxed,uncomfortable,relaxed,uncomfortable,relaxed,relaxed
608,/home/glyc/Documents/PyProjects/catface/data/cat-emotions-3/train/attentive/00000390_012_png.rf.404c0659b5b4e5c4f7d2856696320a1a.jpg,2,attentive,1.4245810265909105,29.264589414224414,0.11964330148174786,0.09972843071429909,0.21351094270073132,0,0,-0.02207536657590553,attentive,attentive,attentive,attentive,uncomfortable,uncomfortable
609,/home/glyc/Documents/PyProjects/catface/data/cat-emotions-3/train/attentive/00000392_013_png.rf.24ea91a1732c82046e95ec31d467145d.jpg,2,attentive,1.2607231158458252,39.46348624390916,-0.03208962938530434,-0.016947167652790085,0.038978417304305436,0,3,0.005724003100286257,relaxed,relaxed,attentive,relaxed,relaxed,relaxed
610,/home/glyc/Documents/PyProjects/catface/data/cat-emotions-3/train/attentive/00000392_016_png.rf.b11d71b8fc3392ea8200932478a745c5.jpg,2,attentive,1.2005709382444978,42.676357844151376,0.22479308689738073,0.13252433785180812,0.2438077148163704,0,3,-0.029921768951312905,attentive,attentive,attentive,attentive,relaxed,attentive
611,/home/glyc/Documents/PyProjects/catface/data/cat-emotions-3/train/attentive/00000392_018_png.rf.82ff9f0f23095112270ff060a9ba98e2.jpg,3,attentive,1.5502519591327097,18.317642930385585,-0.012822712770839238,-0.0017249383789541945,0.038732290028355015,0,0,0.001982447025773826,attentive,uncomfortable,relaxed,attentive,uncomfortable,attentive
612,/home/glyc/Documents/PyProjects/catface/data/cat-emotions-3/train/attentive/00000392_027_png.rf.282bffa82bb15be868196f4f2c01295f.jpg,0,attentive,1.3519284152333526,34.118299154201466,0.014460435505962045,0.008849947653730388,0.021343287488943527,0,1,-0.0027623581185978185,attentive,uncomfortable,uncomfortable,uncomfortable,relaxed,uncomfortable
613,/home/glyc/Documents/PyProjects/catface/data/cat-emotions-3/train/attentive/00000392_028_png.rf.c01bcbfe416a2ae791b28e7142f90980.jpg,3,attentive,1.3621364850890534,33.47439889710339,0.03605392797240778,0.039336946765565324,0.05452446119068785,0,1,-0.007154665196681814,relaxed,uncomfortable,uncomfortable,relaxed,attentive,relaxed
614,/home/glyc/Documents/PyProjects/catface/data/cat-emotions-3/train/attentive/00000393_010_png.rf.3ee2823ed896d32f00fa596a6c780e1e.jpg,2,attentive,1.3429976244606519,34.67299345299438,0.017858158626674264,0.0015178335665098346,0.025816447632294,0,1,-0.0009603677682931966,attentive,attentive,attentive,attentive,relaxed,uncomfortable
615,/home/glyc/Documents/PyProjects/catface/data/cat-emotions-3/train/attentive/00000393_014_png.rf.13bc389f48cde1642b3f1d09936aae91.jpg,2,attentive,1.4867311470862759,24.435093176610078,0.06340808136091054,0.05079944113745266,0.1395550711226391,0,0,-0.014797915181724769,attentive,attentive,attentive,attentive,uncomfortable,uncomfortable
616,/home/glyc/Documents/PyProjects/catface/data/cat-emotions-3/train/attentive/00000393_015_png.rf.930f3f87f86b6cb91745356c0c05152e.jpg,1,attentive,1.2507121877764493,40.012927618674816,0.02105947807935457,0.0015616885377450753,0.02508621146800653,0,3,-0.0018559819232340236,uncomfortable,attentive,attentive,attentive,relaxed,attentive
617,/home/glyc/Documents/PyProjects/catface/data/cat-emotions-3/train/attentive/00000393_016_png.rf.ac38562abafcf827f606752db3988ce5.jpg,0,attentive,1.2930077925822667,37.64595823994358,0.011155378232332957,0.007527158560097597,0.014461543068504345,0,2,-0.0025516283218931235,attentive,attentive,attentive,attentive,relaxed,relaxed
618,/home/glyc/Documents/PyProjects/catface/data/cat-emotions-3/train/attentive/00000394_021_png.rf.60409ae97b131c37ade822c52acaf54f.jpg,1,attentive,1.4113179220840166,30.20286772729727,0.20319240602328947,0.1284024359528725,0.349079318667329,0,1,-0.033248366642928934,attentive,uncomfortable,uncomfortable,uncomfortable,uncomfortable,uncomfortable
619,/home/glyc/Documents/PyProjects/catface/data/cat-emotions-3/train/attentive/00000395_000_png.rf.6bcee66a10e0bf7b4a5090cf3e40d4b1.jpg,3,attentive,1.3300374904763432,35.464429365414176,-0.05607272442656519,-0.04134189775136958,0.07871438189494984,0,2,0.0065827175865642296,attentive,attentive,attentive,attentive,relaxed,uncomfortable
620,/home/glyc/Documents/PyProjects/catface/data/cat-emotions-3/train/attentive/00000395_003_png.rf.0454813104e1eda67902005ce26372f2.jpg,1,attentive,1.2666828226667133,39.13333552707749,0.11924832371432005,0.08149561668273483,0.1465607228186348,0,2,-0.018588116274408983,attentive,attentive,attentive,attentive,relaxed,attentive
621,/home/glyc/Documents/PyProjects/catface/data/cat-emotions-3/train/attentive/00000395_016_png.rf.1e6b67c8f9e58cda3dbd1b67db22d1ca.jpg,2,attentive,1.3626739621061281,33.4401933279634,0.04323041270697246,0.035954264771744696,0.0654623910590918,0,1,-0.0067148876578070615,attentive,attentive,attentive,attentive,relaxed,attentive
622,/home/glyc/Documents/PyProjects/catface/data/cat-emotions-3/train/attentive/00000397_017_png.rf.744c1cdd1b3343be47743f421638f440.jpg,3,attentive,2.0160033433182165,0.0,0.016051773880269845,0.01451959052238247,,1,0,-0.00511406174979695,attentive,uncomfortable,uncomfortable,attentive,uncomfortable,uncomfortable
623,/home/glyc/Documents/PyProjects/catface/data/cat-emotions-3/train/attentive/00000397_026_png.rf.f8660017998b50fbbb34c77ce695843e.jpg,1,attentive,1.4939451843531804,23.815831088128906,-0.013949685877458623,0.0037335125476699407,0.03160451825497613,0,0,0.0015946567705306947,attentive,attentive,relaxed,attentive,uncomfortable,attentive
624,/home/glyc/Documents/PyProjects/catface/data/cat-emotions-3/train/attentive/00000398_005_png.rf.b42716ec96bd50a70b6c42bd21158c8f.jpg,0,attentive,1.293679373521176,37.607362454024866,0.0475828643348392,0.04311434062541119,0.061771187202208595,0,2,-0.008296313519804338,attentive,attentive,attentive,attentive,relaxed,attentive
625,/home/glyc/Documents/PyProjects/catface/data/cat-emotions-3/train/attentive/00000398_015_png.rf.ab824514ba544ae07e4c7c7d1f47bb69.jpg,0,attentive,1.309320366933208,36.69868899667845,-0.03907853428206514,-0.03302279989306768,0.052430379490810294,0,2,0.005004351985151534,uncomfortable,relaxed,attentive,relaxed,relaxed,uncomfortable
626,/home/glyc/Documents/PyProjects/catface/data/cat-emotions-3/train/attentive/00000398_016_png.rf.63d39109b997a2f2b6d3825b227e42cd.jpg,1,attentive,1.2673958126524687,39.09368141055237,-0.03127338903422605,-0.031354003006486816,0.03849056857515989,0,2,0.004521171753327169,relaxed,attentive,attentive,relaxed,relaxed,uncomfortable
627,/home/glyc/Documents/PyProjects/catface/data/cat-emotions-3/train/attentive/00000398_028_png.rf.481d1bab8264517a18329c11487a61c0.jpg,3,attentive,1.310242853156129,36.64449426682575,0.06305351862091492,0.014366910651345717,0.08476403537455506,0,2,0.002900433979586753,relaxed,relaxed,relaxed,relaxed,relaxed,relaxed
628,/home/glyc/Documents/PyProjects/catface/data/cat-emotions-3/train/attentive/00000399_009_png.rf.c81cf6ba931635d03ca170bd0eb88e43.jpg,4,attentive,1.4594771219428089,26.652842041875164,-0.011553158337271384,0.00731104643002825,0.023018075981181788,0,0,0.0011656897493803053,attentive,attentive,attentive,attentive,uncomfortable,uncomfortable
629,/home/glyc/Documents/PyProjects/catface/data/cat-emotions-3/train/attentive/00000399_019_png.rf.5fc1c96db38897fb52229c572f879e1d.jpg,4,attentive,1.347955616661552,34.36602040403352,-0.07064583015598815,-0.03282771259980582,0.10330700762055545,0,1,0.005439525222098174,attentive,attentive,attentive,attentive,relaxed,uncomfortable
630,/home/glyc/Documents/PyProjects/catface/data/cat-emotions-3/train/attentive/00000399_021_png.rf.9025413b8df8256271b3546e5f8c37a5.jpg,3,attentive,1.3843324776511752,32.03496735978848,-0.08546300986996366,-0.07307720380513016,0.13658384962010492,0,1,0.019825149627722277,relaxed,relaxed,relaxed,relaxed,attentive,uncomfortable
631,/home/glyc/Documents/PyProjects/catface/data/cat-emotions-3/train/attentive/00000400_010_png.rf.0a3d142bc86bb71494827e136ac02690.jpg,0,attentive,1.2583359437874677,39.595081774047635,0.01903339274649141,0.0028017906926275093,0.023011441075031894,0,3,-0.0006803474804218668,attentive,attentive,attentive,attentive,relaxed,uncomfortable
632,/home/glyc/Documents/PyProjects/catface/data/cat-emotions-3/train/attentive/00000400_013_png.rf.1eff4aef949b2a803df0dfaf2a5e866a.jpg,3,attentive,1.600500097505192,11.449735502333425,0.13385658212048274,0.12826601873363058,0.6608933059680383,0,0,-0.021907593301566178,attentive,attentive,attentive,attentive,uncomfortable,relaxed
633,/home/glyc/Documents/PyProjects/catface/data/cat-emotions-3/train/attentive/00000400_014_png.rf.c97ea2f85032180a3b98f6f61f758a97.jpg,2,attentive,1.4268681150809146,29.100013867259502,0.00890594371776833,0.0116593263726053,0.016000813680474936,0,0,-0.0016779968250723587,attentive,attentive,attentive,attentive,uncomfortable,uncomfortable
634,/home/glyc/Documents/PyProjects/catface/data/cat-emotions-3/train/attentive/00000400_028_png.rf.22af77109cdc72b51fd2b6e6f8e79a8c.jpg,0,attentive,1.3623092560941386,33.4634069489788,-0.015637916743938548,-0.009104901691306469,0.023659131694747332,0,1,0.0023286535590019974,uncomfortable,relaxed,relaxed,relaxed,relaxed,attentive
635,/home/glyc/Documents/PyProjects/catface/data/cat-emotions-3/train/attentive/00000401_001_png.rf.6e954265d17ffc67cea5b94dea28e93f.jpg,0,attentive,1.5691364196406392,16.07645450209412,-0.010589483340519375,-0.025249725471724802,0.036744793042503825,0,0,0.0022692932316379227,attentive,attentive,uncomfortable,attentive,uncomfortable,uncomfortable
636,/home/glyc/Documents/PyProjects/catface/data/cat-emotions-3/train/attentive/00000401_012_png.rf.de9a92697fb5988dd356d6ce56d6c55c.jpg,3,attentive,1.5037347380712234,22.95036934581493,-0.05093034674690763,-0.03172594301854624,0.12027393566269155,0,0,0.010743496996027335,attentive,attentive,attentive,attentive,uncomfortable,attentive
637,/home/glyc/Documents/PyProjects/catface/data/cat-emotions-3/train/attentive/00000401_015_png.rf.03565d8bf2426649099b3c927a089c07.jpg,4,attentive,1.3611195320639091,33.539034452430016,0.16130852745871452,0.12419804037290952,0.24335022331232287,0,1,-0.031110817282680142,attentive,uncomfortable,relaxed,uncomfortable,relaxed,attentive
638,/home/glyc/Documents/PyProjects/catface/data/cat-emotions-3/train/attentive/00000402_014_png.rf.46c542b70903fbe50b517475fc93d60b.jpg,0,attentive,1.2911763353803816,37.75104133564994,0.00648515152591387,-0.013642999435546536,0.008375374796521702,0,2,-0.0009189210914350987,attentive,attentive,attentive,attentive,relaxed,attentive
639,/home/glyc/Documents/PyProjects/catface/data/cat-emotions-3/train/attentive/00000402_019_png.rf.db5c02ef61827f5da3aab829f58d11fa.jpg,2,attentive,1.3468441820720596,34.43504310335656,-0.009992814698704278,-0.002151266902734654,0.01457500695467129,0,1,0.004705783853349715,attentive,attentive,attentive,attentive,relaxed,attentive
640,/home/glyc/Documents/PyProjects/catface/data/cat-emotions-3/train/attentive/00000402_026_png.rf.c75281af353e3325d27e724bb730a4e9.jpg,1,attentive,1.3491873153642042,34.28938669910835,-0.2620244732647268,-0.23922767415891122,0.38426639644009175,0,1,0.041083488257469325,attentive,attentive,attentive,attentive,relaxed,attentive
641,/home/glyc/Documents/PyProjects/catface/data/cat-emotions-3/train/attentive/00000403_009_png.rf.31a4bde90293123f46c8fb6591544d5b.jpg,2,attentive,1.46751060561148,26.017465944235195,0.03399544244740011,0.03736040193738374,0.06964709293444814,0,0,-0.009344118895217135,attentive,attentive,relaxed,attentive,uncomfortable,attentive
642,/home/glyc/Documents/PyProjects/catface/data/cat-emotions-3/train/attentive/00000403_028_png.rf.ddbe3a440ba456ecf5f51388db8b225f.jpg,4,attentive,1.368998223019529,33.03536012636821,0.047830854247966084,0.061441001238567,0.07355363766356518,0,1,-0.007148904336789996,attentive,attentive,attentive,attentive,relaxed,uncomfortable
643,/home/glyc/Documents/PyProjects/catface/data/cat-emotions-3/train/attentive/00000404_006_png.rf.76f764fce4199364090ac201144c0692.jpg,2,attentive,1.3787004385666257,32.40559090844068,0.13060835966006212,0.12191620407186309,0.2057614603875412,0,1,-0.02396824623625632,attentive,uncomfortable,relaxed,attentive,attentive,uncomfortable
644,/home/glyc/Documents/PyProjects/catface/data/cat-emotions-3/train/attentive/00000404_013_png.rf.9c779172701439c74d61d9a5e975ec00.jpg,0,attentive,1.3185598185968201,36.15273097784832,-0.0696950629253421,-0.06336936575667956,0.09539125297517362,0,2,0.009829027275874036,attentive,relaxed,attentive,relaxed,relaxed,attentive
645,/home/glyc/Documents/PyProjects/catface/data/cat-emotions-3/train/attentive/00000405_009_png.rf.c63b490fab5796a8381490557e71367d.jpg,3,attentive,1.6164866617386542,8.154602031880524,0.06238297383319334,0.0566136465645381,0.4353510489016018,0,0,-0.01207449888439499,uncomfortable,uncomfortable,uncomfortable,uncomfortable,uncomfortable,uncomfortable
646,/home/glyc/Documents/PyProjects/catface/data/cat-emotions-3/train/attentive/00000405_011_png.rf.5e444b4eca20ce3e67749a92a473d0cb.jpg,3,attentive,1.2743612871236354,38.704490214624634,-0.004711273999056217,-0.0036533951264669955,0.005879686849879857,0,2,0.0005451595106039098,relaxed,relaxed,attentive,relaxed,relaxed,uncomfortable
647,/home/glyc/Documents/PyProjects/catface/data/cat-emotions-3/train/attentive/00000405_017_png.rf.7126970e44a67b5b11cd6f4fa07cc172.jpg,3,attentive,1.6490455629128433,0.0,-0.05679820875962195,-0.056502894997309344,,1,0,0.011255199661900861,attentive,attentive,attentive,attentive,uncomfortable,attentive
648,/home/glyc/Documents/PyProjects/catface/data/cat-emotions-3/train/attentive/00000405_021_png.rf.b002f1a4555fb8b1f9b207b76a3c2ef0.jpg,0,attentive,1.4014916336804102,30.88131942919757,-0.05109257422415327,-0.09085234762875721,0.08543266988542167,0,1,0.018025476692594605,relaxed,attentive,attentive,relaxed,attentive,uncomfortable
649,/home/glyc/Documents/PyProjects/catface/data/cat-emotions-3/train/attentive/00000406_012_png.rf.8c07c3bd787902bc32825b6cf207c612.jpg,4,attentive,1.4180566748747465,29.7295073004501,-0.019220279968840105,-0.02726234609995268,0.03365645139054827,0,0,0.005305454417964428,attentive,attentive,attentive,attentive,uncomfortable,attentive
650,/home/glyc/Documents/PyProjects/catface/data/cat-emotions-3/train/attentive/00000407_005_png.rf.17d55ecd2df34634586d9edc729c0921.jpg,1,attentive,1.3372796533903564,35.02409477693105,0.12596898528096218,0.11070337837021305,0.17974143132907344,0,1,-0.019787079112305955,attentive,attentive,attentive,attentive,relaxed,uncomfortable
651,/home/glyc/Documents/PyProjects/catface/data/cat-emotions-3/train/attentive/00000407_014_png.rf.6b4f8511a236b1dc0f9b93bdf2457b68.jpg,0,attentive,1.3683386572188234,33.07778560447713,-0.008117491596166024,-0.005101011458507114,0.012462766495466049,0,1,0.0021990781586474217,attentive,attentive,attentive,attentive,attentive,attentive
652,/home/glyc/Documents/PyProjects/catface/data/cat-emotions-3/train/attentive/00000407_022_png.rf.2200831c6ba791c6e804ac57272fbccc.jpg,3,attentive,1.2824967721359972,38.24570498931613,0.014392080103970117,0.01621384670909356,0.01825908167631303,0,2,-0.0024341036206878552,relaxed,relaxed,attentive,attentive,relaxed,uncomfortable
653,/home/glyc/Documents/PyProjects/catface/data/cat-emotions-3/train/attentive/00000407_025_png.rf.42025a62d223820e8c934869e42c5d22.jpg,2,attentive,1.311126124719066,36.59253868335982,0.014602244233343222,0.01916775467859283,0.019667288720300817,0,2,0.00016692123141651138,attentive,attentive,attentive,attentive,relaxed,attentive
654,/home/glyc/Documents/PyProjects/catface/data/cat-emotions-3/train/attentive/00000407_028_png.rf.502f47649452c74ad19623cf8a0b70b5.jpg,2,attentive,1.3128394554677314,36.49157616986897,0.002496152180483566,-0.010168658188924724,0.003374393519914032,0,2,-0.001673570859817064,uncomfortable,relaxed,attentive,attentive,relaxed,uncomfortable
655,/home/glyc/Documents/PyProjects/catface/data/cat-emotions-3/train/attentive/00000408_008_png.rf.788d3124e75327e7bd3c97308e43cc0b.jpg,0,attentive,1.4096619883485906,30.318161973805914,-0.0038360864910555255,-0.002101157303853203,0.0065599008056727755,0,1,0.0013439584519549241,relaxed,relaxed,relaxed,relaxed,uncomfortable,uncomfortable
656,/home/glyc/Documents/PyProjects/catface/data/cat-emotions-3/train/attentive/00000408_019_png.rf.f568736ab32545a3ab21c95a2f45a0f9.jpg,0,attentive,1.2443106143070901,40.3610031869948,-0.07514134087679337,-0.04152877122575994,0.08841262592514296,0,3,0.011683789413351908,attentive,attentive,attentive,attentive,relaxed,uncomfortable
657,/home/glyc/Documents/PyProjects/catface/data/cat-emotions-3/train/attentive/00000408_029_png.rf.c0dc6a2a20c2c8f8e13d0f7b4a89d28a.jpg,1,attentive,1.2438670648032581,40.38502822948115,0.05283605792392351,0.04016678035886946,0.06211503590665966,0,3,-0.004088879035899412,attentive,attentive,attentive,attentive,relaxed,uncomfortable
658,/home/glyc/Documents/PyProjects/catface/data/cat-emotions-3/train/attentive/00000409_022_png.rf.17cbf746461f7acfbf8cccac22b5ca84.jpg,4,attentive,1.3220879797691412,35.94236702950306,0.04796126696848173,0.05561180910660312,0.06615285174513735,0,2,-0.009442869432813028,relaxed,relaxed,uncomfortable,relaxed,relaxed,attentive
659,/home/glyc/Documents/PyProjects/catface/data/cat-emotions-3/train/attentive/00000409_026_png.rf.9db0788cb3c67d6e54de1242340db1a2.jpg,3,attentive,1.3043242602627927,36.991017474047545,0.02298106765097659,0.02719931145806798,0.03050685653024485,0,2,-0.0034661030335506327,attentive,attentive,attentive,attentive,relaxed,attentive
660,/home/glyc/Documents/PyProjects/catface/data/cat-emotions-3/train/attentive/00000411_000_png.rf.f37c724a52d74322e4e3c103f872da8a.jpg,4,attentive,1.2087013325867204,42.25383018695621,0.09873515047596368,0.05273267588779298,0.10868432450375008,0,3,-0.013433573070845084,attentive,attentive,attentive,attentive,relaxed,uncomfortable
661,/home/glyc/Documents/PyProjects/catface/data/cat-emotions-3/train/attentive/00000411_010_png.rf.63a5dab9d22cc54d8d61172af8bf801a.jpg,3,attentive,1.3018099501636957,37.13738605617384,0.13997401929841816,0.10628271795002384,0.18482803037423912,0,2,-0.015290564927055939,attentive,relaxed,attentive,attentive,relaxed,attentive
662,/home/glyc/Documents/PyProjects/catface/data/cat-emotions-3/train/attentive/00000411_013_png.rf.311e3cff8a7e77a91b2db57054aed0f0.jpg,3,attentive,1.2936202384517432,37.610762303813644,-0.038892777208591786,-0.019593726879265597,0.05048368142649471,0,2,0.005100362604964104,attentive,attentive,attentive,attentive,relaxed,uncomfortable
663,/home/glyc/Documents/PyProjects/catface/data/cat-emotions-3/train/attentive/00000411_015_png.rf.e82880a7135bce5de12db0a02b13aa12.jpg,4,attentive,1.380503824006423,32.2873299704823,0.0004963081876212862,0.016992485401457206,0.0007854664260173446,0,1,-0.0004856169360022977,attentive,attentive,attentive,attentive,attentive,attentive
664,/home/glyc/Documents/PyProjects/catface/data/cat-emotions-3/train/attentive/00000411_018_png.rf.e0fb7e29199776af59cf2a0ae6d0c74b.jpg,3,attentive,1.3060153854027714,36.89229017269321,0.015317345078534553,0.028733086859676703,0.020406506609934344,0,2,-0.002501487059403784,relaxed,relaxed,relaxed,relaxed,relaxed,attentive
665,/home/glyc/Documents/PyProjects/catface/data/cat-emotions-3/train/attentive/00000412_008_png.rf.b1692c3eb466395f22a294e1a117bc9e.jpg,1,attentive,1.2559154743318153,39.72814081219812,0.0385669133235692,0.04072458887350133,0.04640767504720125,0,3,-0.004347281659009383,attentive,attentive,attentive,attentive,relaxed,uncomfortable
666,/home/glyc/Documents/PyProjects/catface/data/cat-emotions-3/train/attentive/00000412_026_png.rf.bd48d77f0b34b5eaa20206cb0d16ab7f.jpg,4,attentive,1.3915281983273735,31.555791596451403,0.02271483111508707,0.008103857753919015,0.0369863452515798,0,1,-0.0023408131096929186,attentive,uncomfortable,relaxed,attentive,attentive,uncomfortable
667,/home/glyc/Documents/PyProjects/catface/data/cat-emotions-3/train/attentive/00000413_005_png.rf.82204fbb197056da295acaad880dfc58.jpg,0,attentive,1.2935575249772184,37.6143676005886,-0.03994185453479328,-0.026881647873725347,0.05183865955577339,0,2,0.00412442622311715,attentive,relaxed,attentive,attentive,relaxed,uncomfortable
668,/home/glyc/Documents/PyProjects/catface/data/cat-emotions-3/train/attentive/00000414_000_png.rf.9ef9911db713f272efe8e10a2ab3e8b3.jpg,3,attentive,1.2115620244045087,42.104346298556514,0.15683470321966445,0.10925588548449419,0.17354593855812547,0,3,-0.017955607567250675,attentive,attentive,attentive,attentive,relaxed,uncomfortable
669,/home/glyc/Documents/PyProjects/catface/data/cat-emotions-3/train/attentive/00000414_012_png.rf.66cf5b5be1cb88dea7ad3fe74b157181.jpg,1,attentive,1.2969994546217969,37.41605887957822,0.05896019479928895,0.013529174679754698,0.07707195421696593,0,2,-0.006063495165237576,attentive,uncomfortable,uncomfortable,uncomfortable,relaxed,attentive
670,/home/glyc/Documents/PyProjects/catface/data/cat-emotions-3/train/attentive/00000415_019_png.rf.d75d43ffa79e5a0c45d27b2e7b7342a2.jpg,3,attentive,1.34289370665901,34.67940203632174,0.11985066122672905,0.09706068611844113,0.17321935599497593,0,1,-0.01829291474057554,attentive,attentive,attentive,attentive,relaxed,uncomfortable
671,/home/glyc/Documents/PyProjects/catface/data/cat-emotions-3/train/attentive/00000415_021_png.rf.950c75d8a62662342baf9aee0d7e568d.jpg,3,attentive,1.1996609055708534,42.723440704766574,0.05338152526068805,0.02760120593493782,0.05780153884375229,0,3,-0.007992091517804889,attentive,attentive,attentive,attentive,relaxed,uncomfortable
672,/home/glyc/Documents/PyProjects/catface/data/cat-emotions-3/train/attentive/00000416_003_png.rf.a129f51fca51115c17b888e7e7f408e3.jpg,0,attentive,1.250377475653114,40.03118934118393,0.051011016491968424,0.024928553264180107,0.06072539903368966,0,3,-0.008497357407675515,uncomfortable,attentive,attentive,relaxed,relaxed,attentive
673,/home/glyc/Documents/PyProjects/catface/data/cat-emotions-3/train/attentive/00000416_014_png.rf.f9318c00ce6b5a93b26236fe995dfb31.jpg,0,attentive,1.1529158641201545,45.08865634465697,0.0069050741595549974,-0.0077655097110733914,0.006883738091220727,0,3,-0.002265126436570758,attentive,attentive,attentive,attentive,relaxed,attentive
674,/home/glyc/Documents/PyProjects/catface/data/cat-emotions-3/train/attentive/00000416_015_png.rf.c5feef318e1260a7db720ceb53e1785c.jpg,1,attentive,1.8935536752335012,0.0,-0.20361918750773622,-0.21860554451802952,,1,0,0.04253671060469133,attentive,attentive,attentive,attentive,uncomfortable,attentive
675,/home/glyc/Documents/PyProjects/catface/data/cat-emotions-3/train/attentive/00000416_025_png.rf.315b42c68988ddec25e97071710f152d.jpg,1,attentive,1.3892848778564904,31.70587378546776,0.006349465916499141,0.0038223598390710995,0.010278304426361051,0,1,-0.00048058323937083536,attentive,attentive,attentive,attentive,attentive,attentive
676,/home/glyc/Documents/PyProjects/catface/data/cat-emotions-3/train/attentive/00000417_001_png.rf.9acaa1cf31a123d06aa25fadf97a189b.jpg,4,attentive,1.4351157846056726,28.499324784696253,-0.050825280760915637,-0.014367247601037591,0.09361115315098212,0,0,0.013479454610808406,uncomfortable,attentive,relaxed,attentive,uncomfortable,uncomfortable
677,/home/glyc/Documents/PyProjects/catface/data/cat-emotions-3/train/attentive/00000417_002_png.rf.f643191d91435d16a70f2bd8d56441fc.jpg,4,attentive,1.4596506891723773,26.639263162969904,-0.04834724444413733,-0.03174369423023849,0.09638219044855402,0,0,0.011592659870419159,attentive,attentive,attentive,attentive,uncomfortable,uncomfortable
678,/home/glyc/Documents/PyProjects/catface/data/cat-emotions-3/train/attentive/00000417_019_png.rf.003f2f152def3b3f28088bb1106f0adf.jpg,3,attentive,1.1726305479062404,44.10344200901453,-0.16543855065341642,-0.11333743319933463,0.17069882022452235,0,3,0.02286773157071184,uncomfortable,relaxed,attentive,relaxed,relaxed,attentive
679,/home/glyc/Documents/PyProjects/catface/data/cat-emotions-3/train/attentive/00000418_004_png.rf.4d711c162e46c3eb24adb7ebaf374c76.jpg,4,attentive,1.2674755397630126,39.08924515595524,0.004288734074890027,-0.0012835701423101829,0.005279310506591793,0,2,-0.0008176227434204542,relaxed,relaxed,attentive,attentive,relaxed,attentive
680,/home/glyc/Documents/PyProjects/catface/data/cat-emotions-3/train/attentive/00000418_007_png.rf.6b314b27f4b0b47dff56fb6cfa373792.jpg,2,attentive,1.480976234654562,24.918730184401866,-0.021989821427123073,-0.01267573050959601,0.04733249239546037,0,0,0.0023143944894171986,attentive,attentive,relaxed,attentive,uncomfortable,uncomfortable
681,/home/glyc/Documents/PyProjects/catface/data/cat-emotions-3/train/attentive/00000418_008_png.rf.042c5889d2245e86ea682832462efb65.jpg,0,attentive,1.3132176795960482,36.469255907605486,0.0038744467582511196,0.004707216142896421,0.00524189443681764,0,2,-0.0022538060457536757,attentive,attentive,attentive,attentive,relaxed,attentive
682,/home/glyc/Documents/PyProjects/catface/data/cat-emotions-3/train/attentive/00000418_014_png.rf.7a8aed86600e8c22997d413ee0df257f.jpg,4,attentive,1.2439708561060312,40.37940739230291,0.0798253986872736,0.08073075453290333,0.09386285476500339,0,3,-0.013663939015336413,relaxed,relaxed,attentive,relaxed,relaxed,attentive
683,/home/glyc/Documents/PyProjects/catface/data/cat-emotions-3/train/attentive/00000418_019_png.rf.93b29ecdfafd16b576e929e939da2345.jpg,1,attentive,1.3871635358898298,31.847212285496813,-0.030366276915779398,-0.034055694058951105,0.04888579996078984,0,1,0.00698651329288455,uncomfortable,attentive,attentive,relaxed,attentive,relaxed
684,/home/glyc/Documents/PyProjects/catface/data/cat-emotions-3/train/attentive/00000419_017_png.rf.43938ebe34b8633bfd23b38fc3ad86e3.jpg,3,attentive,1.3660887040988843,33.222148765605205,0.03279367085003405,0.02550329647825891,0.05007172556143423,0,1,-0.005995461022771403,attentive,attentive,attentive,attentive,attentive,attentive
685,/home/glyc/Documents/PyProjects/catface/data/cat-emotions-3/train/attentive/00000419_023_png.rf.bc3acccc3a7d1c3397f8b335f5d32b5c.jpg,1,attentive,1.4912759605188617,24.046708245240765,0.058830745241291414,0.05887243608745103,0.13184664671771568,0,0,-0.01223733392542034,attentive,attentive,attentive,attentive,uncomfortable,uncomfortable
686,/home/glyc/Documents/PyProjects/catface/data/cat-emotions-3/train/attentive/00000419_026_png.rf.28aada5411155160a3d4554e5527dc83.jpg,1,attentive,1.325039510656663,35.76556247719885,-0.2116684795598753,-0.2045009668292897,0.29385770122187255,0,2,0.032304384989057536,uncomfortable,attentive,attentive,attentive,relaxed,attentive
687,/home/glyc/Documents/PyProjects/catface/data/cat-emotions-3/train/attentive/00000420_018_png.rf.a12052fdfbaacc2833e0362d1eeae84b.jpg,3,attentive,1.3239566489946968,35.830516512656494,-0.054762751616478055,-0.027893688685425782,0.07584524960140583,0,2,0.012277788894201835,uncomfortable,attentive,attentive,attentive,relaxed,attentive
688,/home/glyc/Documents/PyProjects/catface/data/cat-emotions-3/train/attentive/00000421_007_png.rf.47f953c34f203a0a1f3ec243197804db.jpg,2,attentive,1.3483798051867115,34.339645224835046,0.006655735287255747,-0.0018402772743659319,0.009742455467457686,0,1,-0.003074508009750454,attentive,attentive,attentive,attentive,relaxed,uncomfortable
689,/home/glyc/Documents/PyProjects/catface/data/cat-emotions-3/train/attentive/00000421_008_png.rf.5d8874fac79247f5b8015ccece4ce610.jpg,4,attentive,1.4427681121415792,27.931431792755898,-0.025515062624558844,-0.039961045170862776,0.04812570710125559,0,0,0.0032836971672190185,attentive,relaxed,relaxed,attentive,uncomfortable,attentive
690,/home/glyc/Documents/PyProjects/catface/data/cat-emotions-3/train/attentive/00000421_014_png.rf.d5c65f0c69b10ab6b4f4fdaa4b571756.jpg,1,attentive,1.2840816858369033,38.15578420412775,-0.058001869759721054,-0.03874938934289361,0.07382438700911227,0,2,0.005191782254010707,attentive,attentive,relaxed,relaxed,relaxed,relaxed
691,/home/glyc/Documents/PyProjects/catface/data/cat-emotions-3/train/attentive/00000421_025_png.rf.b150ecee66f4167a38c263c32217cc1e.jpg,2,attentive,1.4051511148563298,30.630238747328423,-0.09403367539627794,-0.09567257918833122,0.1588109105190358,0,1,0.017636739505387855,attentive,attentive,attentive,attentive,attentive,attentive
692,/home/glyc/Documents/PyProjects/catface/data/cat-emotions-3/train/attentive/00000422_026_png.rf.0bc68cdd8ac83b3250f2221f5eec9038.jpg,0,attentive,1.3274757397013135,35.61905330006776,-0.07913424869032255,-0.050421629712160985,0.11045592767944322,0,2,0.008700960578711725,attentive,relaxed,attentive,attentive,relaxed,relaxed
693,/home/glyc/Documents/PyProjects/catface/data/cat-emotions-3/train/attentive/00000422_027_png.rf.19105ed48cbde90d6cb6e64322f23d84.jpg,4,attentive,1.2341541589380514,40.90820134955535,-0.0642143181158147,-0.03819878231579351,0.07410959845047446,0,3,0.005435202797149874,attentive,attentive,attentive,attentive,relaxed,relaxed
694,/home/glyc/Documents/PyProjects/catface/data/cat-emotions-3/train/attentive/00000422_029_png.rf.41202456e23716c4a1a848df4f0a2ee1.jpg,1,attentive,1.2615669325451904,39.41688203107401,0.12368000352249468,0.13456354754434657,0.15048008002652366,0,3,-0.014101432429070276,attentive,attentive,attentive,attentive,relaxed,uncomfortable
695,/home/glyc/Documents/PyProjects/catface/data/cat-emotions-3/train/attentive/00000423_005_png.rf.8a677073dd764eea7c6cde39d81d7820.jpg,1,attentive,1.2527171079919444,39.903394648552904,0.020144499088280976,0.01922200091750758,0.024089650093476554,0,3,-0.0035676807552930956,relaxed,uncomfortable,relaxed,relaxed,relaxed,uncomfortable
696,/home/glyc/Documents/PyProjects/catface/data/cat-emotions-3/train/attentive/00000423_007_png.rf.ebdc383d59254b35e43c78f81ed0d944.jpg,2,attentive,1.2348015884070147,40.8735005003913,0.0173817987771512,-0.006272195589155878,0.020084860375613467,0,3,-0.0013549490262044772,attentive,attentive,attentive,attentive,relaxed,attentive
697,/home/glyc/Documents/PyProjects/catface/data/cat-emotions-3/train/attentive/00000424_015_png.rf.5d75ff8a0ebfdc78e3d016aee4d8f830.jpg,0,attentive,1.1056880827720699,47.38326883775134,0.027892978356348568,0.014812188621348104,0.02566394484798547,0,3,-0.005803939016727683,uncomfortable,relaxed,attentive,relaxed,relaxed,uncomfortable
698,/home/glyc/Documents/PyProjects/catface/data/cat-emotions-3/train/attentive/00000424_026_png.rf.049c2edecafe6cc144784acf9c399d93.jpg,3,attentive,1.26085378729995,39.456272240347076,0.09173134911396699,0.06581169601518715,0.11145221912453158,0,3,-0.01480199729437201,uncomfortable,attentive,relaxed,relaxed,relaxed,relaxed
699,/home/glyc/Documents/PyProjects/catface/data/cat-emotions-3/train/attentive/00000425_005_png.rf.7c4a74583f79c78c4cf64ab24d597f25.jpg,2,attentive,1.5211623211492613,21.32776243886559,-0.0948606880971457,-0.07259439587315927,0.2429571728208972,0,0,0.02024471490822949,attentive,attentive,attentive,attentive,uncomfortable,attentive
700,/home/glyc/Documents/PyProjects/catface/data/cat-emotions-3/train/attentive/00000425_009_png.rf.997d5a4b30652b111dbb4ed7d8119780.jpg,2,attentive,1.3441431966202533,34.60227750429168,0.02992607616907046,0.01670007766926578,0.04337662803460308,0,1,-0.0029286677084136015,attentive,attentive,attentive,relaxed,relaxed,relaxed
701,/home/glyc/Documents/PyProjects/catface/data/cat-emotions-3/train/attentive/00000426_014_png.rf.c2ce265189e524e82a84554d8cdb1230.jpg,0,attentive,1.3535707544482865,34.01542937808474,-0.07277690677037274,-0.08127326459302156,0.10783355114746213,0,1,0.013843471186068684,attentive,relaxed,attentive,relaxed,relaxed,attentive
702,/home/glyc/Documents/PyProjects/catface/data/cat-emotions-3/train/attentive/00000426_016_png.rf.e049e87a5874d7ec0d87efd2e29837d5.jpg,1,attentive,1.4255695415920917,29.193561140721684,0.030913874346578496,0.009269953525089974,0.05532846465309949,0,0,-0.0017992237691182578,uncomfortable,uncomfortable,relaxed,uncomfortable,uncomfortable,uncomfortable
703,/home/glyc/Documents/PyProjects/catface/data/cat-emotions-3/train/attentive/00000426_021_png.rf.255c97cbdebe955efafbc5af80fd5d4e.jpg,4,attentive,1.2264842046560076,41.3174675077636,0.11688715526482915,0.08716248101614783,0.13296807921082443,0,3,-0.01588140453441439,relaxed,relaxed,attentive,relaxed,relaxed,uncomfortable
704,/home/glyc/Documents/PyProjects/catface/data/cat-emotions-3/train/attentive/00000426_026_png.rf.5c3ac3fd4a73a22f019d0e3cdba64b30.jpg,3,attentive,1.4899357737860448,24.16184609503641,-0.08636987050317542,-0.056167023625466106,0.19252445958375955,0,0,0.011815691544105361,uncomfortable,uncomfortable,uncomfortable,relaxed,uncomfortable,uncomfortable
705,/home/glyc/Documents/PyProjects/catface/data/cat-emotions-3/train/attentive/00000426_029_png.rf.2bb674f65ebf9a1ff68c2c733805e9b0.jpg,4,attentive,1.4900112469218505,24.15537577459334,-0.05061234153628038,-0.04627731988099651,0.1128525593511244,0,0,0.007610347561875175,relaxed,uncomfortable,uncomfortable,uncomfortable,uncomfortable,attentive
706,/home/glyc/Documents/PyProjects/catface/data/cat-emotions-3/train/attentive/00000427_012_png.rf.c661a4aa2cfd4f97b163b6f9cbb3ead8.jpg,0,attentive,1.2844554406935607,38.1345528781342,0.14023136886777385,0.14243319798657092,0.17862174571938658,0,2,-0.022734749949952532,attentive,attentive,attentive,attentive,relaxed,relaxed
707,/home/glyc/Documents/PyProjects/catface/data/cat-emotions-3/train/attentive/00000427_026_png.rf.98933cde249b9fda1ed775196bc8c88c.jpg,3,attentive,1.3916605003097715,31.546920370717338,0.2561568619765132,0.20042692074337812,0.41724265524517057,0,1,-0.03992443265926138,relaxed,relaxed,attentive,relaxed,attentive,attentive
708,/home/glyc/Documents/PyProjects/catface/data/cat-emotions-3/train/attentive/00000427_027_png.rf.4db142b1178232a73a87e01bba58a0aa.jpg,0,attentive,1.4169862038157914,29.805157651836286,-0.013364602688614297,-0.020207764029420032,0.023331041544370122,0,1,0.002242196113771161,uncomfortable,relaxed,relaxed,attentive,uncomfortable,uncomfortable
709,/home/glyc/Documents/PyProjects/catface/data/cat-emotions-3/train/attentive/00000428_006_png.rf.2a316cc0af3ca1d8e8fdbdd9cd2012c8.jpg,2,attentive,1.3405365196654604,34.82449203109187,0.1181391779473481,0.11497859777399524,0.16982505012708612,0,1,-0.02344622874003585,relaxed,uncomfortable,relaxed,relaxed,relaxed,uncomfortable
710,/home/glyc/Documents/PyProjects/catface/data/cat-emotions-3/train/attentive/00000428_019_png.rf.60021ddb942bb7eb23888d29d1c225ef.jpg,2,attentive,1.4625007277859428,26.415367575818806,-0.09522594489880487,-0.07738613710799781,0.19170230139245312,0,0,0.01462587659525627,uncomfortable,attentive,relaxed,relaxed,uncomfortable,attentive
711,/home/glyc/Documents/PyProjects/catface/data/cat-emotions-3/train/attentive/00000428_020_png.rf.86751d1acc6fb3894a5e1c8b04265f85.jpg,4,attentive,1.1915365304323604,43.14193770905706,0.12657551987191717,0.09533587921643416,0.13506325916794956,0,3,-0.01840989525394035,relaxed,attentive,attentive,attentive,relaxed,relaxed
712,/home/glyc/Documents/PyProjects/catface/data/cat-emotions-3/train/attentive/00000428_021_png.rf.ace50505c920db6288f399cc9e6518e4.jpg,4,attentive,1.2180955783638563,41.76130819861448,0.06374890024214287,0.05624767881550479,0.07139623870467011,0,3,-0.007635074545318421,attentive,relaxed,attentive,attentive,relaxed,uncomfortable
713,/home/glyc/Documents/PyProjects/catface/data/cat-emotions-3/train/attentive/00000429_003_png.rf.f38f8889636ca6791c9caa58e7bdc885.jpg,1,attentive,1.03732229069531,50.5632745743734,0.03828544241723296,0.02561354808257855,0.03148913637589695,0,3,-0.010396171682749478,attentive,uncomfortable,uncomfortable,uncomfortable,relaxed,relaxed
714,/home/glyc/Documents/PyProjects/catface/data/cat-emotions-3/train/attentive/00000429_021_png.rf.08baeb05a736504bc898ae064b09e44d.jpg,1,attentive,1.4505077268001028,27.34605113203731,-0.008035394682656884,0.0002993577983591907,0.015537637984086899,0,0,0.0010876716270067088,attentive,attentive,attentive,attentive,uncomfortable,attentive
715,/home/glyc/Documents/PyProjects/catface/data/cat-emotions-3/train/attentive/00000430_000_png.rf.ac6e6f6d42296c6585ce39b0f40305aa.jpg,4,attentive,1.4546017396759097,27.031680674998785,-0.06445952240918884,-0.05926748675708571,0.12633619528741225,0,0,0.011848607722293292,uncomfortable,relaxed,relaxed,uncomfortable,uncomfortable,uncomfortable
716,/home/glyc/Documents/PyProjects/catface/data/cat-emotions-3/train/attentive/00000430_001_png.rf.e68ff4eb400c5b7a3057c8cd3f7316f9.jpg,4,attentive,1.1952926311577161,42.948864357826565,0.22819492643588551,0.1645600518309726,0.2451473836581973,0,3,-0.0243454405709206,attentive,attentive,attentive,attentive,relaxed,uncomfortable
717,/home/glyc/Documents/PyProjects/catface/data/cat-emotions-3/train/attentive/00000430_003_png.rf.704df6dfa9deeed66042c3a639438f58.jpg,1,attentive,1.4102063603419444,30.280303965980824,-0.030041867055863623,-0.025925892077491925,0.05145108858778242,0,1,0.004827537464959453,attentive,attentive,attentive,attentive,uncomfortable,attentive
718,/home/glyc/Documents/PyProjects/catface/data/cat-emotions-3/train/attentive/00000430_029_png.rf.4fc05372f8c0962a1b6b8731552efa9c.jpg,0,attentive,1.2747958526355425,38.68009994823714,-0.21328190455861135,-0.14938067324920062,0.26640890725550503,0,2,0.02976167575976063,uncomfortable,relaxed,attentive,relaxed,relaxed,uncomfortable
719,/home/glyc/Documents/PyProjects/catface/data/cat-emotions-3/train/attentive/00000431_000_png.rf.220f43239ab9bc97ecfb2e10f182e142.jpg,2,attentive,1.3347480938429905,35.17856298580337,-0.007543482940224993,0.009045790795301104,0.010702067345271408,0,1,0.001390679473639328,relaxed,attentive,attentive,relaxed,relaxed,relaxed
720,/home/glyc/Documents/PyProjects/catface/data/cat-emotions-3/train/attentive/00000431_006_png.rf.4251ef30e709fafef32a843345b25de7.jpg,2,attentive,1.2383363430820646,40.68361491821306,-0.031679510620687405,-0.03203085302052577,0.03685214084872176,0,3,0.005874205411572075,relaxed,relaxed,attentive,relaxed,relaxed,uncomfortable
721,/home/glyc/Documents/PyProjects/catface/data/cat-emotions-3/train/attentive/00000431_009_png.rf.72090e9d168d994edbfab2a06cd4e93f.jpg,1,attentive,1.4520958913708455,27.224497508574135,-0.007658863358690736,-0.007478332495540356,0.014886876627538879,0,0,-0.00022501739112151808,attentive,attentive,attentive,attentive,uncomfortable,attentive
722,/home/glyc/Documents/PyProjects/catface/data/cat-emotions-3/train/attentive/00000431_025_png.rf.07845cffcf3621f8154fcbc6e29e4740.jpg,1,attentive,1.292034752606933,37.70181917605062,0.0007120388217977298,0.00944967020526121,0.0009212101305214387,0,2,-0.0005339805960404287,attentive,attentive,attentive,attentive,relaxed,attentive
723,/home/glyc/Documents/PyProjects/catface/data/cat-emotions-3/train/attentive/00000432_006_png.rf.e756cff9559384c70dd360aba9c9ad66.jpg,2,attentive,1.3775839515267643,32.478614602278924,0.018149594635905826,0.024577758006094595,0.0285126361209982,0,1,0.00029312853461543886,attentive,attentive,attentive,attentive,attentive,uncomfortable
724,/home/glyc/Documents/PyProjects/catface/data/cat-emotions-3/train/attentive/00000432_019_png.rf.7e30fbf60b82acec772d0a6fce668f83.jpg,3,attentive,1.7467216793788738,0.0,0.001288924659820594,0.004467634547482584,,1,0,0.001566852974891883,uncomfortable,uncomfortable,uncomfortable,uncomfortable,uncomfortable,relaxed
725,/home/glyc/Documents/PyProjects/catface/data/cat-emotions-3/train/attentive/00000432_026_png.rf.88e541d109729a2beeeb9c612e47ad60.jpg,4,attentive,2.026780752589915,0.0,-0.029451221224147485,-0.026322051885877624,,1,0,0.007897935728910316,attentive,attentive,attentive,attentive,uncomfortable,relaxed
726,/home/glyc/Documents/PyProjects/catface/data/cat-emotions-3/train/attentive/00000433_005_png.rf.7ee7876e08e6633e92db1fafcd3cdc4c.jpg,4,attentive,1.3653057241789823,33.2722567659105,0.00919166711209621,0.00506594462901247,0.014007752240420878,0,1,-0.003282777562915451,attentive,attentive,attentive,attentive,relaxed,attentive
727,/home/glyc/Documents/PyProjects/catface/data/cat-emotions-3/train/attentive/00000433_015_png.rf.bc8c9fc8a1328ad70418cc5e12068494.jpg,0,attentive,1.206229257209132,42.38266216985107,-0.11578308786075299,-0.09910217816540921,0.12687574239200636,0,3,0.016506913455555328,relaxed,relaxed,attentive,relaxed,relaxed,uncomfortable
728,/home/glyc/Documents/PyProjects/catface/data/cat-emotions-3/train/attentive/00000433_019_png.rf.5bd72a2d32c28933f8a75cff3641dd98.jpg,1,attentive,1.3268432184596786,35.657141836796995,0.35277304798298786,0.3030570919837866,0.4917113840905457,0,2,-0.05676364928236184,relaxed,attentive,attentive,attentive,relaxed,uncomfortable
729,/home/glyc/Documents/PyProjects/catface/data/cat-emotions-3/train/attentive/00000434_000_png.rf.5585ad581f6be4ff7dfc18bd44536c19.jpg,2,attentive,1.5269697654014442,20.7603144754164,-0.0037422343251894002,-0.0445120212893384,0.009872094161945144,0,0,0.005398856710405769,attentive,uncomfortable,uncomfortable,uncomfortable,uncomfortable,uncomfortable
730,/home/glyc/Documents/PyProjects/catface/data/cat-emotions-3/train/attentive/00000434_021_png.rf.e5f1737fffd2a2ef8f96dc6ed92cd11d.jpg,2,attentive,1.2607340549505697,39.46288236901147,-0.0030096282972770206,-0.0006418838615357337,0.003655793778379679,0,3,0.001913242366954282,attentive,attentive,attentive,attentive,relaxed,relaxed
731,/home/glyc/Documents/PyProjects/catface/data/cat-emotions-3/train/attentive/00000434_025_png.rf.53fd26eb4bfda77e606b83c8b5eb199a.jpg,2,attentive,1.4228160583018123,29.391019441631894,-0.0031498485513482997,-0.00830094980358764,0.005592129889851592,0,0,-0.002724848004392627,attentive,attentive,relaxed,attentive,uncomfortable,attentive
732,/home/glyc/Documents/PyProjects/catface/data/cat-emotions-3/train/attentive/00000434_028_png.rf.326ab6468e2af158216a1ebb0df15379.jpg,3,attentive,1.450408039080125,27.35366431463863,-0.023782077799104642,-0.05163510664850578,0.0459712344084893,0,0,0.003236131850675422,attentive,uncomfortable,uncomfortable,uncomfortable,uncomfortable,uncomfortable
733,/home/glyc/Documents/PyProjects/catface/data/cat-emotions-3/train/attentive/00000435_000_png.rf.21840ec61ef52225fbb145451cef3866.jpg,3,attentive,1.4953586887518904,23.692711068869972,0.004326138294525461,0.010077179470064002,0.009858625555439532,0,0,-0.0008192673910278614,attentive,attentive,attentive,attentive,uncomfortable,uncomfortable
734,/home/glyc/Documents/PyProjects/catface/data/cat-emotions-3/train/attentive/00000435_002_png.rf.f6f0ed0d777824dcfac06ba51e34aae2.jpg,2,attentive,1.2281328449093871,41.22977841635355,0.03826163596362879,0.03931153473480445,0.04366010856577799,0,3,-0.004871984372571303,relaxed,relaxed,attentive,relaxed,relaxed,attentive
735,/home/glyc/Documents/PyProjects/catface/data/cat-emotions-3/train/attentive/00000435_003_png.rf.54488c6f82c4f26c6b703027b67c2204.jpg,3,attentive,1.1325624834358339,46.088377006939496,0.029955095910052066,0.025971133462099994,0.02883813924138839,0,3,-0.003858870824490823,uncomfortable,relaxed,attentive,relaxed,relaxed,uncomfortable
736,/home/glyc/Documents/PyProjects/catface/data/cat-emotions-3/train/attentive/00000435_004_png.rf.c777659a5b1c086f1a565f40b1d7605a.jpg,3,attentive,1.470091297446632,25.81027417205373,0.008749074553987012,-0.0069770567590614965,0.01809005083488078,0,0,-0.001841486221652866,attentive,uncomfortable,relaxed,attentive,uncomfortable,relaxed
737,/home/glyc/Documents/PyProjects/catface/data/cat-emotions-3/train/attentive/00000435_015_png.rf.b9ac8ec230fe2340f3fdb8d2bd73f457.jpg,3,attentive,1.372595825648343,32.803093968139514,-0.17584350822654782,-0.1526029981043222,0.2728233581136181,0,1,0.03552231167791342,attentive,attentive,attentive,attentive,attentive,attentive
738,/home/glyc/Documents/PyProjects/catface/data/cat-emotions-3/train/attentive/00000437_000_png.rf.efc410b7694211b5b54a0cc8fcd98f43.jpg,2,attentive,1.1699816610803664,44.236824172383876,0.19760838552290544,0.13692854357158268,0.20294403162138427,0,3,-0.02767707283821036,relaxed,attentive,attentive,attentive,relaxed,attentive
739,/home/glyc/Documents/PyProjects/catface/data/cat-emotions-3/train/attentive/00000437_024_png.rf.6fb61da52d5931ef57992baa980407b5.jpg,3,attentive,1.4894811774458805,24.200784295003146,-0.08832924344756486,-0.06929831153263546,0.19653428488178104,0,0,0.01540847000668416,attentive,attentive,attentive,attentive,uncomfortable,attentive
740,/home/glyc/Documents/PyProjects/catface/data/cat-emotions-3/train/attentive/00000437_028_png.rf.e3367bd316531cfd3061d400dffc0438.jpg,2,attentive,1.251014892751795,39.996406217203216,0.04874093739908982,0.03551229154929621,0.058094587061327446,0,3,-0.0055713278722601955,attentive,uncomfortable,relaxed,attentive,relaxed,attentive
741,/home/glyc/Documents/PyProjects/catface/data/cat-emotions-3/train/attentive/00000437_029_png.rf.0cc1ecbdf1fceb121e2104650b5a0a76.jpg,1,attentive,1.9208920551749484,0.0,-0.15866335882959462,-0.15512313202948716,,1,0,0.04443750868213603,attentive,attentive,attentive,attentive,uncomfortable,uncomfortable
742,/home/glyc/Documents/PyProjects/catface/data/cat-emotions-3/train/attentive/00000438_016_png.rf.2ab58beaca5fc706f11d32d565d0832d.jpg,3,attentive,1.5954304206547023,12.313673324105123,-0.039198841080459866,-0.02624687093725436,0.17957621391908904,0,0,0.009210797977681734,attentive,attentive,attentive,attentive,uncomfortable,attentive
743,/home/glyc/Documents/PyProjects/catface/data/cat-emotions-3/train/attentive/00000438_019_png.rf.d883a2b7ac7f2ba84f75ae5e64f12d02.jpg,3,attentive,1.5130688513217208,22.09538932252887,-0.00023891342332556657,-0.007820552600643018,0.0005885086651588613,0,0,0.001234023134913137,attentive,attentive,attentive,attentive,uncomfortable,attentive
744,/home/glyc/Documents/PyProjects/catface/data/cat-emotions-3/train/attentive/00000438_022_png.rf.53c3fb75f82f0c6c077a7aa2cc65a207.jpg,2,attentive,1.3363394583990449,35.08153187267436,0.09937878305130288,0.0848576454440328,0.14149863349211642,0,1,-0.019380546119132563,relaxed,attentive,attentive,attentive,relaxed,uncomfortable
745,/home/glyc/Documents/PyProjects/catface/data/cat-emotions-3/train/attentive/00000439_014_png.rf.aa640a32c19ee689dc962c38e816a5c9.jpg,0,attentive,1.2878502726958183,37.94124656163013,0.03057715377866023,0.015570767149005597,0.039219803380547515,0,2,-0.0030467577652177336,attentive,attentive,attentive,attentive,relaxed,relaxed
746,/home/glyc/Documents/PyProjects/catface/data/cat-emotions-3/train/attentive/00000439_029_png.rf.96fd6f831362747527eb92a18baad057.jpg,2,attentive,1.3425301950842734,34.7018115536157,0.046380533296367744,0.031707968897102846,0.06697747180421561,0,1,-0.006510680956408416,attentive,uncomfortable,uncomfortable,attentive,relaxed,uncomfortable
747,/home/glyc/Documents/PyProjects/catface/data/cat-emotions-3/train/attentive/00000440_003_png.rf.62d65fd5e861a2af64bef19868f517b7.jpg,2,attentive,1.3072168841416418,36.822009171699676,0.00023624136292034142,0.0004403074678104903,0.00031553757721510125,0,2,0.0008314114017361762,attentive,attentive,attentive,attentive,relaxed,attentive
748,/home/glyc/Documents/PyProjects/catface/data/cat-emotions-3/train/attentive/00000440_010_png.rf.de3f7850ebda34305b1538237a5191c3.jpg,1,attentive,1.6116380605214133,9.27725530999772,-0.042099211783811076,-0.02381810404422414,0.25772604211939387,0,0,0.009811556985965003,attentive,uncomfortable,uncomfortable,uncomfortable,uncomfortable,attentive
749,/home/glyc/Documents/PyProjects/catface/data/cat-emotions-3/train/attentive/00000440_021_png.rf.c0af902a99da40af4e3b06e1c491e812.jpg,0,attentive,1.3081665672343004,36.76637641086056,-0.12917393608462102,-0.11668362702872105,0.17288178580878313,0,2,0.020153667851976753,attentive,attentive,attentive,attentive,relaxed,attentive
750,/home/glyc/Documents/PyProjects/catface/data/cat-emotions-3/train/attentive/00000440_022_png.rf.fab7fca87906a3fcf1c4c9b15caa2117.jpg,4,attentive,1.3905172411472109,31.623505479804844,0.01129158224057832,0.005748718240729145,0.018337344394155887,0,1,0.0006758301514399045,relaxed,attentive,attentive,attentive,attentive,attentive
751,/home/glyc/Documents/PyProjects/catface/data/cat-emotions-3/train/attentive/00000440_024_png.rf.353971d3a784bd2ba4dde23e80423fe2.jpg,0,attentive,1.3818852236436738,32.19647974947062,0.030461604621512706,0.0008002101514515145,0.04837879887875089,0,1,-0.008571736775035005,attentive,uncomfortable,uncomfortable,uncomfortable,attentive,attentive
752,/home/glyc/Documents/PyProjects/catface/data/cat-emotions-3/train/attentive/00000441_001_png.rf.4ce6008b67eecf5203e27098e9dbe63d.jpg,2,attentive,1.2807590784911902,38.344088506955345,-0.03007332729781342,-0.04214097345573947,0.03801925217215888,0,2,0.003439706844545032,attentive,attentive,attentive,attentive,relaxed,attentive
753,/home/glyc/Documents/PyProjects/catface/data/cat-emotions-3/train/attentive/00000441_004_png.rf.1e337c7c79f3b23994d254a87408524f.jpg,4,attentive,1.284107317648916,38.154328496466555,0.04760648358762237,0.042256125019615724,0.06059637897410936,0,2,-0.006551757169611067,uncomfortable,attentive,attentive,attentive,relaxed,attentive
754,/home/glyc/Documents/PyProjects/catface/data/cat-emotions-3/train/attentive/00000441_009_png.rf.0dd22d44d38dddc4cfe01952af166227.jpg,1,attentive,1.1542781673794285,45.021124263954036,-0.014262269888324233,-0.02042355926185857,0.014251757109458064,0,3,-0.0013091970926383811,relaxed,attentive,attentive,relaxed,relaxed,attentive
755,/home/glyc/Documents/PyProjects/catface/data/cat-emotions-3/train/attentive/00000441_020_png.rf.50b6daa0c27e01ff7442de03df54291e.jpg,3,attentive,1.4601499284142394,26.60016980501505,0.039273194510930656,0.03314100413322502,0.07842617665954998,0,0,-0.005175557735427744,attentive,uncomfortable,attentive,attentive,uncomfortable,uncomfortable
756,/home/glyc/Documents/PyProjects/catface/data/cat-emotions-3/train/attentive/00000442_015_png.rf.582448e1f39706d6bf794ac07c929a8d.jpg,1,attentive,1.4303778964445177,28.845789645755087,0.08051863620656109,0.059209413133166286,0.14618599554537187,0,0,-0.011197659078590494,attentive,uncomfortable,uncomfortable,uncomfortable,uncomfortable,attentive
757,/home/glyc/Documents/PyProjects/catface/data/cat-emotions-3/train/attentive/00000442_019_png.rf.f602e2797316aae2031f90bfa2c2d0a1.jpg,2,attentive,1.2665517978921574,39.1406190176751,0.06695103349301476,0.07106039264000667,0.08226400165799297,0,2,-0.012155176024900266,uncomfortable,attentive,attentive,relaxed,relaxed,attentive
758,/home/glyc/Documents/PyProjects/catface/data/cat-emotions-3/train/attentive/00000443_022_png.rf.ef30e57d9ae38cf7248e659953b1c1e1.jpg,2,attentive,1.2885376904901389,37.90200220335726,0.0736805583520598,0.05153958161486914,0.09464002168107764,0,2,-0.014211346459906488,attentive,attentive,attentive,relaxed,relaxed,relaxed
759,/home/glyc/Documents/PyProjects/catface/data/cat-emotions-3/train/attentive/00000443_027_png.rf.dc82bc1a98575bf6483987a37014c79c.jpg,4,attentive,1.678277837088256,0.0,-0.04766628034327036,-0.1609855004515854,,1,0,0.011059175163379537,attentive,attentive,attentive,attentive,uncomfortable,attentive
760,/home/glyc/Documents/PyProjects/catface/data/cat-emotions-3/train/attentive/00000443_029_png.rf.caa28737385bf64289c5bebd47ed683a.jpg,4,attentive,1.3376153482490438,35.00356705848698,0.03253987616250738,0.028893142409713454,0.04646560209503533,0,1,-0.0024662872008132386,relaxed,uncomfortable,uncomfortable,uncomfortable,relaxed,uncomfortable
761,/home/glyc/Documents/PyProjects/catface/data/cat-emotions-3/train/attentive/00000444_002_png.rf.ef34555527db6051f6a0a858e500de29.jpg,4,attentive,1.3054131058573653,36.92747699287149,-0.023108862454077908,-0.03847489254884051,0.03074739392652332,0,2,0.004692386161713219,relaxed,relaxed,relaxed,relaxed,relaxed,uncomfortable
762,/home/glyc/Documents/PyProjects/catface/data/cat-emotions-3/train/attentive/00000444_004_png.rf.5b8152b36451a71de2cfd1751e8f6578.jpg,0,attentive,1.2452544162266341,40.309842273350434,0.035207727293449446,0.030105538531484947,0.04150107273743683,0,3,-0.005068785922009711,attentive,attentive,attentive,attentive,relaxed,attentive
763,/home/glyc/Documents/PyProjects/catface/data/cat-emotions-3/train/attentive/00000444_010_png.rf.c6f568ddfb15d0f9cbb693069bf3db17.jpg,3,attentive,1.2642844601097734,39.26647767605146,-0.009474244409296588,-0.026452620473470318,0.01158909201898015,0,3,-0.0006067007445119954,attentive,relaxed,attentive,attentive,relaxed,uncomfortable
764,/home/glyc/Documents/PyProjects/catface/data/cat-emotions-3/train/attentive/00000444_014_png.rf.50ad663e193c062fe16dee939db20094.jpg,2,attentive,1.2742821056637341,38.70893292895213,0.03820632323823984,0.04031562489596843,0.04767405250000085,0,2,-0.005515464912919599,relaxed,relaxed,attentive,relaxed,relaxed,uncomfortable
765,/home/glyc/Documents/PyProjects/catface/data/cat-emotions-3/train/attentive/00000444_016_png.rf.a435e41bac31d0f040b3411c56a8bfe0.jpg,1,attentive,1.4509695093456922,27.31075910337772,0.002716323874668596,0.0006111278093034518,0.005260357192749848,0,0,0.0018522600104087794,attentive,attentive,attentive,attentive,uncomfortable,relaxed
766,/home/glyc/Documents/PyProjects/catface/data/cat-emotions-3/train/attentive/00000444_025_png.rf.6e8abcbc8a963f1bcdb5113dbc266cfc.jpg,1,attentive,1.2447034474360719,40.33971531592334,-0.09307135079590824,-0.063537218636465,0.10959188132492462,0,3,0.0132826005467378,uncomfortable,attentive,attentive,attentive,relaxed,uncomfortable
767,/home/glyc/Documents/PyProjects/catface/data/cat-emotions-3/train/attentive/00000445_000_png.rf.dc474da1abe4b4e7c526977bb32c678d.jpg,3,attentive,1.3345158807281656,35.19270234801406,-0.01931614548941606,-0.025160725967648703,0.027389787406401567,0,1,0.0049724786515797925,attentive,attentive,attentive,attentive,relaxed,attentive
768,/home/glyc/Documents/PyProjects/catface/data/cat-emotions-3/train/attentive/00000445_007_png.rf.aab93684d2eaa9bf4c2834d77351e1a8.jpg,0,attentive,1.4560219637065455,26.92183243976641,0.07758979158879192,0.04936495008183184,0.15279350739657027,0,0,-0.0080265272754928,attentive,uncomfortable,uncomfortable,uncomfortable,uncomfortable,attentive
769,/home/glyc/Documents/PyProjects/catface/data/cat-emotions-3/train/attentive/00000445_008_png.rf.0301c1d9c1bc3dd48c8f86a5d7c05743.jpg,4,attentive,1.2847255214125095,38.119204572737345,0.004661420680127076,0.0018457671069391887,0.005940828178872905,0,2,-0.00271824875087745,attentive,relaxed,attentive,attentive,relaxed,attentive
770,/home/glyc/Documents/PyProjects/catface/data/cat-emotions-3/train/attentive/00000445_020_png.rf.fb0a6cb25fa57f2682c74f831b2f30a4.jpg,2,attentive,1.9414511176214213,0.0,-0.11295974443857285,-0.08767394394376678,,1,0,0.029252595323255498,attentive,uncomfortable,uncomfortable,attentive,uncomfortable,attentive
771,/home/glyc/Documents/PyProjects/catface/data/cat-emotions-3/train/attentive/00000446_003_png.rf.5df97a984149e52e3382b8250e7d0aba.jpg,4,attentive,1.239897474977794,40.59951822002696,0.07064194436217248,0.08293795632900502,0.08242077328550045,0,3,-0.011511515194345567,uncomfortable,relaxed,attentive,relaxed,relaxed,attentive
772,/home/glyc/Documents/PyProjects/catface/data/cat-emotions-3/train/attentive/00000446_004_png.rf.1ca6042f8fa261aa15c25b2869b761fc.jpg,3,attentive,1.487355540128183,24.38207903297772,0.019046094120722615,0.02502596270996258,0.042021813533859795,0,0,-0.0006738032028953678,attentive,attentive,relaxed,attentive,uncomfortable,attentive
773,/home/glyc/Documents/PyProjects/catface/data/cat-emotions-3/train/attentive/00000446_005_png.rf.0f1d66979a5631e1b447f5b9f32bc64a.jpg,4,attentive,1.4429636092974287,27.916784689358092,0.027646105613660772,0.02100700725573028,0.05217743963222232,0,0,-0.010205381613817066,attentive,attentive,attentive,attentive,uncomfortable,attentive
774,/home/glyc/Documents/PyProjects/catface/data/cat-emotions-3/train/attentive/00000446_010_png.rf.4d129b1642c48ab8da59b962a4da800d.jpg,2,attentive,1.2086174561094805,42.258206623892264,0.07387426645454219,0.053768065100054836,0.08130582267315423,0,3,-0.008896566306931586,uncomfortable,attentive,attentive,attentive,relaxed,attentive
775,/home/glyc/Documents/PyProjects/catface/data/cat-emotions-3/train/attentive/00000446_011_png.rf.c90acdb82de7ce265f58c923b31ade55.jpg,2,attentive,1.0750834072592454,48.825883526255794,0.11426848181703175,0.05703698814443088,0.09994334720984979,0,3,-0.005909894010417138,relaxed,attentive,attentive,attentive,relaxed,relaxed
776,/home/glyc/Documents/PyProjects/catface/data/cat-emotions-3/train/attentive/00000446_014_png.rf.559c29fb989b5551ba7872d986e1dae6.jpg,2,attentive,1.4015111045836786,30.879988383850424,0.011424052409695814,0.0017940451845295721,0.019103339126518386,0,1,-0.004381707672811236,attentive,attentive,relaxed,attentive,attentive,attentive
777,/home/glyc/Documents/PyProjects/catface/data/cat-emotions-3/train/attentive/00000447_015_png.rf.c533c5e3c1a631c2bdcf6f24960a3fc5.jpg,2,attentive,1.241989792816548,40.486580629264736,0.025279493502585182,0.030843769101148038,0.029612525326731202,0,3,-0.004458439018172861,relaxed,attentive,attentive,attentive,relaxed,uncomfortable
778,/home/glyc/Documents/PyProjects/catface/data/cat-emotions-3/train/attentive/00000447_020_png.rf.b598a4475ca09769b388149f2112ff13.jpg,4,attentive,1.4009636855680447,30.91739066790948,0.01146965429815449,0.02634783086873282,0.01915120194147427,0,1,-0.001269140922598444,attentive,attentive,relaxed,attentive,attentive,relaxed
779,/home/glyc/Documents/PyProjects/catface/data/cat-emotions-3/train/attentive/00000447_021_png.rf.768180f1b1ba9ded16f550742f454ab3.jpg,1,attentive,1.4311396583066076,28.790342117895204,-0.000713281239432754,0.007650243710324965,0.0012979719648298,0,0,-0.00013417330899526125,attentive,uncomfortable,uncomfortable,attentive,uncomfortable,attentive
780,/home/glyc/Documents/PyProjects/catface/data/cat-emotions-3/train/attentive/00000448_019_png.rf.afc340ac5134a145f3aac30d99003556.jpg,2,attentive,1.3839913099313925,32.057527132105,0.03487832178187552,0.011550425722984774,0.05569247698994325,0,1,-0.0027169237854380024,attentive,attentive,relaxed,relaxed,attentive,relaxed
781,/home/glyc/Documents/PyProjects/catface/data/cat-emotions-3/train/attentive/00000448_029_png.rf.83537b291ca65f9c04fa11eb992bc472.jpg,4,attentive,1.2337149837626453,40.931726408298196,0.033102246378693405,0.010338675458063709,0.03817154779867969,0,3,-0.0051868586149591,attentive,attentive,attentive,attentive,relaxed,uncomfortable
782,/home/glyc/Documents/PyProjects/catface/data/cat-emotions-3/train/attentive/00000449_003_png.rf.70b9c5c1ce70dc4c7a540abf93ff032f.jpg,1,attentive,1.4286237372581831,28.97310342728899,-0.0027821143794388714,-0.011316433799570423,0.005024628481850764,0,0,0.0013013417871461097,uncomfortable,relaxed,relaxed,relaxed,uncomfortable,attentive
783,/home/glyc/Documents/PyProjects/catface/data/cat-emotions-3/train/attentive/00000449_010_png.rf.4bc0eb5853ad695dd0b5ef8901a96f1f.jpg,1,attentive,1.3472197878952763,34.41173067960754,0.007118301372822614,-2.460281596026381e-05,0.010391452375694398,0,1,-0.0017597023016636404,attentive,attentive,attentive,attentive,relaxed,relaxed
784,/home/glyc/Documents/PyProjects/catface/data/cat-emotions-3/train/attentive/00000449_026_png.rf.260eeb42b52181469706d104796c8aad.jpg,2,attentive,1.1960672401388819,42.90896051418356,0.003218405400139162,0.007025680187130016,0.003462330668647599,0,3,-0.0023066006915483384,relaxed,attentive,attentive,relaxed,relaxed,relaxed
785,/home/glyc/Documents/PyProjects/catface/data/cat-emotions-3/train/attentive/00000450_009_png.rf.16c9aa42a4f6e2fc6a259d768f3d8aea.jpg,4,attentive,1.4808168884713022,24.93199635797231,-0.010973307717891458,-0.01634811403548351,0.02360544111212621,0,0,-0.0028534675192026793,attentive,relaxed,attentive,relaxed,uncomfortable,attentive
786,/home/glyc/Documents/PyProjects/catface/data/cat-emotions-3/train/attentive/00000450_016_png.rf.ca360d64f5b3368f911610cb1480eff4.jpg,1,attentive,1.5218581126693307,21.260538682643677,-0.1156132293742181,-0.10486333318342189,0.29713711875021087,0,0,0.028644858398327283,attentive,attentive,attentive,attentive,uncomfortable,attentive
787,/home/glyc/Documents/PyProjects/catface/data/cat-emotions-3/train/attentive/00000450_019_png.rf.e9816cfae984dd88a7242c36ebcc4002.jpg,1,attentive,1.4890627270649706,24.23657446150606,0.15463640702466477,0.13039499179416122,0.343495004807327,0,0,-0.02604513046822253,attentive,uncomfortable,uncomfortable,uncomfortable,uncomfortable,uncomfortable
788,/home/glyc/Documents/PyProjects/catface/data/cat-emotions-3/train/attentive/00000450_021_png.rf.181811476391818af86092cab1f509b2.jpg,3,attentive,1.4449376821286757,27.768484473752515,-0.13419853312573446,-0.11023284266165878,0.254869878661687,0,0,0.025440550484206848,attentive,attentive,attentive,attentive,uncomfortable,attentive
789,/home/glyc/Documents/PyProjects/catface/data/cat-emotions-3/train/attentive/00000450_022_png.rf.c6318e8db0acc28038609f3c4f3dc432.jpg,3,attentive,1.3604418775734302,33.582043845441916,-0.09220317521581839,-0.07068843170366153,0.13887133603983423,0,1,0.018094929227944645,uncomfortable,attentive,relaxed,attentive,attentive,relaxed
790,/home/glyc/Documents/PyProjects/catface/data/cat-emotions-3/train/attentive/00000450_028_png.rf.3b0fa4fa789ea8f8b30f9c42dcc8ec90.jpg,0,attentive,1.3047850727076575,36.964137813001145,0.08891820434596655,0.05623445911352662,0.11815223673771448,0,2,-0.011360394423502618,attentive,uncomfortable,uncomfortable,attentive,relaxed,uncomfortable
791,/home/glyc/Documents/PyProjects/catface/data/cat-emotions-3/train/attentive/00000451_016_png.rf.a6fcf95cf15bc474f3206eaa67617375.jpg,2,attentive,1.1638915426251717,44.54228461522624,-0.046383085318044255,-0.015312768501758148,0.04713014478758532,0,3,0.004211386959651481,uncomfortable,attentive,attentive,attentive,relaxed,relaxed
792,/home/glyc/Documents/PyProjects/catface/data/cat-emotions-3/train/attentive/00000451_018_png.rf.c4bccbd372599c549db4fabc3054e938.jpg,4,attentive,1.5090840068878935,22.464164291241154,0.111297676171765,0.10570078104589498,0.2691724135461641,0,0,-0.022749775952914747,attentive,uncomfortable,relaxed,attentive,uncomfortable,attentive
793,/home/glyc/Documents/PyProjects/catface/data/cat-emotions-3/train/attentive/00000451_019_png.rf.afa85338035a9143959257fa9f183cba.jpg,0,attentive,1.5551542702625667,17.762216181763296,0.02832738788174995,0.0314472092721178,0.08842979389024172,0,0,-0.004827874562931517,attentive,uncomfortable,relaxed,relaxed,uncomfortable,uncomfortable
794,/home/glyc/Documents/PyProjects/catface/data/cat-emotions-3/train/attentive/00000451_021_png.rf.253267d7cd5384d16dc8606a50773d1d.jpg,3,attentive,1.489956527709228,24.160067021235974,-0.12269743930405862,-0.11638877961850487,0.2735238833050264,0,0,0.023624171699035718,attentive,attentive,attentive,attentive,uncomfortable,uncomfortable
795,/home/glyc/Documents/PyProjects/catface/data/cat-emotions-3/train/attentive/00000451_025_png.rf.23edae23a5e5bea842c52f0da4cb8982.jpg,2,attentive,1.3034365575069637,37.04275096075929,0.049548013662505365,0.04930347791765866,0.06565045995225992,0,2,-0.007789325380098688,attentive,relaxed,attentive,attentive,relaxed,attentive
796,/home/glyc/Documents/PyProjects/catface/data/cat-emotions-3/train/attentive/00000452_003_png.rf.ef5885b18f10bb21c17e52ffce716e24.jpg,2,attentive,1.2367355031325449,40.76970180028278,-0.05733278193392119,-0.037151321231856854,0.06649171939062201,0,3,0.011398431956214039,attentive,attentive,attentive,attentive,relaxed,attentive
797,/home/glyc/Documents/PyProjects/catface/data/cat-emotions-3/train/attentive/00000452_008_png.rf.3c43c4f5af4d1263d9addd72a3baade2.jpg,0,attentive,1.3213148756650133,35.98855372102812,-0.03263820442364654,-0.029797410084360314,0.04494151222622793,0,2,0.007261168012858782,uncomfortable,relaxed,attentive,relaxed,relaxed,attentive
798,/home/glyc/Documents/PyProjects/catface/data/cat-emotions-3/train/attentive/00000452_012_png.rf.8febed5a439c078da9016afeb656cf82.jpg,0,attentive,1.392824621283109,31.468766044865287,-0.006671255675619266,-0.011618713362419023,0.010899832842022507,0,1,-0.0018212520149701594,relaxed,attentive,relaxed,attentive,attentive,attentive
799,/home/glyc/Documents/PyProjects/catface/data/cat-emotions-3/train/attentive/00000452_013_png.rf.011cd654e4cd56fa5c97d100cf54e4db.jpg,4,attentive,1.4254000094929309,29.20575380604547,0.10982372655279994,0.08386351343118167,0.1964600910415839,0,0,-0.01815943500681,attentive,attentive,attentive,attentive,uncomfortable,relaxed
800,/home/glyc/Documents/PyProjects/catface/data/cat-emotions-3/train/attentive/00000452_015_png.rf.90df10bac8e66353a0da169eb5e3193a.jpg,3,attentive,1.658495711239693,0.0,0.14479169911417902,0.13845974547189516,,1,0,-0.03872826167747201,attentive,uncomfortable,uncomfortable,uncomfortable,uncomfortable,attentive
801,/home/glyc/Documents/PyProjects/catface/data/cat-emotions-3/train/attentive/00000453_003_png.rf.e316973ad774d85897374b731d55195a.jpg,3,attentive,1.3154363512165974,36.33808697333425,-0.024803558034537366,-0.0200502971826256,0.033718951014648536,0,2,0.0030296417393235464,attentive,attentive,attentive,attentive,relaxed,attentive
802,/home/glyc/Documents/PyProjects/catface/data/cat-emotions-3/train/attentive/00000453_015_png.rf.a2e02db75a99df96e4074c71282f5784.jpg,3,attentive,1.3929044443661478,31.463400668738345,0.12437727613940722,0.10566684632939576,0.2032565906285221,0,1,-0.022945890061583263,attentive,relaxed,attentive,attentive,attentive,relaxed
803,/home/glyc/Documents/PyProjects/catface/data/cat-emotions-3/train/attentive/00000453_017_png.rf.7d029c87d97db16457f31a5f5caff72a.jpg,4,attentive,1.3241352955126342,35.819807664441825,0.1165657564731049,0.09783219143002307,0.1615046942594859,0,2,-0.01575124143039261,relaxed,attentive,attentive,attentive,relaxed,attentive
804,/home/glyc/Documents/PyProjects/catface/data/cat-emotions-3/train/attentive/00000453_019_png.rf.f6dbdba72224574000eeaa30e0f10b3d.jpg,0,attentive,1.354668728231764,33.94650366178267,-0.012187926605491534,-0.010959625525827311,0.018105786898518546,0,1,0.003211461193096621,relaxed,attentive,relaxed,attentive,relaxed,attentive
805,/home/glyc/Documents/PyProjects/catface/data/cat-emotions-3/train/attentive/00000454_002_png.rf.a0c1c15628645934860e408b0ada2677.jpg,0,attentive,1.3879159233772242,31.797147387577855,-0.030240489335404557,-0.014642718002076428,0.04877833876952243,0,1,0.00370771996503394,uncomfortable,attentive,attentive,relaxed,attentive,relaxed
806,/home/glyc/Documents/PyProjects/catface/data/cat-emotions-3/train/attentive/00000454_004_png.rf.1a92866e8fae1dbc1825412a01ea355d.jpg,2,attentive,1.4521078509315353,27.22358025674211,-0.05062863002188726,-0.05757230013482733,0.09841301451336999,0,0,0.0038920181716065316,attentive,attentive,attentive,relaxed,uncomfortable,attentive
807,/home/glyc/Documents/PyProjects/catface/data/cat-emotions-3/train/attentive/00000454_006_png.rf.ed1dfb3bc14b9ddecde61e01c9db97bf.jpg,2,attentive,1.3779415290934756,32.45524321727329,0.0394930128849762,0.02754170386721265,0.062098605972218494,0,1,-0.005460198360625695,relaxed,relaxed,attentive,relaxed,attentive,relaxed
808,/home/glyc/Documents/PyProjects/catface/data/cat-emotions-3/train/attentive/00000454_022_png.rf.f0235484627069ab8879e33870dbb8fe.jpg,2,attentive,1.1977998292020082,42.81959806243624,-0.08676795465772537,-0.054295277172822676,0.09363660084363289,0,3,0.00893024671267531,attentive,attentive,attentive,attentive,relaxed,relaxed
809,/home/glyc/Documents/PyProjects/catface/data/cat-emotions-3/train/attentive/00000455_001_png.rf.72a2d440906fee1f1473fd1d2a107f54.jpg,0,attentive,1.3847165532885923,32.009553295596525,-0.008954218970226713,0.0011500023839778584,0.014324430557004757,0,1,0.0010887035544284163,attentive,attentive,attentive,attentive,attentive,uncomfortable
810,/home/glyc/Documents/PyProjects/catface/data/cat-emotions-3/train/attentive/00000455_012_png.rf.d748ef53a9ac1ee205a745a0807897ae.jpg,0,attentive,1.4212308092557226,29.504154880806297,0.0407036822606803,0.04737379086967361,0.07193134355268765,0,0,-0.006591115633068773,uncomfortable,attentive,relaxed,attentive,uncomfortable,attentive
811,/home/glyc/Documents/PyProjects/catface/data/cat-emotions-3/train/attentive/00000455_015_png.rf.1d9313e9427b73fd0922a33826f8236b.jpg,0,attentive,1.1953378080397514,42.946537898871064,0.035417869134983,0.015632604095302077,0.038052138290788955,0,3,-0.0009194539465476048,uncomfortable,relaxed,attentive,relaxed,relaxed,attentive
812,/home/glyc/Documents/PyProjects/catface/data/cat-emotions-3/train/attentive/00000455_016_png.rf.052734d0fda51659efb8f2f6628a8eb2.jpg,2,attentive,1.2134386331635247,42.00605034361034,0.17447697315592875,0.1568937154431178,0.19373516439270067,0,3,-0.024900898250850845,attentive,attentive,attentive,attentive,relaxed,uncomfortable
813,/home/glyc/Documents/PyProjects/catface/data/cat-emotions-3/train/attentive/CAT_01_00000100_002_png.rf.1dfb3b563438d130f06644ed6d3da8e9.jpg,2,attentive,1.2091520696519136,42.23030569864531,0.012282148911845958,-0.00873984921372325,0.013530933534207167,0,3,-0.005721894185723303,uncomfortable,attentive,attentive,attentive,relaxed,relaxed
814,/home/glyc/Documents/PyProjects/catface/data/cat-emotions-3/train/attentive/CAT_01_00000100_003_png.rf.3299bb566dae8eecf8bf0278fe308a9e.jpg,4,attentive,1.3374166791422935,35.015716929186105,-0.010110647038565256,-0.0007822992472099302,0.014431073447548425,0,1,0.0019300634813631812,relaxed,relaxed,relaxed,relaxed,relaxed,uncomfortable
815,/home/glyc/Documents/PyProjects/catface/data/cat-emotions-3/train/attentive/CAT_01_00000101_005_png.rf.b69879568f2abf6a140d3e800e7dde18.jpg,2,attentive,0.9725729682552312,53.44635897382462,0.40938969242695683,0.29814842544835646,0.3035259837536641,0,3,-0.03772183732676418,relaxed,attentive,attentive,relaxed,relaxed,attentive
816,/home/glyc/Documents/PyProjects/catface/data/cat-emotions-3/train/attentive/CAT_01_00000101_015_png.rf.9cd0b34ab98d009f0e674e5c8d2cc047.jpg,1,attentive,1.4295343952749142,28.907073418636386,0.021438931233921942,0.00235852182135421,0.038825227431177056,0,0,-0.0060531406803178145,uncomfortable,uncomfortable,relaxed,attentive,uncomfortable,relaxed
817,/home/glyc/Documents/PyProjects/catface/data/cat-emotions-3/train/attentive/CAT_01_00000101_017_png.rf.4d916d923dbf950aad99c9e194a948d7.jpg,2,attentive,1.4992588875632635,23.349821597994445,-0.107163735387838,-0.10588774978727873,0.24823701609406143,0,0,0.025290303543770654,attentive,attentive,attentive,attentive,uncomfortable,attentive
818,/home/glyc/Documents/PyProjects/catface/data/cat-emotions-3/train/attentive/CAT_01_00000102_004_png.rf.00d1be3c7b11a1e9d052e5cd0aa3cbf3.jpg,2,attentive,1.438483939042634,28.250658947267112,-0.014733932621896564,-0.03508875344554152,0.027420425737428554,0,0,-0.006741009930679082,attentive,attentive,attentive,relaxed,uncomfortable,relaxed
819,/home/glyc/Documents/PyProjects/catface/data/cat-emotions-3/train/attentive/CAT_01_00000102_010_png.rf.a18ba024ddc28f7f453ac44d63c5cd6e.jpg,4,attentive,1.2230295900460588,41.50072100592738,0.08360559952454097,0.06813742072129506,0.09449654364860595,0,3,-0.01449095711729953,attentive,attentive,attentive,attentive,relaxed,relaxed
820,/home/glyc/Documents/PyProjects/catface/data/cat-emotions-3/train/attentive/CAT_01_00000102_013_png.rf.429143866cb5927d3d8f621cdf1f6c3a.jpg,1,attentive,1.2955032198874443,37.50237517314027,0.08627186752456277,0.08223799862787147,0.11242203679129723,0,2,-0.016415137552819564,relaxed,relaxed,relaxed,relaxed,relaxed,relaxed
821,/home/glyc/Documents/PyProjects/catface/data/cat-emotions-3/train/attentive/CAT_01_00000102_017_png.rf.85919650a198590653513428a89936cf.jpg,4,attentive,1.2983041045550705,37.340655963790994,-0.03252089746188016,-0.01693018578840279,0.04262699858559205,0,2,0.004407861042242833,uncomfortable,attentive,attentive,attentive,relaxed,relaxed
822,/home/glyc/Documents/PyProjects/catface/data/cat-emotions-3/train/attentive/CAT_01_00000102_021_png.rf.5fc7802e5757f96a5df6fc8fafeb286d.jpg,0,attentive,1.3494394850308515,34.27367869166353,-0.020600614593305817,-0.022724441437210967,0.030229193150597983,0,1,0.0007977923586136026,attentive,attentive,attentive,attentive,relaxed,relaxed
823,/home/glyc/Documents/PyProjects/catface/data/cat-emotions-3/train/attentive/CAT_01_00000102_027_png.rf.d036b90d2009ceca98c362426da536ce.jpg,3,attentive,1.407327495639782,30.480030280658344,0.07928870907247063,0.06378384820595713,0.13471286171940342,0,1,-0.01421612630557298,attentive,attentive,attentive,attentive,attentive,attentive
824,/home/glyc/Documents/PyProjects/catface/data/cat-emotions-3/train/attentive/CAT_01_00000103_013_png.rf.4983d686673c373ac293e2a2b4ef6281.jpg,1,attentive,1.443829432657857,27.85183003013068,-0.009522753041392898,-0.0012553224149859203,0.01802197301713876,0,0,-0.0056783823904525965,uncomfortable,uncomfortable,uncomfortable,uncomfortable,uncomfortable,relaxed
825,/home/glyc/Documents/PyProjects/catface/data/cat-emotions-3/train/attentive/CAT_01_00000103_022_png.rf.e4a46c17ab4633212dba57882908a208.jpg,0,attentive,1.2618034950152046,39.403808346607704,0.018671991251451133,0.02919740837406597,0.022728573897989175,0,3,-0.0021587354389595026,attentive,relaxed,attentive,relaxed,relaxed,attentive
826,/home/glyc/Documents/PyProjects/catface/data/cat-emotions-3/train/attentive/CAT_01_00000104_015_png.rf.71b492dbc44f3451f13de9e856754eb7.jpg,0,attentive,1.3044697617997505,36.982532029612315,-0.045831221180758476,-0.04899577495295424,0.060858679728035554,0,2,0.004611030434923585,relaxed,attentive,attentive,attentive,relaxed,uncomfortable
827,/home/glyc/Documents/PyProjects/catface/data/cat-emotions-3/train/attentive/CAT_01_00000104_020_png.rf.2d9833e87cfed53290f10b6e1d17401e.jpg,4,attentive,1.3264816198513947,35.67890037543733,-0.05306808302029592,-0.056785711601614,0.07390947248832823,0,2,0.012131211173663337,attentive,attentive,attentive,attentive,relaxed,relaxed
828,/home/glyc/Documents/PyProjects/catface/data/cat-emotions-3/train/attentive/CAT_01_00000104_024_png.rf.9495220bd6cb0f6d0c21290af1df3605.jpg,3,attentive,1.2922803888192,37.687724179206455,-0.039038626877043084,-0.034559494333587244,0.05053245325821831,0,2,0.005451418129541835,attentive,attentive,attentive,attentive,relaxed,uncomfortable
829,/home/glyc/Documents/PyProjects/catface/data/cat-emotions-3/train/attentive/CAT_01_00000105_007_png.rf.0a41980249d08a846f6c99cddfefadaf.jpg,2,attentive,1.229023495101296,41.18234209827649,0.03423823220233658,0.034941308941221376,0.03913434629947243,0,3,-0.001460893421483117,relaxed,attentive,attentive,attentive,relaxed,uncomfortable
830,/home/glyc/Documents/PyProjects/catface/data/cat-emotions-3/train/attentive/CAT_01_00000105_010_png.rf.238064a29f1b53081b6ed0992a5aa3f4.jpg,1,attentive,1.0880657120829256,48.217905473410276,0.14192563493756635,0.08385455931618488,0.12681637551058192,0,3,-0.011180693492409244,attentive,relaxed,relaxed,uncomfortable,relaxed,attentive
831,/home/glyc/Documents/PyProjects/catface/data/cat-emotions-3/train/attentive/CAT_01_00000105_011_png.rf.10141c784cfead6b5ff0c5c7cbcf9e3e.jpg,2,attentive,1.3475315692823768,34.392369073227066,0.019917569975767477,0.040426303030433604,0.029097189753068835,0,1,-0.004547947224757043,relaxed,relaxed,relaxed,relaxed,relaxed,relaxed
832,/home/glyc/Documents/PyProjects/catface/data/cat-emotions-3/train/attentive/CAT_01_00000105_018_png.rf.732475ed7158bb14178940d5f5d2a52d.jpg,4,attentive,1.1923638527125124,43.099470931322905,-0.026591637007138354,-0.003598856419087757,0.028416968916329454,0,3,0.0024325570883877434,uncomfortable,relaxed,uncomfortable,relaxed,relaxed,attentive
833,/home/glyc/Documents/PyProjects/catface/data/cat-emotions-3/train/attentive/CAT_01_00000105_019_png.rf.8db2b7be59f73948ea6fff39a87ef178.jpg,4,attentive,1.3732350578586294,32.76167135467785,0.028961077587480975,0.024068157005489345,0.04500488576735756,0,1,-0.005167134867596179,attentive,attentive,attentive,attentive,attentive,attentive
834,/home/glyc/Documents/PyProjects/catface/data/cat-emotions-3/train/attentive/CAT_01_00000105_027_png.rf.8f516f3ab620d2636ed666b02a6b524b.jpg,3,attentive,1.3416976894559203,34.75308568200023,-0.07459351502026211,-0.05103332345952842,0.10751374378954304,0,1,0.009718966850160216,attentive,uncomfortable,relaxed,attentive,relaxed,relaxed
835,/home/glyc/Documents/PyProjects/catface/data/cat-emotions-3/train/attentive/CAT_01_00000106_003_png.rf.37245efa2ebd843c1490e8bb6db7b355.jpg,4,attentive,1.5372836325728128,19.71414014608939,0.0030877179226038868,0.007958217287097976,0.008616960334503232,0,0,0.0006945154325172509,uncomfortable,relaxed,uncomfortable,attentive,uncomfortable,attentive
836,/home/glyc/Documents/PyProjects/catface/data/cat-emotions-3/train/attentive/CAT_01_00000106_006_png.rf.c52854742085c960b5ffeef7d79f3a5d.jpg,4,attentive,1.3518249399824573,34.1247713129899,-0.015131957234227562,-0.01698902402756112,0.0223290067508618,0,1,0.0017773410934881495,uncomfortable,attentive,relaxed,attentive,relaxed,relaxed
837,/home/glyc/Documents/PyProjects/catface/data/cat-emotions-3/train/attentive/CAT_01_00000106_014_png.rf.83b4e9a4f06a7c4e7ed283c8c73813f6.jpg,1,attentive,1.2652108703038023,39.21509410080574,-0.03750238034001496,-0.02697726522663618,0.04595773674058846,0,3,0.002205901370202046,attentive,attentive,attentive,attentive,relaxed,attentive
838,/home/glyc/Documents/PyProjects/catface/data/cat-emotions-3/train/attentive/CAT_01_00000106_016_png.rf.cfecb94d7056312b224e96c3a6618a35.jpg,3,attentive,1.234759248648085,40.87577056381835,0.0816031890605076,0.05843740782077722,0.09428583616195993,0,3,-0.007913016799716371,relaxed,relaxed,attentive,relaxed,relaxed,relaxed
839,/home/glyc/Documents/PyProjects/catface/data/cat-emotions-3/train/attentive/CAT_01_00000107_001_png.rf.a4fae43fa81ae91a8021ac6fb64c95c5.jpg,2,attentive,1.7131244198269464,0.0,-0.10489268922958428,-0.09877231836744074,,1,0,0.020314577979296894,attentive,uncomfortable,uncomfortable,uncomfortable,uncomfortable,relaxed
840,/home/glyc/Documents/PyProjects/catface/data/cat-emotions-3/train/attentive/CAT_01_00000107_006_png.rf.c8f347028b2963aa842b984c926891cf.jpg,1,attentive,1.0044854176644418,52.039552131574716,-0.30534453982058685,-0.2074740275670219,0.2382220351130174,0,3,0.027077381749404328,uncomfortable,attentive,attentive,attentive,relaxed,attentive
841,/home/glyc/Documents/PyProjects/catface/data/cat-emotions-3/train/attentive/CAT_01_00000107_009_png.rf.e06ab6f6ab7f27bc7f1866154050094d.jpg,0,attentive,1.4057640245123209,30.58800462824272,-0.038733893612522254,-0.015243970418867011,0.06552674340596376,0,1,0.00814435191033766,attentive,uncomfortable,uncomfortable,uncomfortable,uncomfortable,relaxed
842,/home/glyc/Documents/PyProjects/catface/data/cat-emotions-3/train/attentive/CAT_01_00000107_010_png.rf.324cd43e3b9b1f5047ae0a0ace0b526e.jpg,2,attentive,1.2433628491420639,40.41232490393825,0.070551657658846,0.07154981828706306,0.08286179731925779,0,3,-0.008250768163962058,attentive,attentive,attentive,attentive,relaxed,relaxed
843,/home/glyc/Documents/PyProjects/catface/data/cat-emotions-3/train/attentive/CAT_01_00000107_012_png.rf.3416c955f101ff3ce4ae5c05f9488b70.jpg,2,attentive,1.7328336770803288,0.0,0.04510744457450383,0.05352005289126166,,1,0,-0.009116480939244997,attentive,uncomfortable,uncomfortable,uncomfortable,uncomfortable,attentive
844,/home/glyc/Documents/PyProjects/catface/data/cat-emotions-3/train/attentive/CAT_01_00000107_021_png.rf.c16aa5b3dace2311d892e4d11c22ddc8.jpg,1,attentive,1.4420384568174514,27.986037022177484,-0.09314870340627393,-0.08853623968001206,0.17529027334683414,0,0,0.019130893824391842,attentive,attentive,attentive,attentive,uncomfortable,relaxed
845,/home/glyc/Documents/PyProjects/catface/data/cat-emotions-3/train/attentive/CAT_01_00000107_024_png.rf.4e349985014d289685ab3424be077bff.jpg,0,attentive,1.4080237552983144,30.431834734232513,-0.08544272695230505,-0.07396374447985009,0.145448384055283,0,1,0.014409211907470715,attentive,attentive,attentive,attentive,uncomfortable,relaxed
846,/home/glyc/Documents/PyProjects/catface/data/cat-emotions-3/train/attentive/CAT_01_00000108_016_png.rf.7c2ab1610aaa9bb87fdee9a2a7587a09.jpg,4,attentive,1.094972875875024,47.89207709544207,-0.0011195607941686073,-0.005737927009566391,0.0010118820495217111,0,3,0.005964528236762495,attentive,uncomfortable,uncomfortable,uncomfortable,relaxed,relaxed
847,/home/glyc/Documents/PyProjects/catface/data/cat-emotions-3/train/attentive/CAT_01_00000108_022_png.rf.783ead695438c5ef728fcdc9b4a6ade5.jpg,0,attentive,1.3381367700406783,34.97166130786337,0.011376798295947862,0.02113747460271616,0.016264867780448097,0,1,-0.0026641721187163903,attentive,attentive,attentive,attentive,relaxed,relaxed
848,/home/glyc/Documents/PyProjects/catface/data/cat-emotions-3/train/attentive/CAT_01_00000109_018_png.rf.f8820c4281dca48620b99c72410855a3.jpg,1,attentive,1.2668888971221788,39.121877822946395,0.0952919321670902,0.02190445227181576,0.11716525939069598,0,2,-0.007746968608136312,attentive,relaxed,attentive,attentive,relaxed,relaxed
849,/home/glyc/Documents/PyProjects/catface/data/cat-emotions-3/train/attentive/CAT_01_00000110_003_png.rf.f38d598198b4097bdc9896afe3f09e0e.jpg,3,attentive,1.3543873679402167,33.96417788828649,0.09568985803476797,0.05082270370967465,0.14205755088872188,0,1,-0.013686456507907285,attentive,attentive,attentive,attentive,relaxed,relaxed
850,/home/glyc/Documents/PyProjects/catface/data/cat-emotions-3/train/attentive/CAT_01_00000110_008_png.rf.271d7a273b0737fb23ee971939585583.jpg,0,attentive,1.392324738948783,31.50234741188823,0.0012906659096482175,0.019891444054117427,0.0021059816637434923,0,1,-0.0012770021761796257,attentive,attentive,attentive,attentive,attentive,attentive
851,/home/glyc/Documents/PyProjects/catface/data/cat-emotions-3/train/attentive/CAT_01_00000110_021_png.rf.6a56894cd0d2b2739ee5226f52640332.jpg,3,attentive,1.2118159921134768,42.0910545070745,0.023953206833363935,-0.0016489418429930448,0.026517861083213863,0,3,-0.003965592512542915,attentive,relaxed,relaxed,attentive,relaxed,attentive
852,/home/glyc/Documents/PyProjects/catface/data/cat-emotions-3/train/attentive/CAT_01_00000110_022_png.rf.6ec16ee098efd5f1570c76d7a8cef083.jpg,0,attentive,1.2659095661636606,39.1763033739277,-0.037216741359587614,-0.006826465304033577,0.04567078542627008,0,3,0.0027884146000087817,attentive,attentive,attentive,attentive,relaxed,attentive
853,/home/glyc/Documents/PyProjects/catface/data/cat-emotions-3/train/attentive/CAT_01_00000110_025_png.rf.97ca63c932a9b68f6f49491ce6586daa.jpg,3,attentive,1.2520417304804603,39.94031985649753,0.07283793943062886,0.058524828835185054,0.08698872847126944,0,3,-0.008104831304779014,attentive,attentive,attentive,attentive,relaxed,attentive
854,/home/glyc/Documents/PyProjects/catface/data/cat-emotions-3/train/attentive/CAT_01_00000110_029_png.rf.ad7985e53e2f50bc0f99afaf43036bd6.jpg,2,attentive,1.2304273289572691,41.10748216419461,0.05174200927794282,0.041798958678068834,0.05929734532908796,0,3,-0.001729223247246836,attentive,attentive,attentive,attentive,relaxed,attentive
855,/home/glyc/Documents/PyProjects/catface/data/cat-emotions-3/train/attentive/CAT_01_00000111_000_png.rf.6da70ac59f4bb3ab08c80a0d7f65af36.jpg,4,attentive,1.2227806828488725,41.51389893721737,-0.019249295750983247,0.0004985558850954665,0.021746738668260775,0,3,0.0027858034723514113,relaxed,relaxed,attentive,relaxed,relaxed,uncomfortable
856,/home/glyc/Documents/PyProjects/catface/data/cat-emotions-3/train/attentive/CAT_01_00000111_001_png.rf.d2dab03acb114306340b48652a907dd5.jpg,4,attentive,1.1946216241907879,42.98340704399671,0.005994368370735598,0.018996192143926446,0.006431906548326085,0,3,-0.00034455620541642973,attentive,attentive,attentive,attentive,relaxed,relaxed
857,/home/glyc/Documents/PyProjects/catface/data/cat-emotions-3/train/attentive/CAT_01_00000111_018_png.rf.a0ce7238966c2d5c65ad7e1eb1d1094e.jpg,0,attentive,1.3616016330878775,33.508406778677646,0.05645508690869185,0.08155199017414741,0.08526714681782088,0,1,-0.008521521751943595,relaxed,attentive,attentive,attentive,relaxed,attentive
858,/home/glyc/Documents/PyProjects/catface/data/cat-emotions-3/train/attentive/CAT_01_00000111_020_png.rf.e0332b50b05535009978751375efed01.jpg,3,attentive,1.3641513357652977,33.34601205741013,0.0016038848289451164,0.011123445739554249,0.0024374134308192273,0,1,-0.0037984741382706966,attentive,attentive,attentive,attentive,attentive,attentive
859,/home/glyc/Documents/PyProjects/catface/data/cat-emotions-3/train/attentive/CAT_01_00000112_001_png.rf.b5a975a0ff29dd7ea33d89a95baf73d1.jpg,0,attentive,1.5295723664229546,20.50114820849488,-0.09007313707771718,-0.09228864743896906,0.24089683144487412,0,0,0.021230797169510207,attentive,uncomfortable,relaxed,attentive,uncomfortable,relaxed
860,/home/glyc/Documents/PyProjects/catface/data/cat-emotions-3/train/attentive/CAT_01_00000112_006_png.rf.f4c4a90c8ce1145444b9b84b87b7698a.jpg,1,attentive,1.4535799769091557,27.110455002995636,-0.00429080155566818,0.010192532584857847,0.008381189877310792,0,0,0.0005235711676870591,attentive,attentive,attentive,attentive,uncomfortable,uncomfortable
861,/home/glyc/Documents/PyProjects/catface/data/cat-emotions-3/train/attentive/CAT_01_00000112_009_png.rf.1c6bc1d542e0c7eaf9a2b76d42a5d633.jpg,1,attentive,1.2024518987750639,42.57890827046308,-0.013296593548689646,-0.005470448254442344,0.014470624589298669,0,3,0.001555059324022362,attentive,attentive,attentive,attentive,relaxed,relaxed
862,/home/glyc/Documents/PyProjects/catface/data/cat-emotions-3/train/attentive/CAT_01_00000112_021_png.rf.75a66a168d9a61bc9bd8d0b219730393.jpg,4,attentive,1.2354932869714896,40.83640006883409,0.031721879623102134,0.03240864582301936,0.03670298478689387,0,3,-0.005370737677063642,uncomfortable,relaxed,relaxed,relaxed,relaxed,attentive
863,/home/glyc/Documents/PyProjects/catface/data/cat-emotions-3/train/attentive/CAT_01_00000112_029_png.rf.281d8d6f8906404c3082569f0bd918d2.jpg,4,attentive,1.2664916097199879,39.14396441572354,0.02550982949980031,0.026312696308168147,0.031340672249539334,0,2,-0.003741409867802581,attentive,attentive,attentive,relaxed,relaxed,attentive
864,/home/glyc/Documents/PyProjects/catface/data/cat-emotions-3/train/attentive/CAT_01_00000113_005_png.rf.72cf3602c21a3a6257fa52eb766f192c.jpg,4,attentive,1.4423995576935138,27.95902556326975,0.018713799573733546,0.031521701460007254,0.035256340191517035,0,0,-0.0032221954833310806,relaxed,uncomfortable,uncomfortable,relaxed,uncomfortable,relaxed
865,/home/glyc/Documents/PyProjects/catface/data/cat-emotions-3/train/attentive/CAT_01_00000113_011_png.rf.5122c00ead8aa35f0a55d4e03c8a2e53.jpg,4,attentive,1.279110533917974,38.43722762799605,0.013575475605476802,0.010737925003796767,0.017105144548237663,0,2,0.0005629133262040342,attentive,relaxed,attentive,attentive,relaxed,uncomfortable
866,/home/glyc/Documents/PyProjects/catface/data/cat-emotions-3/train/attentive/CAT_01_00000113_018_png.rf.84118b329a5a3551275ebd370785a8ed.jpg,0,attentive,1.2792660356393981,38.4284502789058,-0.06740349880318816,-0.05723634396885305,0.0849553575908812,0,2,0.012423741818249373,attentive,attentive,attentive,attentive,relaxed,relaxed
867,/home/glyc/Documents/PyProjects/catface/data/cat-emotions-3/train/attentive/CAT_01_00000114_007_png.rf.570b2eb8111de9904f0883e11efc64d8.jpg,0,attentive,1.311234808689352,36.58614131733517,0.11222643875682975,0.09853075321879322,0.15118941433539881,0,2,-0.02016964884255623,attentive,attentive,attentive,attentive,relaxed,uncomfortable
868,/home/glyc/Documents/PyProjects/catface/data/cat-emotions-3/train/attentive/CAT_01_00000114_012_png.rf.67c30fb4f4597f6dfd1afcf27c78d326.jpg,1,attentive,1.1663404231414527,44.419656604741505,-0.054236801695546524,-0.04420142711305599,0.05534680134574492,0,3,0.006204661626681124,uncomfortable,attentive,attentive,relaxed,relaxed,attentive
869,/home/glyc/Documents/PyProjects/catface/data/cat-emotions-3/train/attentive/CAT_01_00000114_013_png.rf.7548e7b8011f9a44d70337196e0fe82a.jpg,4,attentive,1.1470976516340228,45.37618914900088,-0.005595922927567937,0.030456519728260828,0.0055229184650557326,0,3,-0.002202926623549345,relaxed,attentive,attentive,relaxed,relaxed,relaxed
870,/home/glyc/Documents/PyProjects/catface/data/cat-emotions-3/train/attentive/CAT_01_00000114_028_png.rf.05dfa93beb054bd90ec911761a2179f6.jpg,1,attentive,1.3218844935684588,35.9545286541693,0.007080882222510074,0.019687471030095997,0.009762281478148489,0,2,-0.0022252330981432367,attentive,attentive,attentive,attentive,relaxed,attentive
871,/home/glyc/Documents/PyProjects/catface/data/cat-emotions-3/train/attentive/CAT_01_00000114_029_png.rf.5465662c91deac6a401400cb11c7c7d0.jpg,0,attentive,1.397302072520778,31.1665295658983,0.23357593247708888,0.21007776207951045,0.3861886630771621,0,1,-0.03932490722541804,attentive,attentive,relaxed,uncomfortable,attentive,relaxed
872,/home/glyc/Documents/PyProjects/catface/data/cat-emotions-3/train/attentive/CAT_01_00000115_002_png.rf.306f1c787e51cf8369f6a4b7c5d9838b.jpg,1,attentive,1.3101894073307219,36.64763601168022,-0.013817981024620217,0.0022264173593536567,0.018573645908337665,0,2,0.003628048622141,uncomfortable,attentive,attentive,attentive,relaxed,relaxed
873,/home/glyc/Documents/PyProjects/catface/data/cat-emotions-3/train/attentive/CAT_01_00000116_002_png.rf.945f48b400b999476cfa25d041fb3a9e.jpg,2,attentive,1.4304731711594256,28.838860071638955,0.008413949753540291,-0.046906256142839504,0.015280359647966077,0,0,0.0005931878524245426,uncomfortable,attentive,relaxed,attentive,uncomfortable,attentive
874,/home/glyc/Documents/PyProjects/catface/data/cat-emotions-3/train/attentive/CAT_01_00000116_007_png.rf.4d0ed85d7f8b2b61e2f545d7f69be66d.jpg,3,attentive,1.6167996960977882,8.076802179989823,0.01748116096399237,0.021302547889958785,0.12318656082595465,0,0,-0.003201784283589887,attentive,attentive,relaxed,attentive,uncomfortable,relaxed
875,/home/glyc/Documents/PyProjects/catface/data/cat-emotions-3/train/attentive/CAT_01_00000116_008_png.rf.d03f4cc9b74e4138bff136a42e13af48.jpg,0,attentive,1.1279038987815,46.31483446652092,-0.33865858205554344,-0.285922195902848,0.3234614574222147,0,3,0.04146088905978712,uncomfortable,relaxed,attentive,attentive,relaxed,attentive
876,/home/glyc/Documents/PyProjects/catface/data/cat-emotions-3/train/attentive/CAT_01_00000116_010_png.rf.d3a1930d0ca38ae48b6c5b8a736b3cba.jpg,3,attentive,1.3080751784087608,36.77173314213449,-0.023925353005371856,-0.009299694775423972,0.03201459582239342,0,2,-0.0005982229711230524,attentive,relaxed,attentive,attentive,relaxed,relaxed
877,/home/glyc/Documents/PyProjects/catface/data/cat-emotions-3/train/attentive/CAT_01_00000116_011_png.rf.a5d6ca8f4eeee956caef15f9554f06b6.jpg,1,attentive,1.3776012610481196,32.47748359137339,0.1214801509148634,0.0669033978676502,0.19085110984557946,0,1,-0.014917197824323325,attentive,relaxed,attentive,attentive,attentive,uncomfortable
878,/home/glyc/Documents/PyProjects/catface/data/cat-emotions-3/train/attentive/CAT_01_00000116_015_png.rf.49cf8354b8157720092d0415655b225e.jpg,2,attentive,1.394607170968393,31.348754180235964,-0.04849058538243361,-0.041901893611483554,0.07960033828339311,0,1,0.007792218047537602,uncomfortable,uncomfortable,uncomfortable,relaxed,attentive,relaxed
879,/home/glyc/Documents/PyProjects/catface/data/cat-emotions-3/train/attentive/CAT_01_00000117_006_png.rf.07db26bfb1f0de8a9750de439c31b4cf.jpg,0,attentive,1.3534078895592598,34.025642819555415,-0.05522053055095992,-0.047488914071048466,0.08178882048253666,0,1,0.009773390196143317,attentive,relaxed,relaxed,relaxed,relaxed,attentive
880,/home/glyc/Documents/PyProjects/catface/data/cat-emotions-3/train/attentive/CAT_01_00000117_007_png.rf.5878b1d973ef2353f3b4087717e0a380.jpg,0,attentive,1.1929113108600011,43.071351187973875,-0.008100462239362482,-0.01133318699999176,0.008665023044987112,0,3,0.004401947164706904,attentive,attentive,attentive,attentive,relaxed,relaxed
881,/home/glyc/Documents/PyProjects/catface/data/cat-emotions-3/train/attentive/CAT_01_00000117_008_png.rf.9876f7ef594cd9c165e8893025cf6c23.jpg,4,attentive,1.393659927425741,31.41257950973722,-0.15610620606584158,-0.0967497017800959,0.2556168041502039,0,1,0.02646799516723794,attentive,attentive,attentive,attentive,attentive,relaxed
882,/home/glyc/Documents/PyProjects/catface/data/cat-emotions-3/train/attentive/CAT_01_00000117_009_png.rf.a9b5f3e13f3be136a4d7c2c4594d96b2.jpg,0,attentive,1.481934845182754,24.838782252560897,0.05126864673371453,0.0346295238420384,0.110758564793477,0,0,-0.008987837624124972,attentive,attentive,attentive,attentive,uncomfortable,uncomfortable
883,/home/glyc/Documents/PyProjects/catface/data/cat-emotions-3/train/attentive/CAT_01_00000117_023_png.rf.c93575ead52f0dc66836ec4a04207725.jpg,3,attentive,1.291609640112655,37.72620221382409,0.222171465869384,0.19018307386536892,0.287184758124558,0,2,-0.033698830381852785,attentive,attentive,attentive,attentive,relaxed,uncomfortable
884,/home/glyc/Documents/PyProjects/catface/data/cat-emotions-3/train/attentive/CAT_01_00000118_001_png.rf.790bb5dc0fb4c9e33608ce92e40c77ce.jpg,1,attentive,1.277102582058979,38.55041543805791,-0.011444835445863187,-0.016674367365410267,0.01436217208452694,0,2,0.0011938817912403032,attentive,attentive,attentive,attentive,relaxed,relaxed
885,/home/glyc/Documents/PyProjects/catface/data/cat-emotions-3/train/attentive/CAT_01_00000118_010_png.rf.03f86b3535d6d8a1f18e803e80660e12.jpg,0,attentive,1.351366950007387,34.15340467638174,-0.036021505706442684,-0.021641040580056718,0.053096868584776635,0,1,0.009706802053088104,attentive,attentive,attentive,attentive,relaxed,relaxed
886,/home/glyc/Documents/PyProjects/catface/data/cat-emotions-3/train/attentive/CAT_01_00000118_016_png.rf.74e01f5523a7049f31b58d4c083541bf.jpg,4,attentive,1.2823828675097868,38.25216052135474,-0.019368701706948842,-0.0017546451544838571,0.02456717551588703,0,2,0.0014605834117419891,attentive,relaxed,relaxed,attentive,relaxed,relaxed
887,/home/glyc/Documents/PyProjects/catface/data/cat-emotions-3/train/attentive/CAT_01_00000119_000_png.rf.9bdb17fc49f84e8a05a95553f44684db.jpg,0,attentive,1.3562003976443513,33.85014623568438,-0.0205249714760505,-0.00706962763582382,0.030601864154654945,0,1,0.00145520995886117,attentive,attentive,attentive,attentive,relaxed,relaxed
888,/home/glyc/Documents/PyProjects/catface/data/cat-emotions-3/train/attentive/CAT_01_00000119_009_png.rf.3a5dc63939a9404988bbfcb446902679.jpg,1,attentive,1.2135656169867695,41.999392224327714,-0.00473103920173651,-0.014458959590977635,0.005254463433965854,0,3,0.0013863636318696693,attentive,attentive,attentive,attentive,relaxed,relaxed
889,/home/glyc/Documents/PyProjects/catface/data/cat-emotions-3/train/attentive/CAT_01_00000119_012_png.rf.e0d54228d974e3952b5787bb6ebd8529.jpg,4,attentive,1.3163267334013165,36.28533225908501,-0.0235957734360184,-0.013601519847714974,0.03213899412676073,0,2,0.004007786163441246,relaxed,relaxed,relaxed,relaxed,relaxed,attentive
890,/home/glyc/Documents/PyProjects/catface/data/cat-emotions-3/train/attentive/CAT_01_00000119_019_png.rf.d1b62c86d4c2302e47ac6f2aa92e68fd.jpg,1,attentive,1.5651220540814705,16.57748697342905,0.013753486747543307,-0.007056793507499456,0.0462014537369844,0,0,0.0027982687438654896,attentive,attentive,attentive,attentive,uncomfortable,relaxed
891,/home/glyc/Documents/PyProjects/catface/data/cat-emotions-3/train/attentive/CAT_01_00000119_022_png.rf.26153e11471d6e1aeed368fc25e7fbec.jpg,4,attentive,0.8877630536539322,57.06822460178411,0.5668391187664984,0.473687496387683,0.36715075749518533,0,3,-0.04155090410857343,uncomfortable,relaxed,uncomfortable,relaxed,relaxed,attentive
892,/home/glyc/Documents/PyProjects/catface/data/cat-emotions-3/train/attentive/CAT_01_00000120_017_png.rf.285b5d8d51e4f477de2ebdb25bbcbb9a.jpg,3,attentive,1.3649564372457512,33.29458838819637,-0.053558668857818965,-0.04558918876923319,0.0815520656908179,0,1,0.0045715072814693225,attentive,attentive,attentive,attentive,attentive,relaxed
893,/home/glyc/Documents/PyProjects/catface/data/cat-emotions-3/train/attentive/CAT_01_00000120_019_png.rf.52ce649bbdb1c96000b8a607b46659cc.jpg,4,attentive,1.449525246479459,27.420998339965625,-0.05058248025009486,-0.04961829260012838,0.09749602599093599,0,0,0.010820372438444303,attentive,relaxed,attentive,attentive,uncomfortable,attentive
894,/home/glyc/Documents/PyProjects/catface/data/cat-emotions-3/train/attentive/CAT_01_00000120_028_png.rf.c82916d0c1fbc1ba991ab2cc8d69aec9.jpg,3,attentive,1.3898787977437679,31.66620152331692,0.024231619587259213,0.003412723400199338,0.03928615280800362,0,1,-0.0022113348838530833,attentive,attentive,relaxed,attentive,attentive,attentive
895,/home/glyc/Documents/PyProjects/catface/data/cat-emotions-3/train/attentive/CAT_01_00000122_021_png.rf.fce4ef68b5bc1f0dc642b90ab03defae.jpg,3,attentive,1.5534828461214396,17.953453237631216,0.06055267644202665,0.04400498038363757,0.18687841887543472,0,0,-0.013243466191054737,attentive,attentive,attentive,attentive,uncomfortable,attentive
896,/home/glyc/Documents/PyProjects/catface/data/cat-emotions-3/train/attentive/CAT_01_00000122_025_png.rf.f5b0d4eb61342fe91236356c6fe9105e.jpg,3,attentive,1.3770175169991858,32.51560632513409,-0.03691695874557735,-0.025247381571500034,0.05791320118259582,0,1,0.002636521619281712,attentive,attentive,attentive,attentive,attentive,relaxed
897,/home/glyc/Documents/PyProjects/catface/data/cat-emotions-3/train/attentive/CAT_01_00000123_003_png.rf.6152a6e535b6fdab46e051b391ea4b0c.jpg,1,attentive,1.2816938290140483,38.291192051153764,-0.04952219215842425,-0.030256894086477523,0.06272579406884869,0,2,0.006244542287149102,attentive,attentive,attentive,attentive,relaxed,attentive
898,/home/glyc/Documents/PyProjects/catface/data/cat-emotions-3/train/attentive/CAT_01_00000123_006_png.rf.e15befaca3e0569974db8bbf5c92105a.jpg,0,attentive,1.4989374013161034,23.378264734299844,0.11684462924982314,0.0949362027880582,0.2702932795052078,0,0,-0.031162107607579786,attentive,uncomfortable,uncomfortable,uncomfortable,uncomfortable,relaxed
899,/home/glyc/Documents/PyProjects/catface/data/cat-emotions-3/train/attentive/CAT_01_00000123_010_png.rf.2d706a4fed6441737376503c5bf366cf.jpg,1,attentive,1.175469560036395,43.96012962884293,0.1439249571431036,0.11977111365866042,0.14924635500198635,0,3,-0.021405914335555137,relaxed,attentive,attentive,relaxed,relaxed,attentive
900,/home/glyc/Documents/PyProjects/catface/data/cat-emotions-3/train/attentive/CAT_01_00000123_021_png.rf.4695c6ad18de8475f94a9c64ba6c8861.jpg,3,attentive,1.4847308973281321,24.604202579332252,0.007946822866833752,-0.0007357510770655841,0.01735400342239856,0,0,-0.00038903846001392406,attentive,attentive,attentive,attentive,uncomfortable,uncomfortable
901,/home/glyc/Documents/PyProjects/catface/data/cat-emotions-3/train/attentive/CAT_01_00000124_000_png.rf.3194096b8774db7094b68178b026b30d.jpg,2,attentive,1.3141402528603507,36.41476237986587,0.056509091432283824,0.03708121249684413,0.07660573588551775,0,2,-0.004731369438289557,attentive,attentive,attentive,attentive,relaxed,uncomfortable
902,/home/glyc/Documents/PyProjects/catface/data/cat-emotions-3/train/attentive/CAT_01_00000124_021_png.rf.436c8a5af47c70306c1ddbf275ea1440.jpg,2,attentive,1.2382459471016385,40.68848006494495,0.01649062232132595,0.023054510755054092,0.019179916187867803,0,3,0.00023238371186687368,relaxed,relaxed,attentive,relaxed,relaxed,relaxed
903,/home/glyc/Documents/PyProjects/catface/data/cat-emotions-3/train/attentive/CAT_01_00000124_022_png.rf.c423928cffeeaf12bc3e9e43b89ba6e6.jpg,2,attentive,1.2301714156015782,41.12113718218293,0.03387826277020288,-0.011188392146751994,0.03880647259412105,0,3,-0.0004957347169319004,attentive,relaxed,attentive,attentive,relaxed,relaxed
904,/home/glyc/Documents/PyProjects/catface/data/cat-emotions-3/train/attentive/CAT_01_00000125_002_png.rf.2a4a1a9cd8c9373df1c0900f66765fff.jpg,0,attentive,1.2425336527475568,40.457181849694365,0.041912847238027316,0.05796851655501762,0.04914796553283764,0,3,-0.007110168901216768,attentive,attentive,attentive,attentive,relaxed,attentive
905,/home/glyc/Documents/PyProjects/catface/data/cat-emotions-3/train/attentive/CAT_01_00000125_003_png.rf.c629d2ef4da235f1ea2bf343a284735f.jpg,4,attentive,1.2923158125893228,37.68569113658789,0.04268864829322265,0.0236166558514097,0.055261173783432614,0,2,-0.006431967263996641,attentive,attentive,attentive,attentive,relaxed,relaxed
906,/home/glyc/Documents/PyProjects/catface/data/cat-emotions-3/train/attentive/CAT_01_00000125_016_png.rf.dc091b5f82ea0162f740c17f9286e15a.jpg,4,attentive,1.3832287030465886,32.10790343005708,-0.03125202750841373,-0.016324043432606995,0.04980473784984005,0,1,0.004680568909601279,attentive,attentive,attentive,attentive,attentive,uncomfortable
907,/home/glyc/Documents/PyProjects/catface/data/cat-emotions-3/train/attentive/CAT_01_00000125_017_png.rf.82314b4e535d63df9e8b1f2dca85f478.jpg,3,attentive,1.3823243126406248,32.16755432918468,-0.02694752204823352,-0.024293566985529095,0.04284572750210249,0,1,0.0052378510897748976,relaxed,attentive,attentive,attentive,attentive,relaxed
908,/home/glyc/Documents/PyProjects/catface/data/cat-emotions-3/train/attentive/CAT_01_00000125_019_png.rf.ae077cb4265b720b3c636e2344841686.jpg,2,attentive,1.1379949862365557,45.823205363056005,-0.00423232640708721,0.00920669556011402,0.0041124237568352425,0,3,-0.0005216719938239134,uncomfortable,relaxed,attentive,relaxed,relaxed,attentive
909,/home/glyc/Documents/PyProjects/catface/data/cat-emotions-3/train/attentive/CAT_01_00000126_022_png.rf.c58882cca34e42da35aceca50c0d1c3a.jpg,0,attentive,1.275466414422932,38.642438772183574,-0.07645198666147375,-0.07630493545917542,0.09562439632915355,0,2,0.006753349988839641,uncomfortable,relaxed,attentive,relaxed,relaxed,attentive
910,/home/glyc/Documents/PyProjects/catface/data/cat-emotions-3/train/attentive/CAT_01_00000126_029_png.rf.a2e174c4d5254eb5fbfecbcde8d0fb4a.jpg,2,attentive,1.3933556516935428,31.433056933407382,0.0011159009668552987,0.00828088375447767,0.0018257697156838849,0,1,-0.0009365062486407227,attentive,attentive,attentive,attentive,attentive,attentive
911,/home/glyc/Documents/PyProjects/catface/data/cat-emotions-3/train/attentive/CAT_01_00000127_000_png.rf.71fae2242ac216657e8c27b117fd3eee.jpg,4,attentive,1.2296637201227563,41.14821575743951,-0.05527596919149754,-0.038239414282150476,0.06325649626448744,0,3,0.008977061714590673,relaxed,relaxed,attentive,relaxed,relaxed,relaxed
912,/home/glyc/Documents/PyProjects/catface/data/cat-emotions-3/train/attentive/CAT_01_00000127_029_png.rf.876f5b572d2425a19287107529000662.jpg,4,attentive,2.3061843424562083,0.0,-0.5999021150819411,-0.40982146324047997,,1,0,0.10902908586293561,relaxed,relaxed,relaxed,relaxed,uncomfortable,relaxed
913,/home/glyc/Documents/PyProjects/catface/data/cat-emotions-3/train/attentive/CAT_01_00000128_005_png.rf.a0b95d523f0661c4f1aa6fa02fdb86e3.jpg,2,attentive,1.4506976006446592,27.331544992873035,-0.015064116206917225,-0.03069527372503892,0.029146805861249417,0,0,0.004642620486631804,attentive,uncomfortable,uncomfortable,uncomfortable,uncomfortable,relaxed
914,/home/glyc/Documents/PyProjects/catface/data/cat-emotions-3/train/attentive/CAT_01_00000129_007_png.rf.a91e689a55f192f60fda3ab0c65f2009.jpg,2,attentive,1.2862728050895822,38.03117339727887,0.020576772033266064,0.011057356212920496,0.0263075515213863,0,2,-0.0027631152727826958,attentive,attentive,attentive,attentive,relaxed,uncomfortable
915,/home/glyc/Documents/PyProjects/catface/data/cat-emotions-3/train/attentive/CAT_01_00000129_012_png.rf.381cf8ec123595c6b625590ff58e5e8f.jpg,4,attentive,1.7150253024184439,0.0,0.0003980485941766096,0.0025718912802738837,,1,0,0.00034150662394757947,attentive,uncomfortable,attentive,attentive,uncomfortable,attentive
916,/home/glyc/Documents/PyProjects/catface/data/cat-emotions-3/train/attentive/CAT_01_00000129_016_png.rf.492aaab6542ecbc25f2ecff8d2a5ecbf.jpg,1,attentive,1.3365277745333861,35.07003409267918,-0.012769450947796062,-0.0268441906468488,0.018189305095221348,0,1,0.0018718397359323569,attentive,attentive,attentive,attentive,relaxed,attentive
917,/home/glyc/Documents/PyProjects/catface/data/cat-emotions-3/train/attentive/CAT_01_00000129_017_png.rf.a2936fdd38bcb9c71964441392e28536.jpg,3,attentive,1.3403216050741145,34.83769421492516,0.027200472324121053,0.021881431878866153,0.03908146221483285,0,1,-0.0003879088065713854,attentive,attentive,attentive,attentive,relaxed,relaxed
918,/home/glyc/Documents/PyProjects/catface/data/cat-emotions-3/train/attentive/CAT_01_00000130_008_png.rf.59322dae91a013249b6babb285d0254d.jpg,0,attentive,1.4604055724264067,26.580130746340636,0.009977663614079693,0.017145664389979928,0.019942204122235692,0,0,-0.002467670807379252,attentive,attentive,attentive,attentive,uncomfortable,attentive
919,/home/glyc/Documents/PyProjects/catface/data/cat-emotions-3/train/attentive/CAT_01_00000130_021_png.rf.4f90706da2ed6b82f6dc5655721e98c9.jpg,0,attentive,1.4431753867461692,27.9009098500254,0.023209644616001307,0.03682681083297695,0.04383370741441455,0,0,-0.0038083396945934045,attentive,attentive,attentive,attentive,uncomfortable,relaxed
920,/home/glyc/Documents/PyProjects/catface/data/cat-emotions-3/train/attentive/CAT_01_00000131_002_png.rf.1cac7f46da186c4acd1c05e5840ab646.jpg,2,attentive,1.7121622592320487,0.0,-0.02575686982752156,-0.03012740811335866,,1,0,0.009734773735993296,uncomfortable,uncomfortable,uncomfortable,uncomfortable,uncomfortable,attentive
921,/home/glyc/Documents/PyProjects/catface/data/cat-emotions-3/train/attentive/CAT_01_00000131_012_png.rf.9f8e6b2a7cc4433beabe2b59a428b726.jpg,4,attentive,1.3640068655825748,33.35523227612626,0.0006785738855658149,0.010533864977148562,0.0010308630577963418,0,1,-0.0014546777202758265,attentive,relaxed,attentive,relaxed,relaxed,attentive
922,/home/glyc/Documents/PyProjects/catface/data/cat-emotions-3/train/attentive/CAT_01_00000131_018_png.rf.6c50c41b306130fa7d9ed4206dfaff6d.jpg,4,attentive,1.17463591518962,44.00225022155162,0.1338752795776399,0.09663892401946367,0.13862101487859024,0,3,-0.011232989314730463,attentive,attentive,attentive,attentive,relaxed,relaxed
923,/home/glyc/Documents/PyProjects/catface/data/cat-emotions-3/train/attentive/CAT_01_00000131_022_png.rf.5c2a3437e38b57db86ed73b8e40125ed.jpg,4,attentive,1.3290354050468034,35.524983522645925,-0.032971855253372304,-0.036523035509156435,0.04618222727450502,0,2,0.008090455930515827,attentive,attentive,attentive,attentive,relaxed,uncomfortable
924,/home/glyc/Documents/PyProjects/catface/data/cat-emotions-3/train/attentive/CAT_01_00000131_026_png.rf.e4f4f8b2900a97ac416f17236a8bade0.jpg,3,attentive,1.132739262023759,46.07976671136894,-0.02910332262464306,-0.025260591057624158,0.028026554940637993,0,3,0.0026517461382936924,relaxed,relaxed,attentive,attentive,relaxed,relaxed
925,/home/glyc/Documents/PyProjects/catface/data/cat-emotions-3/train/attentive/CAT_01_00000132_013_png.rf.9816b436b83e289df51812a26f9c87db.jpg,3,attentive,1.3016407516672999,37.147218076069066,-0.019223333016950266,-0.005306828332587587,0.025374310665361943,0,2,0.002958049773371829,attentive,attentive,attentive,attentive,relaxed,attentive
926,/home/glyc/Documents/PyProjects/catface/data/cat-emotions-3/train/attentive/CAT_01_00000132_023_png.rf.3410b7a1a3efb2b8786fcf9d4288ad84.jpg,3,attentive,1.591102524212293,13.006527279510136,0.012842310183929005,0.021112182356004768,0.05559725908898207,0,0,-0.0016863131490863215,attentive,attentive,attentive,attentive,uncomfortable,attentive
927,/home/glyc/Documents/PyProjects/catface/data/cat-emotions-3/train/attentive/CAT_01_00000132_024_png.rf.7c0b257753c9dfb78ee4e5d179993a35.jpg,3,attentive,1.567959493762468,16.224906031810942,-0.2562983600314311,-0.240774925456219,0.8807555260546439,0,0,0.05473932932183617,attentive,attentive,attentive,attentive,uncomfortable,attentive
928,/home/glyc/Documents/PyProjects/catface/data/cat-emotions-3/train/attentive/CAT_01_00000132_028_png.rf.3332c073c46d20cd2b8e56d012e87dd4.jpg,4,attentive,1.4739259105031894,25.499516606540617,-0.010431848483439227,-0.002098000128493483,0.021871300038609324,0,0,0.0034589826271535506,attentive,attentive,attentive,attentive,uncomfortable,attentive
929,/home/glyc/Documents/PyProjects/catface/data/cat-emotions-3/train/attentive/CAT_01_00000132_029_png.rf.8172fe40953e8f352785b2dcbd4db062.jpg,3,attentive,1.523665200493656,21.084992631230303,-0.0022368588606424596,-0.010017769594408449,0.0058014791869963845,0,0,0.002713050550796181,attentive,attentive,relaxed,attentive,uncomfortable,relaxed
930,/home/glyc/Documents/PyProjects/catface/data/cat-emotions-3/train/attentive/CAT_01_00000133_017_png.rf.62f0ebfdb3b5bb39a35425e4830d9448.jpg,1,attentive,1.4983051442923085,23.43410790268418,0.3486706643268073,0.2822181223560886,0.8044162112572666,0,0,-0.0701794113994087,relaxed,uncomfortable,uncomfortable,uncomfortable,uncomfortable,relaxed
931,/home/glyc/Documents/PyProjects/catface/data/cat-emotions-3/train/attentive/CAT_01_00000134_020_png.rf.7a997c203f61e759035b2bf1794191c9.jpg,3,attentive,1.6809173759922866,0.0,0.308257308153132,0.2880316970186279,,1,0,-0.05397572895086322,relaxed,attentive,attentive,attentive,uncomfortable,uncomfortable
932,/home/glyc/Documents/PyProjects/catface/data/cat-emotions-3/train/attentive/CAT_01_00000134_025_png.rf.2cd1ee6822b56bde2d56bbaf94fa2354.jpg,0,attentive,1.5332791247917155,20.1265206535703,-0.1078405852000998,-0.09795978957948398,0.29426612745441844,0,0,0.024555890134407954,attentive,attentive,attentive,attentive,uncomfortable,uncomfortable
933,/home/glyc/Documents/PyProjects/catface/data/cat-emotions-3/train/attentive/CAT_01_00000135_010_png.rf.ad131953c6bbccbbee9aa4cafd26f826.jpg,0,attentive,1.2347510121688232,40.87621215393597,-0.06981479138596582,-0.058438436087738986,0.08066404674088837,0,3,0.011876347437888568,uncomfortable,relaxed,relaxed,relaxed,relaxed,relaxed
934,/home/glyc/Documents/PyProjects/catface/data/cat-emotions-3/train/attentive/CAT_01_00000135_026_png.rf.d6172dd21a755c1da6017df73f40f046.jpg,1,attentive,1.5752896403208503,15.277474069491614,-0.0013302322590331393,0.00418356330352055,0.004870031993483424,0,0,-0.0023066989948133665,attentive,attentive,attentive,attentive,uncomfortable,uncomfortable
935,/home/glyc/Documents/PyProjects/catface/data/cat-emotions-3/train/attentive/CAT_01_00000135_027_png.rf.fb188d68a9ae96b13cffc2fc432fe9c4.jpg,0,attentive,1.5470423828763733,18.672635330754684,-0.006391323073290073,-0.015860351464392148,0.018912088462679284,0,0,0.00023319802608146034,attentive,uncomfortable,uncomfortable,attentive,uncomfortable,relaxed
936,/home/glyc/Documents/PyProjects/catface/data/cat-emotions-3/train/attentive/CAT_01_00000136_000_png.rf.717c89c80c9cfe12aa095b51bb4a5f1e.jpg,3,attentive,1.3041965953283032,36.9984613392094,-0.002573580741242038,-0.0180207323665787,0.0034154478260519324,0,2,-0.002158381039210039,attentive,attentive,attentive,attentive,relaxed,relaxed
937,/home/glyc/Documents/PyProjects/catface/data/cat-emotions-3/train/attentive/CAT_01_00000136_002_png.rf.4df03484231e23405a9eab9ef234f483.jpg,4,attentive,1.3198140866742427,36.078067657883786,-0.0038960459499212423,0.0027081982253742945,0.00534711086479578,0,2,0.0007724579276283672,attentive,attentive,attentive,attentive,relaxed,uncomfortable
938,/home/glyc/Documents/PyProjects/catface/data/cat-emotions-3/train/attentive/CAT_01_00000136_008_png.rf.07bdc6f381cbd7e6bad994b9b983bfd0.jpg,3,attentive,1.3113115198912406,36.581625356039446,-0.05155569887057157,-0.04122833270983184,0.06946633820577501,0,2,0.011821507939175385,attentive,attentive,attentive,attentive,relaxed,relaxed
939,/home/glyc/Documents/PyProjects/catface/data/cat-emotions-3/train/attentive/CAT_01_00000136_011_png.rf.ecf1b18d555f4639092790c1b00d872a.jpg,0,attentive,1.3473814189314075,34.401694594201565,0.021111825824709416,0.0015235971950768388,0.030831087817334173,0,1,-0.0018836721894751052,relaxed,relaxed,relaxed,relaxed,relaxed,attentive
940,/home/glyc/Documents/PyProjects/catface/data/cat-emotions-3/train/attentive/CAT_01_00000136_019_png.rf.794ad2de1018a7d8b5563171a8c353a9.jpg,1,attentive,1.3260606874607264,35.704214730134154,0.025177855147195262,0.017407855091170703,0.035033254595410325,0,2,-0.004821282073719929,attentive,attentive,attentive,attentive,relaxed,relaxed
941,/home/glyc/Documents/PyProjects/catface/data/cat-emotions-3/train/attentive/CAT_01_00000137_002_png.rf.546224c5b23ddc4db5aafe27f2882262.jpg,0,attentive,1.3690420551828146,33.03253898327815,0.24318486591307453,0.21379181890815613,0.37400667502231233,0,1,-0.04384671638334307,attentive,uncomfortable,uncomfortable,uncomfortable,attentive,attentive
942,/home/glyc/Documents/PyProjects/catface/data/cat-emotions-3/train/attentive/CAT_01_00000137_019_png.rf.9676e87618df487f9a1b86f9474f490f.jpg,0,attentive,1.5217940292706644,21.266738558534076,0.023004431501853797,0.022116094413302808,0.05910467483149655,0,0,-0.0033363448958299846,uncomfortable,uncomfortable,uncomfortable,relaxed,uncomfortable,relaxed
943,/home/glyc/Documents/PyProjects/catface/data/cat-emotions-3/train/attentive/CAT_01_00000137_027_png.rf.7134863d5c8b1d48b35e575deb394c3a.jpg,4,attentive,1.2618810959308604,39.39951892146495,-0.016064296744392324,-0.019652197598554272,0.019557329727013656,0,3,0.0020946128501231898,attentive,attentive,attentive,attentive,relaxed,uncomfortable
944,/home/glyc/Documents/PyProjects/catface/data/cat-emotions-3/train/attentive/CAT_01_00000137_028_png.rf.d52c6f1382668b652819448e852adcb4.jpg,0,attentive,1.398400003277868,31.092014170431394,-0.040962992268443105,-0.042965662226867464,0.06792653218808546,0,1,0.005650138331374066,relaxed,relaxed,relaxed,relaxed,attentive,uncomfortable
945,/home/glyc/Documents/PyProjects/catface/data/cat-emotions-3/train/attentive/CAT_01_00000138_000_png.rf.53a05e2565ea2dc3c14d178f6626ade8.jpg,1,attentive,1.2715966314256462,38.859356043873966,-0.05700471869708846,-0.0435043740374962,0.07074935791210081,0,2,0.008077018819882237,attentive,attentive,attentive,attentive,relaxed,relaxed
946,/home/glyc/Documents/PyProjects/catface/data/cat-emotions-3/train/attentive/CAT_01_00000138_005_png.rf.1db2881caede748b069ffea631bff6f3.jpg,2,attentive,1.3440727480527168,34.606629929970985,-0.04128953084587467,-0.016255833380031177,0.0598377674928592,0,1,0.003974522082392018,relaxed,relaxed,relaxed,relaxed,relaxed,uncomfortable
947,/home/glyc/Documents/PyProjects/catface/data/cat-emotions-3/train/attentive/CAT_01_00000138_006_png.rf.18db5c117a04d335e50364e01d4a597b.jpg,1,attentive,1.155883809247559,44.94142713687852,0.0064475710838162205,-0.026418738337566847,0.006460767144642919,0,3,-0.0002481213233849755,attentive,attentive,relaxed,uncomfortable,relaxed,attentive
948,/home/glyc/Documents/PyProjects/catface/data/cat-emotions-3/train/attentive/CAT_01_00000139_003_png.rf.f84546cebde08c0254bf564595f68a2b.jpg,0,attentive,1.2824790141017652,38.24671148464769,0.01949044117251765,0.012338278004406485,0.02472642565155365,0,2,-0.0029661371306936024,attentive,attentive,attentive,attentive,relaxed,attentive
949,/home/glyc/Documents/PyProjects/catface/data/cat-emotions-3/train/attentive/CAT_01_00000139_007_png.rf.c18e5b5697ffb574528c847a0ddbd0f4.jpg,2,attentive,1.306668200920982,36.85411835983186,-0.018613512362202992,-0.03213298757959742,0.024832261076447745,0,2,0.004663704867933577,attentive,attentive,attentive,relaxed,relaxed,uncomfortable
950,/home/glyc/Documents/PyProjects/catface/data/cat-emotions-3/train/attentive/CAT_01_00000140_004_png.rf.e1217c0a5f556ba3d3938e2c10b121ba.jpg,4,attentive,1.5594154090207069,17.26540618854873,-0.05504201232531777,-0.04832168453528451,0.17709609001973092,0,0,0.012670900176084715,uncomfortable,attentive,relaxed,attentive,uncomfortable,relaxed
951,/home/glyc/Documents/PyProjects/catface/data/cat-emotions-3/train/attentive/CAT_01_00000140_014_png.rf.0158fda6cf4782e95cb5fcfdc0bbd1cb.jpg,4,attentive,1.3658358807609405,33.23833589219329,-0.056221318007916674,-0.044385726313202783,0.08578984457712077,0,1,0.012621927283652662,attentive,attentive,attentive,attentive,relaxed,relaxed
952,/home/glyc/Documents/PyProjects/catface/data/cat-emotions-3/train/attentive/CAT_01_00000140_017_png.rf.7e336d34ceb1928e583a6524f27b5fe3.jpg,3,attentive,1.2179133068658348,41.770909319011686,-0.15837246275307112,-0.0666778376201439,0.17731105887278883,0,3,0.03265728514528832,attentive,attentive,attentive,attentive,relaxed,attentive
953,/home/glyc/Documents/PyProjects/catface/data/cat-emotions-3/train/attentive/CAT_01_00000140_027_png.rf.b165091f97a2e173329464465503339f.jpg,2,attentive,1.4671602550173364,26.045475687484366,0.09754915496327622,0.08760048872947507,0.19960316262594474,0,0,-0.016787606676584993,attentive,attentive,relaxed,attentive,uncomfortable,relaxed
954,/home/glyc/Documents/PyProjects/catface/data/cat-emotions-3/train/attentive/CAT_01_00000141_006_png.rf.b421dc88e7b604be4019d1529faca29e.jpg,1,attentive,1.6330120921019864,0.0,-0.10243174224362962,-0.08085058836121596,,1,0,0.025789914045459855,attentive,attentive,attentive,attentive,uncomfortable,attentive
955,/home/glyc/Documents/PyProjects/catface/data/cat-emotions-3/train/attentive/CAT_01_00000141_022_png.rf.fc3f7e7009499e56b51b567babb1a815.jpg,2,attentive,1.446805797253833,27.627469729357966,-0.025572669774416867,-0.0062131298041921065,0.04885893768700605,0,0,0.004366467397074164,relaxed,uncomfortable,uncomfortable,relaxed,uncomfortable,relaxed
956,/home/glyc/Documents/PyProjects/catface/data/cat-emotions-3/train/attentive/CAT_01_00000142_000_png.rf.e608252c37b133f038139952876a044e.jpg,1,attentive,1.3643815201157004,33.33131682209447,0.020196088048045294,0.03267866574752649,0.030709014150915277,0,1,-0.0047263920290108175,attentive,attentive,attentive,attentive,relaxed,relaxed
957,/home/glyc/Documents/PyProjects/catface/data/cat-emotions-3/train/attentive/CAT_01_00000142_001_png.rf.608032dd89ae79eade4a5ceba5673ccd.jpg,0,attentive,1.349586246160991,34.26453382227706,-0.05283893448643261,-0.044723005397333995,0.07756207021116675,0,1,0.00831391612565921,relaxed,attentive,attentive,relaxed,relaxed,uncomfortable
958,/home/glyc/Documents/PyProjects/catface/data/cat-emotions-3/train/attentive/CAT_01_00000142_002_png.rf.55366912a3882718d68920f911e4c97e.jpg,4,attentive,1.2573010017474882,39.652020653998306,0.018603729495527705,0.005261827766547128,0.022446519900872538,0,3,-0.002558215705344674,relaxed,attentive,attentive,relaxed,relaxed,relaxed
959,/home/glyc/Documents/PyProjects/catface/data/cat-emotions-3/train/attentive/CAT_01_00000142_006_png.rf.cb737761774ebc96a57b6721ad67a656.jpg,2,attentive,1.347169540033248,34.414850175292436,-0.006791697320188857,-0.0014153407651585504,0.00991351091070682,0,1,0.0014430461864246569,attentive,attentive,attentive,attentive,relaxed,relaxed
960,/home/glyc/Documents/PyProjects/catface/data/cat-emotions-3/train/attentive/CAT_01_00000142_007_png.rf.f3a0120748029d523a72e2b94b73c132.jpg,1,attentive,1.2316315606590105,41.04317665777062,-0.07082118943434824,-0.07492811620268468,0.08134657137488674,0,3,0.006879625034024089,attentive,attentive,attentive,attentive,relaxed,uncomfortable
961,/home/glyc/Documents/PyProjects/catface/data/cat-emotions-3/train/attentive/CAT_01_00000142_012_png.rf.6f54ce3738d4698be5754a134fd9cac5.jpg,4,attentive,1.319903911818713,36.072715477320216,-0.1445934075262703,-0.11772140571055395,0.19848553009201714,0,2,0.024384554481035756,attentive,attentive,attentive,attentive,relaxed,uncomfortable
962,/home/glyc/Documents/PyProjects/catface/data/cat-emotions-3/train/attentive/CAT_01_00000142_017_png.rf.52920e89d38c57e777ebe8c4411f5215.jpg,4,attentive,1.415321258413302,29.92247436445224,0.009964626530053498,0.017389309718373845,0.017313297804256597,0,1,-0.001029436766585179,attentive,attentive,attentive,attentive,uncomfortable,attentive
963,/home/glyc/Documents/PyProjects/catface/data/cat-emotions-3/train/attentive/CAT_01_00000142_018_png.rf.506ed3daf2eed5b63cf66645090faea3.jpg,2,attentive,1.3481469204556642,34.35412772245633,0.04401070516549313,0.022877147525541534,0.06438653560702823,0,1,-0.0076540110246940685,attentive,attentive,attentive,attentive,relaxed,uncomfortable
964,/home/glyc/Documents/PyProjects/catface/data/cat-emotions-3/train/attentive/CAT_01_00000142_019_png.rf.04d02cd9a42e0fe8c7ed87ef9df1d770.jpg,2,attentive,1.3117344175140997,36.5567209071,-0.05932142731729651,-0.03358309834795609,0.08000254918790267,0,2,0.00228546754701231,attentive,uncomfortable,uncomfortable,relaxed,relaxed,attentive
965,/home/glyc/Documents/PyProjects/catface/data/cat-emotions-3/train/attentive/CAT_01_00000142_022_png.rf.18b86256d713413393f23d213195080e.jpg,1,attentive,1.27703513181966,38.554212720126436,0.004030767196440418,0.027042893559834937,0.005057538920196478,0,2,-0.0007425522434157117,attentive,uncomfortable,uncomfortable,uncomfortable,relaxed,attentive
966,/home/glyc/Documents/PyProjects/catface/data/cat-emotions-3/train/attentive/CAT_01_00000142_027_png.rf.3dcd2fa0d91ead02d352ce75fdef5874.jpg,0,attentive,1.3267521454640194,35.662623073506,0.03373823994337564,0.039856573416910644,0.04701642174956457,0,2,-0.005320653855547863,uncomfortable,attentive,attentive,attentive,relaxed,uncomfortable
967,/home/glyc/Documents/PyProjects/catface/data/cat-emotions-3/train/attentive/CAT_01_00000142_028_png.rf.39480d643099ba89298805ad85d1993c.jpg,3,attentive,1.472007657787352,25.65541071490689,-0.0007093082344763081,-0.015820765249863106,0.0014767736598338885,0,0,0.0008029917084422522,attentive,attentive,attentive,attentive,uncomfortable,attentive
968,/home/glyc/Documents/PyProjects/catface/data/cat-emotions-3/train/attentive/CAT_01_00000142_029_png.rf.c4751f5cb327df70086b68832870023c.jpg,4,attentive,1.4081679631469308,30.42184394467159,-0.002019273546531196,-0.011634483042669674,0.0034387640008957405,0,1,0.0029033434213579234,relaxed,relaxed,relaxed,relaxed,uncomfortable,attentive
969,/home/glyc/Documents/PyProjects/catface/data/cat-emotions-3/train/attentive/CAT_01_00000143_001_png.rf.92a26054d90ae114a84a6f46652b0fbf.jpg,4,attentive,1.5253884255345391,20.916283976185575,-0.0021470447639670774,0.002109140621652973,0.005617763107622507,0,0,0.0009703689745822197,attentive,attentive,attentive,attentive,uncomfortable,relaxed
970,/home/glyc/Documents/PyProjects/catface/data/cat-emotions-3/train/attentive/CAT_01_00000143_012_png.rf.c88da0b0277eeb1d8994d547cf938a1c.jpg,2,attentive,1.3603762699686017,33.586205248738594,0.06441861236031918,0.03279756288392743,0.0970084695808531,0,1,-0.009764239299974525,relaxed,relaxed,relaxed,relaxed,relaxed,attentive
971,/home/glyc/Documents/PyProjects/catface/data/cat-emotions-3/train/attentive/CAT_01_00000143_013_png.rf.9f3a1cd20cbe4bd016b2841ebc3ca1e7.jpg,0,attentive,1.2936752738406911,37.60759816521256,0.015822071326715804,0.04290016294416481,0.020539743176035328,0,2,-0.004761033004087201,relaxed,uncomfortable,uncomfortable,uncomfortable,relaxed,relaxed
972,/home/glyc/Documents/PyProjects/catface/data/cat-emotions-3/train/attentive/CAT_01_00000143_025_png.rf.7b720261db9b152aefb72a953d0b1878.jpg,0,attentive,1.4201300168952535,29.582484088988352,0.03661002842521207,0.027746402627924598,0.06449120252019273,0,0,-0.006425368215296712,attentive,attentive,attentive,attentive,uncomfortable,relaxed
973,/home/glyc/Documents/PyProjects/catface/data/cat-emotions-3/train/attentive/CAT_01_00000144_010_png.rf.9e5535e3b5f8e549388b0737bc8a10e8.jpg,0,attentive,1.5405396133470255,19.372635514956706,0.005078596745902546,0.0034325148404796774,0.014443471184791319,0,0,0.0010847345954587695,uncomfortable,uncomfortable,uncomfortable,uncomfortable,uncomfortable,relaxed
974,/home/glyc/Documents/PyProjects/catface/data/cat-emotions-3/train/attentive/CAT_01_00000144_011_png.rf.5677f7038fce5d6aab30efece10ae61c.jpg,4,attentive,1.4305933012664336,28.830120531128138,-0.013648903017218543,-0.009547432651790535,0.024796375642528172,0,0,0.0009081505372741938,uncomfortable,uncomfortable,uncomfortable,uncomfortable,uncomfortable,attentive
975,/home/glyc/Documents/PyProjects/catface/data/cat-emotions-3/train/attentive/CAT_01_00000144_021_png.rf.3135b1a4cf0fb8e1a868b475957f1ba7.jpg,0,attentive,1.4301974656376883,28.858908673056156,-0.03303237730975688,-0.01629696188046089,0.05993961000168926,0,0,0.009531526917531813,uncomfortable,uncomfortable,uncomfortable,uncomfortable,uncomfortable,uncomfortable
976,/home/glyc/Documents/PyProjects/catface/data/cat-emotions-3/train/attentive/CAT_01_00000144_024_png.rf.11ec674d725d2e95ae60f7182d3b52b3.jpg,2,attentive,1.4769330313954703,25.253325037935905,0.008937032018165186,0.02848716592177564,0.018946369347745285,0,0,0.0010284342359278553,attentive,uncomfortable,uncomfortable,uncomfortable,uncomfortable,relaxed
977,/home/glyc/Documents/PyProjects/catface/data/cat-emotions-3/train/attentive/CAT_01_00000145_001_png.rf.f6a092bef601d0f766a99e5826c7d6cd.jpg,3,attentive,1.4685078146638892,25.93758729826416,-0.008799729346744322,0.006726785552771901,0.01809211162641791,0,0,-0.0006841581371793137,attentive,attentive,attentive,attentive,uncomfortable,relaxed
978,/home/glyc/Documents/PyProjects/catface/data/cat-emotions-3/train/attentive/CAT_01_00000145_002_png.rf.1a793beefa0b999152742aa006230337.jpg,3,attentive,1.4304025176742492,28.84399902644774,-0.0345885547182638,-0.02492308683088214,0.0628020605162027,0,0,0.006737638985331862,attentive,attentive,attentive,attentive,uncomfortable,uncomfortable
979,/home/glyc/Documents/PyProjects/catface/data/cat-emotions-3/train/attentive/CAT_01_00000145_005_png.rf.538e30f0a02bdfbbceeeeb5d42d5fb6e.jpg,2,attentive,1.3179726586436888,36.18763735343933,-0.04557664647118194,-0.058533833023693416,0.062300791428412855,0,2,0.008900721627773167,relaxed,attentive,attentive,relaxed,relaxed,attentive
980,/home/glyc/Documents/PyProjects/catface/data/cat-emotions-3/train/attentive/CAT_01_00000145_020_png.rf.cd22ef3b7f78c793cbac736302eaf06e.jpg,3,attentive,1.289894258732241,37.82445486887816,0.03841992859704486,0.02188177139096449,0.049487044906623034,0,2,-0.0031416674953936574,relaxed,attentive,attentive,relaxed,relaxed,attentive
981,/home/glyc/Documents/PyProjects/catface/data/cat-emotions-3/train/attentive/CAT_01_00000146_000_png.rf.7f32d3259c57c947d6bd21d9838e6556.jpg,2,attentive,1.286157254256706,38.03775351899046,0.010954281236542403,0.008942951103569673,0.014001813677365839,0,2,-0.0016571827736726885,relaxed,attentive,attentive,relaxed,relaxed,uncomfortable
982,/home/glyc/Documents/PyProjects/catface/data/cat-emotions-3/train/attentive/CAT_01_00000146_021_png.rf.4ea05eaac542627b0abbe0ab1dd787d5.jpg,2,attentive,1.292453869652512,37.67776686799764,0.08679445749425341,0.0866947973023921,0.11238901214719055,0,2,-0.015534657705734894,relaxed,relaxed,attentive,relaxed,relaxed,uncomfortable
983,/home/glyc/Documents/PyProjects/catface/data/cat-emotions-3/train/attentive/CAT_01_00000147_026_png.rf.f52a0d408275e9e87b6171976b02ec82.jpg,0,attentive,1.3848287622746722,32.00212508714474,0.07733133346473084,0.0638324051951078,0.12374578985968569,0,1,-0.011088932828525022,relaxed,attentive,attentive,attentive,attentive,attentive
984,/home/glyc/Documents/PyProjects/catface/data/cat-emotions-3/train/attentive/CAT_01_00000147_028_png.rf.7c373ee226e5866d7f7b358f23b94f19.jpg,3,attentive,1.362098009160367,33.47684635870158,0.009224336564028551,0.011142008107400118,0.013948696170735497,0,1,-0.004846915523143286,attentive,attentive,attentive,attentive,attentive,uncomfortable
985,/home/glyc/Documents/PyProjects/catface/data/cat-emotions-3/train/attentive/CAT_01_00000148_001_png.rf.b7e84e2a2ddf862ee3b431ac9bce4f0c.jpg,4,attentive,1.290329970400856,37.79951900377253,-0.04054871023528995,-0.046328132904497506,0.0522759884181282,0,2,0.009191947961950386,attentive,attentive,attentive,attentive,relaxed,uncomfortable
986,/home/glyc/Documents/PyProjects/catface/data/cat-emotions-3/train/attentive/CAT_01_00000148_009_png.rf.e3f3e3fcf17803070fb8b238378c8b60.jpg,1,attentive,1.2896078851934534,37.84083647276949,-0.07766370099257591,-0.07597785816369033,0.09997622379862799,0,2,0.009912241886900514,attentive,uncomfortable,relaxed,relaxed,relaxed,uncomfortable
987,/home/glyc/Documents/PyProjects/catface/data/cat-emotions-3/train/attentive/CAT_01_00000148_015_png.rf.54e8c5e688911d1552989db3be21abe0.jpg,3,attentive,1.3965105249521075,31.22015180738241,-0.04158236599761044,-0.04046942597425418,0.06860617891695459,0,1,0.010608170131099909,attentive,attentive,attentive,attentive,attentive,uncomfortable
988,/home/glyc/Documents/PyProjects/catface/data/cat-emotions-3/train/attentive/CAT_01_00000148_018_png.rf.46eefd8269264ddbd0e3fcd07a3c8502.jpg,4,attentive,1.3070061834404987,36.83434231246799,0.007932777587299735,0.012517481922622625,0.010590722402029785,0,2,-0.0008037153031738853,attentive,attentive,attentive,attentive,relaxed,uncomfortable
989,/home/glyc/Documents/PyProjects/catface/data/cat-emotions-3/train/attentive/CAT_01_00000148_020_png.rf.eeca0c9faa72eef73a1c75bdf1286247.jpg,3,attentive,1.283845005204019,38.16922378537465,0.02660105463660189,0.02275598284712593,0.033841299098881526,0,2,-0.0009845736842707953,attentive,attentive,attentive,attentive,relaxed,relaxed
990,/home/glyc/Documents/PyProjects/catface/data/cat-emotions-3/train/attentive/CAT_01_00000148_029_png.rf.60330e241f628ace9bce9d20c5c9ce5c.jpg,1,attentive,1.2952045161338221,37.51958680614763,-0.03292136616444838,-0.014542907816506358,0.04287360462944553,0,2,0.005596402816202162,relaxed,attentive,attentive,relaxed,relaxed,uncomfortable
991,/home/glyc/Documents/PyProjects/catface/data/cat-emotions-3/train/attentive/CAT_01_00000149_004_png.rf.a62271d8bdfd28a0e364278e2bf375f1.jpg,0,attentive,1.2225829598437834,41.52436457622649,-0.22554590842902078,-0.18057050506285055,0.25471493413074164,0,3,0.0275503274997983,uncomfortable,attentive,attentive,attentive,relaxed,attentive
992,/home/glyc/Documents/PyProjects/catface/data/cat-emotions-3/train/attentive/CAT_01_00000149_005_png.rf.e3b9ae507f46cb116685c16c06af3a9b.jpg,1,attentive,1.6718816927017803,0.0,-0.14390901347598634,-0.13529917848258913,,1,0,0.03604869154642225,attentive,attentive,attentive,attentive,uncomfortable,relaxed
993,/home/glyc/Documents/PyProjects/catface/data/cat-emotions-3/train/attentive/CAT_01_00000149_017_png.rf.feafa30aa67423d828a4213b675a7286.jpg,1,attentive,1.3600859930892988,33.60461166703207,0.04183033039624105,0.04116153604940221,0.06294871580385931,0,1,-0.007593875938690514,uncomfortable,attentive,attentive,attentive,relaxed,relaxed
994,/home/glyc/Documents/PyProjects/catface/data/cat-emotions-3/train/attentive/CAT_01_00000149_020_png.rf.e073c2ed205bd276f2fb35a22086b1dc.jpg,1,attentive,1.4570281081706313,26.84375985291691,0.013548695278709322,0.018662278896474583,0.026771032756779934,0,0,-0.0016097739524114085,attentive,attentive,attentive,attentive,uncomfortable,relaxed
995,/home/glyc/Documents/PyProjects/catface/data/cat-emotions-3/train/attentive/CAT_01_00000149_028_png.rf.3b9e1a062ffc68544a8a670211dcef6c.jpg,3,attentive,1.1074241793127944,47.30044001746195,0.028512449005853407,-0.018158611123436967,0.02631012526299079,0,3,-0.004036187941646757,attentive,attentive,attentive,attentive,relaxed,relaxed
996,/home/glyc/Documents/PyProjects/catface/data/cat-emotions-3/train/attentive/CAT_01_00000150_012_png.rf.c37c8c112a16758b06bd9a2f0d172563.jpg,2,attentive,1.3307392196339076,35.42197164344082,-0.021446534691033848,-0.030213659050044347,0.03015371062932663,0,2,0.004407912572460676,relaxed,relaxed,relaxed,relaxed,relaxed,attentive
997,/home/glyc/Documents/PyProjects/catface/data/cat-emotions-3/train/attentive/CAT_01_00000150_017_png.rf.b3fe33728f4f44fd9da1a041b37dd91e.jpg,0,attentive,1.3161486864582377,36.295886743852236,0.28548817338283533,0.23514743723966947,0.38870353604928953,0,2,-0.038942466721176947,relaxed,uncomfortable,uncomfortable,uncomfortable,relaxed,relaxed
998,/home/glyc/Documents/PyProjects/catface/data/cat-emotions-3/train/attentive/CAT_01_00000151_004_png.rf.d9066872426a8b3eccb699815c9e0237.jpg,1,attentive,1.8042759568479705,0.0,0.013337735853500055,0.013181945046576975,,1,0,-0.0017954812195492553,attentive,uncomfortable,uncomfortable,uncomfortable,uncomfortable,uncomfortable
999,/home/glyc/Documents/PyProjects/catface/data/cat-emotions-3/train/attentive/CAT_01_00000151_005_png.rf.5505597b987c941906af26f054916acb.jpg,1,attentive,1.8086699466692364,0.0,0.004672487137214957,0.010008438484562667,,1,0,-0.0027618968765769913,attentive,uncomfortable,uncomfortable,uncomfortable,uncomfortable,attentive
1000,/home/glyc/Documents/PyProjects/catface/data/cat-emotions-3/train/attentive/CAT_01_00000151_013_png.rf.b1ae1ac8ea01cb9619b2ef888a7a6d0b.jpg,3,attentive,1.4308873336082895,28.808719268517738,0.0020288497746654218,-0.0008480793537114904,0.0036891340845745467,0,0,-0.0012621856522145036,relaxed,relaxed,relaxed,relaxed,uncomfortable,relaxed
1001,/home/glyc/Documents/PyProjects/catface/data/cat-emotions-3/train/attentive/CAT_01_00000151_016_png.rf.8f907a90ccc470234471131355e6a578.jpg,1,attentive,1.3334517080127792,35.25743621475374,-0.03794849582822061,-0.02553987992985014,0.05368109623579394,0,1,0.005989862398322887,attentive,relaxed,relaxed,attentive,relaxed,attentive
1002,/home/glyc/Documents/PyProjects/catface/data/cat-emotions-3/train/attentive/CAT_01_00000151_017_png.rf.ea682b4204d0f6260b342d93afba786f.jpg,3,attentive,1.3230653087100657,35.88390596167738,-0.027225473336818507,-0.04443197086809514,0.037632766787046225,0,2,0.006827516245731663,relaxed,relaxed,relaxed,relaxed,relaxed,uncomfortable
1003,/home/glyc/Documents/PyProjects/catface/data/cat-emotions-3/train/attentive/CAT_01_00000151_022_png.rf.0b129ac685a86a810ca2e75c33f65f5a.jpg,1,attentive,1.3566417864367704,33.82233357151314,0.009810403827771817,0.005173657532711918,0.014642256519921262,0,1,-0.0007320525022090907,attentive,attentive,attentive,attentive,relaxed,relaxed
1004,/home/glyc/Documents/PyProjects/catface/data/cat-emotions-3/train/attentive/CAT_01_00000151_024_png.rf.8c3f8b86d4520b7ce77a94cc26e9b376.jpg,0,attentive,1.3326332109079169,35.30715527168133,0.001955709351374144,-0.021789161750630958,0.002761416079329752,0,2,0.0020463859768902193,attentive,attentive,attentive,attentive,relaxed,attentive
1005,/home/glyc/Documents/PyProjects/catface/data/cat-emotions-3/train/attentive/CAT_01_00000151_027_png.rf.ad4b6e05982e3ae5b1fa702c4c1f3a56.jpg,2,attentive,2.3288238614294268,0.0,-0.1124411384810521,-0.12430308930835873,,1,0,0.04858371665432469,attentive,uncomfortable,uncomfortable,attentive,uncomfortable,uncomfortable
1006,/home/glyc/Documents/PyProjects/catface/data/cat-emotions-3/train/attentive/CAT_01_00000152_001_png.rf.83113b0588797193606a004a53d5d376.jpg,4,attentive,1.5763386996861144,15.137154455946158,-0.01180373755475443,-0.0044153241129135596,0.0436340748738519,0,0,-0.0016836738676029028,attentive,uncomfortable,uncomfortable,uncomfortable,uncomfortable,attentive
1007,/home/glyc/Documents/PyProjects/catface/data/cat-emotions-3/train/attentive/CAT_01_00000152_008_png.rf.9988c822b156693aa0928d2f5e18460e.jpg,2,attentive,1.2205744220686225,41.63055607064132,0.26195560519408656,0.2072404575914956,0.2947309595448421,0,3,-0.03512367391337928,relaxed,attentive,attentive,attentive,relaxed,uncomfortable
1008,/home/glyc/Documents/PyProjects/catface/data/cat-emotions-3/train/attentive/CAT_01_00000152_015_png.rf.f41d760a4f3602912e5d3b6bee572982.jpg,1,attentive,1.4351908928803168,28.493801342113578,0.05546389522277211,0.06718989551648524,0.10217814749216143,0,0,-0.011086467309903952,attentive,attentive,attentive,attentive,uncomfortable,attentive
1009,/home/glyc/Documents/PyProjects/catface/data/cat-emotions-3/train/attentive/CAT_01_00000152_019_png.rf.675e0ef8e35f3f38dd8b4d5639ff4c59.jpg,1,attentive,1.3654974778577533,33.25999137368689,0.0017118978719375439,-0.012076545657401131,0.0026100854365727895,0,1,-0.0005732367801635496,attentive,attentive,attentive,attentive,relaxed,uncomfortable
1010,/home/glyc/Documents/PyProjects/catface/data/cat-emotions-3/train/attentive/CAT_01_00000152_020_png.rf.c8cd5d6a7625ce85d9a4db7afc196ff3.jpg,2,attentive,1.271364815083127,38.87231792540126,-0.022194224893460252,0.00407596001073027,0.027532813139376895,0,2,0.005817896809589496,attentive,attentive,attentive,attentive,relaxed,uncomfortable
1011,/home/glyc/Documents/PyProjects/catface/data/cat-emotions-3/train/attentive/CAT_01_00000153_000_png.rf.b044ebc3a9ae23dd63038c262b80739c.jpg,2,attentive,1.3519310234608948,34.118136001125215,0.0038561036401082516,0.01765749765031646,0.005691559790041158,0,1,-0.000852234176194358,attentive,uncomfortable,uncomfortable,uncomfortable,relaxed,relaxed
1012,/home/glyc/Documents/PyProjects/catface/data/cat-emotions-3/train/attentive/CAT_01_00000153_023_png.rf.bfd73b1fce7507ea677ea458ed42d0b5.jpg,1,attentive,1.4393799661453335,28.184167834299128,-0.04276049193207942,-0.0313948871783173,0.07980092084883625,0,0,0.007415561576774005,attentive,attentive,attentive,attentive,uncomfortable,uncomfortable
1013,/home/glyc/Documents/PyProjects/catface/data/cat-emotions-3/train/attentive/CAT_01_00000153_026_png.rf.5697874a10a433aedc421f11c8e0e3fd.jpg,0,attentive,1.3699239933321603,32.97572985773968,-0.05070358239165367,-0.04827480669977748,0.07814912270302962,0,1,0.00912743405387248,attentive,attentive,attentive,attentive,attentive,uncomfortable
1014,/home/glyc/Documents/PyProjects/catface/data/cat-emotions-3/train/attentive/CAT_01_00000154_002_png.rf.6f8b8da344f3772b2af8d618acd52afa.jpg,1,attentive,1.4058288146650482,30.58353701791865,-0.01049015140798224,-0.015687690203569624,0.017749515168198893,0,1,0.002555696799174584,attentive,attentive,attentive,attentive,uncomfortable,attentive
1015,/home/glyc/Documents/PyProjects/catface/data/cat-emotions-3/train/attentive/CAT_01_00000154_009_png.rf.ce0e61f6889110c22319dee43e742bc3.jpg,2,attentive,1.2292156606539024,41.172101411021586,-0.03163921753628654,-0.0010642626642893068,0.03617671461654198,0,3,0.003258905182259547,uncomfortable,relaxed,relaxed,relaxed,relaxed,relaxed
1016,/home/glyc/Documents/PyProjects/catface/data/cat-emotions-3/train/attentive/CAT_01_00000154_021_png.rf.1a005b448173d2d6d145c78a41a9c5fa.jpg,4,attentive,1.3018397039272658,37.13565685305849,-0.005199988163775869,-0.007984289808274916,0.006866730311537781,0,2,-0.0005766555586652067,attentive,attentive,attentive,attentive,relaxed,uncomfortable
1017,/home/glyc/Documents/PyProjects/catface/data/cat-emotions-3/train/attentive/CAT_01_00000154_025_png.rf.bd834db5da9942b765aecfcada0fc9c6.jpg,1,attentive,1.365508784061415,33.25926805516623,-0.15188938836997296,-0.13735622198341085,0.23158811080278854,0,1,0.02806505406524784,attentive,relaxed,relaxed,relaxed,relaxed,uncomfortable
1018,/home/glyc/Documents/PyProjects/catface/data/cat-emotions-3/train/attentive/CAT_01_00000154_028_png.rf.187526fbe7758fff115f6de0f0420026.jpg,3,attentive,1.2265764293121593,41.31256622841563,-0.04089470679357902,-0.028940257266580727,0.04652888290762717,0,3,0.004394315179585051,relaxed,relaxed,attentive,relaxed,relaxed,attentive
1019,/home/glyc/Documents/PyProjects/catface/data/cat-emotions-3/train/attentive/CAT_01_00000155_028_png.rf.8f50e5f0c801d2431a2511f2358ba69f.jpg,4,attentive,1.2200631867324658,41.65754975846781,-0.03443600482970646,-0.029475929017781687,0.03870782609351731,0,3,0.0036527254958776956,attentive,attentive,attentive,attentive,relaxed,uncomfortable
1020,/home/glyc/Documents/PyProjects/catface/data/cat-emotions-3/train/attentive/CAT_01_00000156_003_png.rf.3f6115520fff0303dfaeac3230bfd61a.jpg,0,attentive,1.3040336620690671,37.00795975995379,0.06666941621512926,0.05423947700067424,0.08844773548236072,0,2,-0.01176662824292804,attentive,attentive,attentive,attentive,relaxed,uncomfortable
1021,/home/glyc/Documents/PyProjects/catface/data/cat-emotions-3/train/attentive/CAT_01_00000156_007_png.rf.d50671b375d09ee055009c0ca4db6714.jpg,0,attentive,1.4435985767471509,27.86916261198201,0.05373031574625915,0.04183630706139046,0.10161111458508044,0,0,-0.009480330477863064,attentive,attentive,relaxed,attentive,uncomfortable,attentive
1022,/home/glyc/Documents/PyProjects/catface/data/cat-emotions-3/train/attentive/CAT_01_00000156_025_png.rf.b91c7a9df8b8584f17425f0d7a3357b3.jpg,0,attentive,1.3111705740485335,36.58992241905566,-0.10870247215759556,-0.09193539017542227,0.14642179964476984,0,2,0.022962081124657113,uncomfortable,relaxed,relaxed,relaxed,relaxed,uncomfortable
1023,/home/glyc/Documents/PyProjects/catface/data/cat-emotions-3/train/attentive/CAT_01_00000157_003_png.rf.aee53b842b976e49594188b09ab8a473.jpg,1,attentive,1.221123023990286,41.60157346844143,-0.10052725506334029,-0.06929046384025848,0.1132203096257088,0,3,0.01498726654679522,attentive,attentive,attentive,attentive,relaxed,uncomfortable
1024,/home/glyc/Documents/PyProjects/catface/data/cat-emotions-3/train/attentive/CAT_01_00000157_005_png.rf.0057a89ea70dfbbfbe9ed5c4e09bd2ba.jpg,3,attentive,1.3536606882912057,34.00978836878928,0.01800630667394287,0.027548518321188736,0.02668561235571381,0,1,-0.0037647520917845623,attentive,attentive,attentive,attentive,relaxed,attentive
1025,/home/glyc/Documents/PyProjects/catface/data/cat-emotions-3/train/attentive/CAT_01_00000157_010_png.rf.fa3aaab5156a3cb5bd9ffc17381edfc0.jpg,0,attentive,1.226620432712083,41.310227499617646,-0.14292717782095032,-0.10812243250881277,0.16263203486947084,0,3,0.017984482259125717,uncomfortable,relaxed,attentive,relaxed,relaxed,uncomfortable
1026,/home/glyc/Documents/PyProjects/catface/data/cat-emotions-3/train/attentive/CAT_01_00000157_024_png.rf.b8174b7ebc98724c2a3779b815999dbe.jpg,3,attentive,1.3911641493270375,31.58019058601189,-0.0663846843286752,-0.03673121614131261,0.1079904058143292,0,1,0.005936540895671444,uncomfortable,attentive,attentive,attentive,attentive,relaxed
1027,/home/glyc/Documents/PyProjects/catface/data/cat-emotions-3/train/attentive/CAT_01_00000158_018_png.rf.b7e8b5d24e218e74784840e7a34f4754.jpg,0,attentive,1.191195590841098,43.15942850169071,-0.3834320613638661,-0.3026155708099765,0.4088935130222549,0,3,0.046580835467411486,uncomfortable,relaxed,attentive,relaxed,relaxed,uncomfortable
1028,/home/glyc/Documents/PyProjects/catface/data/cat-emotions-3/train/attentive/CAT_01_00000158_019_png.rf.42371664c0a15ebbc4cf576fdc77f827.jpg,3,attentive,1.5341954284322643,20.03287911467143,-0.09156165291924807,-0.09878700505591106,0.2511151140002698,0,0,0.021148474400377565,attentive,attentive,attentive,attentive,uncomfortable,attentive
1029,/home/glyc/Documents/PyProjects/catface/data/cat-emotions-3/train/attentive/CAT_01_00000158_027_png.rf.753bb287b240c354b71fcee99915ba30.jpg,4,attentive,1.314911975684061,36.36912509420954,0.09609235514067636,0.055072339427308055,0.13048365203305515,0,2,-0.013450534267193365,attentive,uncomfortable,uncomfortable,relaxed,relaxed,uncomfortable
1030,/home/glyc/Documents/PyProjects/catface/data/cat-emotions-3/train/attentive/CAT_01_00000159_003_png.rf.f6ba260f0f0e31fb617d8e2b335fcd0f.jpg,3,attentive,0.9220375872882768,55.6234867519049,-0.3942327528415475,-0.23084515221628496,0.26969949628418227,0,3,0.02814360418403744,uncomfortable,attentive,attentive,attentive,relaxed,uncomfortable
1031,/home/glyc/Documents/PyProjects/catface/data/cat-emotions-3/train/attentive/CAT_01_00000159_006_png.rf.aba2fb444417f8007b0e8d58f6593a7d.jpg,2,attentive,1.4188486705447116,29.67342408676973,-0.040990084138289445,-0.02288419600773919,0.07194078205773977,0,0,0.004674676776275227,uncomfortable,attentive,relaxed,uncomfortable,uncomfortable,attentive
1032,/home/glyc/Documents/PyProjects/catface/data/cat-emotions-3/train/attentive/CAT_01_00000159_009_png.rf.e652f833025013f683971c5586abc234.jpg,0,attentive,1.212743678446551,42.04247357198281,-0.08103328509318612,-0.11441148188135722,0.08986252632515403,0,3,0.003720669143878391,attentive,attentive,attentive,attentive,relaxed,relaxed
1033,/home/glyc/Documents/PyProjects/catface/data/cat-emotions-3/train/attentive/CAT_01_00000159_010_png.rf.e2b081012444e11c85221b2ca5df4176.jpg,3,attentive,1.5207617670146094,21.366370427955346,-0.029280474812244748,-0.05903484205591616,0.07484424672304933,0,0,0.0018876956757764574,attentive,uncomfortable,uncomfortable,uncomfortable,uncomfortable,uncomfortable
1034,/home/glyc/Documents/PyProjects/catface/data/cat-emotions-3/train/attentive/CAT_01_00000159_015_png.rf.2be0f04fad6d69f0baa389629688a3ac.jpg,2,attentive,1.5327478506264465,20.180623368448575,0.07098276101866911,0.0694514236090958,0.19312701549534889,0,0,-0.013795045185359261,attentive,attentive,attentive,attentive,uncomfortable,attentive
1035,/home/glyc/Documents/PyProjects/catface/data/cat-emotions-3/train/attentive/CAT_01_00000159_018_png.rf.54419c70e584721e9cad473980295ad6.jpg,0,attentive,1.4388000491070554,28.227217909709463,0.0039503468659528975,0.012903676222048481,0.007358969510513562,0,0,0.0019218228460125275,attentive,attentive,attentive,attentive,uncomfortable,relaxed
1036,/home/glyc/Documents/PyProjects/catface/data/cat-emotions-3/train/attentive/CAT_01_00000159_023_png.rf.316a0914e0eef7f78232c6187de50dfe.jpg,3,attentive,1.2829260267377998,38.22136873591948,0.05551446372381092,0.08767376042145258,0.07049218616165356,0,2,-0.012764452446174301,attentive,uncomfortable,relaxed,attentive,relaxed,attentive
1037,/home/glyc/Documents/PyProjects/catface/data/cat-emotions-3/train/attentive/CAT_01_00000159_024_png.rf.2fb2dca5a1f12091ebc2de33d68969cb.jpg,4,attentive,1.392148119059228,31.51420480260124,-0.003365444758913842,0.025258839335920078,0.0054888517221172856,0,1,0.0008086245786302071,attentive,attentive,attentive,attentive,attentive,relaxed
1038,/home/glyc/Documents/PyProjects/catface/data/cat-emotions-3/train/attentive/CAT_01_00000159_026_png.rf.66aa88f26ab8f4b3fd159f4e8515835c.jpg,0,attentive,1.3283900858864022,35.563931549672894,-0.0138411935255924,-0.013907883276927328,0.019358909951877275,0,2,0.0001719688320906687,attentive,attentive,attentive,attentive,relaxed,attentive
1039,/home/glyc/Documents/PyProjects/catface/data/cat-emotions-3/train/attentive/CAT_01_00000160_019_png.rf.9d8471a4e84576f23789afda857ed2a3.jpg,1,attentive,1.2708113690597955,38.90324885283333,0.07238222835209153,0.022487397248634942,0.08969387158257786,0,2,-0.004099719540141572,attentive,relaxed,attentive,attentive,relaxed,uncomfortable
1040,/home/glyc/Documents/PyProjects/catface/data/cat-emotions-3/train/attentive/CAT_01_00000160_020_png.rf.39bf24be83be596efc57c7db0e1948d5.jpg,0,attentive,1.369381301979915,33.010697016174085,0.026139606564134006,0.006594377654322588,0.04023501693681508,0,1,-0.0012174762584423182,attentive,attentive,relaxed,attentive,attentive,attentive
1041,/home/glyc/Documents/PyProjects/catface/data/cat-emotions-3/train/attentive/CAT_01_00000160_022_png.rf.5da739efa54b6704c281431e9f6f8c53.jpg,0,attentive,1.4992532642899437,23.350319391839054,0.062003524295326566,0.06383781546569053,0.14362323522232678,0,0,-0.011634514351540809,attentive,attentive,attentive,attentive,uncomfortable,attentive
1042,/home/glyc/Documents/PyProjects/catface/data/cat-emotions-3/train/attentive/CAT_01_00000161_009_png.rf.19e92fff4649d0f8f9d828d26734d07e.jpg,4,attentive,1.4135355358786061,30.047839266848467,0.06465833070586562,0.06154376352057953,0.11177587911596815,0,1,-0.012130213915433119,attentive,attentive,attentive,attentive,uncomfortable,relaxed
1043,/home/glyc/Documents/PyProjects/catface/data/cat-emotions-3/train/attentive/CAT_01_00000161_011_png.rf.34b85118ae6d99227f7390c67309a3de.jpg,2,attentive,1.41258940682197,30.114069499289503,-0.03508032538236798,-0.041645603123615114,0.06048250152492648,0,1,0.00541384174351911,attentive,attentive,attentive,attentive,attentive,attentive
1044,/home/glyc/Documents/PyProjects/catface/data/cat-emotions-3/train/attentive/CAT_01_00000161_014_png.rf.188cd67ad5f57cf11cb8ee50fa5a7b19.jpg,1,attentive,1.2742673494301837,38.709760824367855,0.0014826583298637335,0.005586454042004383,0.0018500141373103633,0,2,0.0009015237454170766,attentive,attentive,attentive,attentive,relaxed,relaxed
1045,/home/glyc/Documents/PyProjects/catface/data/cat-emotions-3/train/attentive/CAT_01_00000161_018_png.rf.e298c23ab47bab565d6301ef7b33f1d3.jpg,1,attentive,1.283094996231342,38.21178554207864,-0.052098706654971544,-0.04836014196356648,0.06617763178282458,0,2,0.008769149945765942,relaxed,attentive,attentive,attentive,relaxed,relaxed
1046,/home/glyc/Documents/PyProjects/catface/data/cat-emotions-3/train/attentive/CAT_01_00000161_025_png.rf.c22f43621191b26180ebfc14cfb13d68.jpg,0,attentive,1.4095672913145438,30.324743252044065,-0.028579077185491474,-0.007676836317085667,0.048858779333362655,0,1,0.001682367152481351,relaxed,relaxed,relaxed,relaxed,uncomfortable,uncomfortable
1047,/home/glyc/Documents/PyProjects/catface/data/cat-emotions-3/train/attentive/CAT_01_00000162_003_png.rf.91a593dd337f1333201eeae5efe84fd5.jpg,4,attentive,1.3642488231298262,33.33978905063136,0.024851512183307816,0.027989597971442612,0.03777561709066321,0,1,-0.003267979565175355,uncomfortable,uncomfortable,uncomfortable,uncomfortable,relaxed,attentive
1048,/home/glyc/Documents/PyProjects/catface/data/cat-emotions-3/train/attentive/CAT_01_00000162_007_png.rf.2753b293e5560ad27d9bbce430f12e8a.jpg,1,attentive,1.4607367092075718,26.55415322506229,0.03376952873816671,0.027294849318115166,0.06757118538895891,0,0,-0.006673167906869448,attentive,attentive,attentive,attentive,uncomfortable,attentive
1049,/home/glyc/Documents/PyProjects/catface/data/cat-emotions-3/train/attentive/CAT_01_00000162_008_png.rf.5c5d85c58b2e62629e43cd7c78f8ff73.jpg,4,attentive,1.287796978482201,37.94428766294066,0.052485754946431776,0.05766605626327192,0.06731351443918673,0,2,-0.001929987701997593,attentive,attentive,relaxed,attentive,relaxed,attentive
1050,/home/glyc/Documents/PyProjects/catface/data/cat-emotions-3/train/attentive/CAT_01_00000163_004_png.rf.ce7f884ac93ef38dc27209376573c846.jpg,1,attentive,1.4758137730636223,25.34521907500538,0.08579697856043443,0.09161051559289456,0.18113477377940834,0,0,-0.01394369952457128,attentive,attentive,uncomfortable,uncomfortable,uncomfortable,attentive
1051,/home/glyc/Documents/PyProjects/catface/data/cat-emotions-3/train/attentive/CAT_01_00000163_014_png.rf.7a5a837e81e1dd7e59c9a81b12b37758.jpg,3,attentive,1.596537002333704,12.130272808142148,0.2023227833986132,0.18175564601938496,0.941324596580705,0,0,-0.04999486227185296,attentive,uncomfortable,attentive,attentive,uncomfortable,uncomfortable
1052,/home/glyc/Documents/PyProjects/catface/data/cat-emotions-3/train/attentive/CAT_01_00000163_017_png.rf.6d74cf341fd9fb5f5469bc265f4bc8e9.jpg,1,attentive,1.3337713670385514,35.238002164049824,-0.03078610883179184,-0.016146744354271873,0.0435806959102671,0,1,0.006037366743985917,attentive,attentive,attentive,relaxed,relaxed,attentive
1053,/home/glyc/Documents/PyProjects/catface/data/cat-emotions-3/train/attentive/CAT_01_00000163_019_png.rf.53a3d6361790a7cfdb7f860cdb0cd1d5.jpg,0,attentive,1.4104145051369725,30.26581734120974,0.09804863128254547,0.08594144255613438,0.16802016030843495,0,1,-0.016911423629349387,attentive,attentive,uncomfortable,uncomfortable,uncomfortable,uncomfortable
1054,/home/glyc/Documents/PyProjects/catface/data/cat-emotions-3/train/attentive/CAT_01_00000163_020_png.rf.d3512aa85909ee8ca87ee918084facb4.jpg,2,attentive,1.2054688938974998,42.42222461798804,-0.09018640829708048,-0.04919328983336581,0.09868981385460854,0,3,0.011200447703633987,attentive,attentive,attentive,attentive,relaxed,uncomfortable
1055,/home/glyc/Documents/PyProjects/catface/data/cat-emotions-3/train/attentive/CAT_01_00000163_021_png.rf.0c90aed80e0339c85b1ca6b46f6c0ad5.jpg,1,attentive,1.689141968148885,0.0,-0.16503913805453363,-0.15491102772208198,,1,0,0.04156540357410109,attentive,attentive,attentive,attentive,uncomfortable,uncomfortable
1056,/home/glyc/Documents/PyProjects/catface/data/cat-emotions-3/train/attentive/CAT_01_00000163_023_png.rf.5a288a75a2e871f93a9500134f5cf925.jpg,4,attentive,1.2922085796937628,37.69184516530742,0.06320465702468446,0.04167103841828497,0.08180132995413444,0,2,-0.0062817815359366425,attentive,attentive,attentive,attentive,relaxed,attentive
1057,/home/glyc/Documents/PyProjects/catface/data/cat-emotions-3/train/attentive/CAT_01_00000164_015_png.rf.f7e312154e71cc3f3695faa4d7e81614.jpg,3,attentive,1.1721210478570752,44.129122248345965,0.15425545139823463,0.11363974695418377,0.15901746754770735,0,3,-0.020938534887291804,uncomfortable,attentive,relaxed,attentive,relaxed,uncomfortable
1058,/home/glyc/Documents/PyProjects/catface/data/cat-emotions-3/train/attentive/CAT_01_00000164_026_png.rf.1ec72c913629fc5af0bfe23adf51442e.jpg,3,attentive,1.3077886740474483,36.788522176036246,-0.0024854389284439267,0.008276732110288709,0.0033237427208028126,0,2,0.0025841001789128626,attentive,relaxed,relaxed,attentive,relaxed,uncomfortable
1059,/home/glyc/Documents/PyProjects/catface/data/cat-emotions-3/train/attentive/CAT_01_00000165_008_png.rf.bff6efd0e3e9d1458405432294337f8b.jpg,4,attentive,1.2592495426327937,39.544761862959994,0.042355775408244624,0.023720065068791662,0.05129995602434057,0,3,-0.006818748057971585,attentive,attentive,attentive,attentive,relaxed,uncomfortable
1060,/home/glyc/Documents/PyProjects/catface/data/cat-emotions-3/train/attentive/CAT_01_00000165_020_png.rf.726d49c5eb5054860cdebcc490f02763.jpg,3,attentive,1.5883674511854795,13.4262618311968,-0.016287143616156997,-0.01936281804980796,0.06822753961930648,0,0,0.00677136762728664,attentive,attentive,attentive,attentive,uncomfortable,relaxed
1061,/home/glyc/Documents/PyProjects/catface/data/cat-emotions-3/train/attentive/CAT_01_00000165_021_png.rf.4f6ab79bc3044a673e07aba673bd5256.jpg,4,attentive,1.6117976834789103,9.242450191282243,0.005455958632045399,0.014384918079582469,0.03352868905425105,0,0,-0.0037437405842605798,attentive,uncomfortable,uncomfortable,uncomfortable,uncomfortable,uncomfortable
1062,/home/glyc/Documents/PyProjects/catface/data/cat-emotions-3/train/attentive/CAT_01_00000165_025_png.rf.6088052747de9a8bcbad0cc8660c1ce5.jpg,4,attentive,1.3618652206224273,33.49165071437583,0.08337432203348688,0.06756756226350828,0.12600475103743006,0,1,-0.015594893217045658,attentive,attentive,attentive,attentive,relaxed,relaxed
1063,/home/glyc/Documents/PyProjects/catface/data/cat-emotions-3/train/attentive/CAT_01_00000166_004_png.rf.f01b83ffbf7b9b8c441cf6748f578d7f.jpg,4,attentive,1.086242478586026,48.30363575030066,0.24831226441609172,0.09643438277630548,0.2212098940236573,0,3,-0.020722921756723772,relaxed,attentive,relaxed,relaxed,relaxed,relaxed
1064,/home/glyc/Documents/PyProjects/catface/data/cat-emotions-3/train/attentive/CAT_01_00000166_008_png.rf.c9da144876a2a2cdff948624fa8a2350.jpg,3,attentive,1.3919447019189766,31.527856271832313,-0.04921862803043077,-0.03215822740971384,0.08022991910666029,0,1,0.009561425023014103,attentive,attentive,attentive,attentive,attentive,relaxed
1065,/home/glyc/Documents/PyProjects/catface/data/cat-emotions-3/train/attentive/CAT_01_00000166_015_png.rf.418b69091bf66e053abb4647322795c9.jpg,1,attentive,1.324186638287507,35.81672944246056,-0.04482324374875364,-0.030461189847555133,0.062110727268913445,0,2,0.005103054211866048,attentive,attentive,relaxed,attentive,relaxed,uncomfortable
1066,/home/glyc/Documents/PyProjects/catface/data/cat-emotions-3/train/attentive/CAT_01_00000166_028_png.rf.48637c0310f15c9fb5ebf10a43b9498c.jpg,0,attentive,1.4193088034215378,29.640796626596416,0.013950681513053134,0.02072659851609784,0.02451697741493479,0,0,-0.007169140618480063,attentive,uncomfortable,uncomfortable,uncomfortable,uncomfortable,relaxed
1067,/home/glyc/Documents/PyProjects/catface/data/cat-emotions-3/train/attentive/CAT_01_00000167_006_png.rf.deea30622998785ae34f9c9943192571.jpg,0,attentive,1.4388794383810806,28.221328017082513,-0.054960114426027905,-0.0505461466362015,0.10240862627041478,0,0,0.0077823982472081665,attentive,uncomfortable,relaxed,relaxed,uncomfortable,relaxed
1068,/home/glyc/Documents/PyProjects/catface/data/cat-emotions-3/train/attentive/CAT_01_00000167_009_png.rf.352d01f6a7fa9e0913166a7426e6950f.jpg,2,attentive,1.301847498829982,37.13520382435199,0.02635956033274362,0.013880915072847793,0.03480911108876142,0,2,-0.002736268906829903,relaxed,relaxed,attentive,relaxed,relaxed,uncomfortable
1069,/home/glyc/Documents/PyProjects/catface/data/cat-emotions-3/train/attentive/CAT_01_00000167_010_png.rf.f60abfad8c68786111480f69090e780f.jpg,4,attentive,1.544517913787623,18.947343146936962,0.0062267883893049845,-0.002129929198210183,0.018138040979217902,0,0,-0.0025545171588409743,attentive,attentive,attentive,attentive,uncomfortable,attentive
1070,/home/glyc/Documents/PyProjects/catface/data/cat-emotions-3/train/attentive/CAT_01_00000168_007_png.rf.8479e76e99376cdbbc3ca3e49450d478.jpg,2,attentive,1.5075442862867343,22.605127535396363,0.02605353018350549,0.03061634134102671,0.06257380185135962,0,0,-0.00404050987547408,attentive,uncomfortable,uncomfortable,uncomfortable,uncomfortable,relaxed
1071,/home/glyc/Documents/PyProjects/catface/data/cat-emotions-3/train/attentive/CAT_01_00000168_023_png.rf.765b46aa127ba2c299588b2669cc7707.jpg,1,attentive,1.272899672034414,38.78642940614933,0.22593516221684634,0.17918169107131315,0.2811430018432472,0,2,-0.035668800360995484,attentive,attentive,attentive,attentive,relaxed,relaxed
1072,/home/glyc/Documents/PyProjects/catface/data/cat-emotions-3/train/attentive/CAT_01_00000169_001_png.rf.b9410ecdfbeb7d53d972579fca3f2034.jpg,0,attentive,1.280138790445365,38.3791558394806,0.13587707573693816,0.10489999726519263,0.17156238314641348,0,2,-0.01524482720551601,attentive,attentive,attentive,attentive,relaxed,attentive
1073,/home/glyc/Documents/PyProjects/catface/data/cat-emotions-3/train/attentive/CAT_01_00000169_004_png.rf.8cb114b6d885d93b03d055fd46fb5d1f.jpg,1,attentive,1.7350416953926522,0.0,-0.08050223159936629,-0.07486476085963836,,1,0,0.020732429552900306,attentive,attentive,attentive,attentive,uncomfortable,relaxed
1074,/home/glyc/Documents/PyProjects/catface/data/cat-emotions-3/train/attentive/CAT_01_00000169_010_png.rf.dc4141f5cb3f39293dd4eca58db9860c.jpg,3,attentive,1.495148583522732,23.711049903653233,0.04705203519096724,0.04856295531669215,0.10713138646869338,0,0,-0.011513514647341822,attentive,attentive,attentive,attentive,uncomfortable,attentive
1075,/home/glyc/Documents/PyProjects/catface/data/cat-emotions-3/train/attentive/CAT_01_00000169_026_png.rf.043ba8d1812dcfe5745dc8f919875f5c.jpg,1,attentive,1.3931495790958628,31.446918595197502,-0.02690711314710442,-0.029747350286729125,0.043999865913722555,0,1,0.002216833261788148,attentive,attentive,attentive,attentive,attentive,attentive
1076,/home/glyc/Documents/PyProjects/catface/data/cat-emotions-3/train/attentive/CAT_01_00000169_028_png.rf.08d3c435df3098e142895bac5eb69c4b.jpg,0,attentive,2.0082042559989373,0.0,-0.08633950070539281,-0.0806605734378129,,1,0,0.022639436844982527,attentive,uncomfortable,uncomfortable,attentive,uncomfortable,attentive
1077,/home/glyc/Documents/PyProjects/catface/data/cat-emotions-3/train/attentive/CAT_01_00000169_029_png.rf.0e866c95a7fe1d3f2a7004fedcceac68.jpg,1,attentive,1.2796748073274553,38.40536893008299,0.02846603743770167,0.02899163673641991,0.03590828811456647,0,2,-0.002265037111246898,relaxed,relaxed,attentive,relaxed,relaxed,attentive
1078,/home/glyc/Documents/PyProjects/catface/data/cat-emotions-3/train/attentive/CAT_01_00000170_007_png.rf.7ec39241b6b60ca830a79c591dc362c2.jpg,3,attentive,1.4209706573999896,29.522683597804726,-0.01162495866302718,-0.012751716719759686,0.020528077847145994,0,0,-0.0002977279411548184,attentive,attentive,attentive,attentive,uncomfortable,attentive
1079,/home/glyc/Documents/PyProjects/catface/data/cat-emotions-3/train/attentive/CAT_01_00000170_008_png.rf.53bc890bb0601d99562fae210df915d5.jpg,4,attentive,1.2810266099369942,38.32895552085661,-0.03407892167541099,-0.011073844290919831,0.04310659256679323,0,2,0.00406608993451138,attentive,attentive,attentive,attentive,relaxed,attentive
1080,/home/glyc/Documents/PyProjects/catface/data/cat-emotions-3/train/attentive/CAT_01_00000170_013_png.rf.2ba217c3cd0b9e9dcc5923ea6d24bc1e.jpg,4,attentive,1.4197783645182847,29.607466925496116,0.010527283075458926,0.022911424904306612,0.018525747615193634,0,0,-0.0035621487289707876,attentive,attentive,attentive,attentive,uncomfortable,uncomfortable
1081,/home/glyc/Documents/PyProjects/catface/data/cat-emotions-3/train/attentive/CAT_01_00000170_021_png.rf.ced6857c54b659b2e5e2df26b96a50e2.jpg,1,attentive,1.4535627706192231,27.11177973607447,-0.014371393937627657,-0.00726031879648651,0.028069933940892113,0,0,0.002504133699485961,relaxed,uncomfortable,uncomfortable,uncomfortable,uncomfortable,uncomfortable
1082,/home/glyc/Documents/PyProjects/catface/data/cat-emotions-3/train/attentive/CAT_01_00000170_026_png.rf.e158cb76ebc65e112fca4da54ba610f2.jpg,1,attentive,1.3182552351007504,36.170841950403954,-0.03369327651811975,-0.025291364838765706,0.04608521545606664,0,2,0.006030381984032385,relaxed,relaxed,relaxed,relaxed,relaxed,relaxed
1083,/home/glyc/Documents/PyProjects/catface/data/cat-emotions-3/train/attentive/CAT_01_00000171_003_png.rf.fd36aef6dbffb3b4341a3829603d86a5.jpg,1,attentive,1.398487105246855,31.086095772586372,0.03393824717036245,0.017185098564974865,0.05629095629313942,0,1,-0.00593581893741843,uncomfortable,relaxed,attentive,relaxed,uncomfortable,relaxed
1084,/home/glyc/Documents/PyProjects/catface/data/cat-emotions-3/train/attentive/CAT_01_00000171_017_png.rf.cb27e95be7d0d7e082caf46dd17948be.jpg,3,attentive,1.2408207604614028,40.54971387380539,0.1307737675612092,0.12078579861084973,0.15284766059714072,0,3,-0.019933731274823646,relaxed,relaxed,attentive,relaxed,relaxed,attentive
1085,/home/glyc/Documents/PyProjects/catface/data/cat-emotions-3/train/attentive/CAT_01_00000171_020_png.rf.8f259918ffb81332b13aaf75a8ebda69.jpg,4,attentive,1.689590842838195,0.0,-0.12707011909149868,-0.11531750658547238,,1,0,0.03547432750135361,attentive,attentive,attentive,attentive,uncomfortable,relaxed
1086,/home/glyc/Documents/PyProjects/catface/data/cat-emotions-3/train/attentive/CAT_01_00000172_015_png.rf.aafd4fed67593cd3edaee6d59a493ef0.jpg,4,attentive,1.2728604008666178,38.788628963819285,0.011175327113734118,0.008132614978756473,0.013904953861158621,0,2,-0.004141960126061273,relaxed,attentive,attentive,relaxed,relaxed,relaxed
1087,/home/glyc/Documents/PyProjects/catface/data/cat-emotions-3/train/attentive/CAT_01_00000172_020_png.rf.6005d71378e43dee07a9dd74709f90a4.jpg,0,attentive,1.2580435155217402,39.611177080467385,-0.008118625697499165,0.008791149648321872,0.009809835651022078,0,3,-4.830310344347555e-05,attentive,relaxed,attentive,attentive,relaxed,uncomfortable
1088,/home/glyc/Documents/PyProjects/catface/data/cat-emotions-3/train/attentive/CAT_01_00000172_022_png.rf.f1783d4ec94a20ce1ce2821d3629173b.jpg,3,attentive,1.4481357161692276,27.52667537748101,-0.030748273870623392,-0.0019495893382912735,0.058999802035524025,0,0,0.005076624168690341,uncomfortable,uncomfortable,uncomfortable,uncomfortable,uncomfortable,uncomfortable
1089,/home/glyc/Documents/PyProjects/catface/data/cat-emotions-3/train/attentive/CAT_01_00000172_024_png.rf.b397f0500f63353365d188c1c5d200f5.jpg,0,attentive,1.6896541180628573,0.0,-0.05033662049986685,-0.04653728183365917,,1,0,0.011475114507006223,attentive,uncomfortable,uncomfortable,uncomfortable,uncomfortable,relaxed
1090,/home/glyc/Documents/PyProjects/catface/data/cat-emotions-3/train/attentive/CAT_01_00000173_006_png.rf.a7f4682041515c198c6efb1c72ac00e6.jpg,3,attentive,1.410065016681089,30.29013773774596,-0.021051547805328513,-0.01702166867656454,0.036039645981978466,0,1,0.0027598539948128498,attentive,attentive,attentive,attentive,uncomfortable,uncomfortable
1091,/home/glyc/Documents/PyProjects/catface/data/cat-emotions-3/train/attentive/CAT_01_00000173_019_png.rf.9bea1c33e3c0825e32e1e5c4e317d1ec.jpg,2,attentive,1.5192921374500332,21.507456922119715,-0.015079263351822829,-0.010599361248915884,0.03826633446298426,0,0,0.0017896602236226467,attentive,attentive,attentive,attentive,uncomfortable,relaxed
1092,/home/glyc/Documents/PyProjects/catface/data/cat-emotions-3/train/attentive/CAT_01_00000173_020_png.rf.de2d2cb188357cd11aaaf8b1a867b9fe.jpg,2,attentive,1.1310538832008372,46.161805301567405,-0.031560618548514066,-0.024865154544230685,0.030305957738202858,0,3,0.0016257617394933588,attentive,attentive,attentive,attentive,relaxed,attentive
1093,/home/glyc/Documents/PyProjects/catface/data/cat-emotions-3/train/attentive/CAT_01_00000174_004_png.rf.e60fa1a3054ac9a2025c3b08edf6e74e.jpg,0,attentive,1.2973995183152793,37.392950795016496,-0.038880528147445345,-0.039167555627966685,0.05086658871760571,0,2,0.007706599293673011,attentive,attentive,attentive,attentive,relaxed,relaxed
1094,/home/glyc/Documents/PyProjects/catface/data/cat-emotions-3/train/attentive/CAT_01_00000174_008_png.rf.92c8eac572082c9e7e157d9c9bf53194.jpg,1,attentive,1.3457495884103166,34.50290161004177,-0.011835498259144492,0.003071737376924468,0.017218888662293475,0,1,0.005905635517058888,uncomfortable,attentive,attentive,attentive,relaxed,uncomfortable
1095,/home/glyc/Documents/PyProjects/catface/data/cat-emotions-3/train/attentive/CAT_01_00000174_011_png.rf.010e8f3b3a690a4e78ef061c52fb8173.jpg,3,attentive,1.3404581935463826,34.82930410382602,-0.00038861303907020356,0.0092905399341493,0.0005585311138361843,0,1,-0.0046265258521615005,attentive,attentive,attentive,attentive,relaxed,relaxed
1096,/home/glyc/Documents/PyProjects/catface/data/cat-emotions-3/train/attentive/CAT_01_00000174_012_png.rf.f753edef1bbc9084bfca431c23bdc41f.jpg,2,attentive,1.4094938054505521,30.329849500609036,0.002082499476577632,-0.009849275916564154,0.0035595123770510682,0,1,0.00319414386113398,attentive,attentive,attentive,attentive,attentive,attentive
1097,/home/glyc/Documents/PyProjects/catface/data/cat-emotions-3/train/attentive/CAT_01_00000174_015_png.rf.f4d8f341653f6a82f347d5eaf502a3e0.jpg,2,attentive,1.4229363966404116,29.38241498670893,-0.03619517636551775,-0.027733980484491015,0.064282212385224,0,0,0.0035390421102776404,attentive,uncomfortable,relaxed,uncomfortable,uncomfortable,uncomfortable
1098,/home/glyc/Documents/PyProjects/catface/data/cat-emotions-3/train/attentive/CAT_01_00000175_011_png.rf.0a6ad0bf829b3d29b3655c3f26942633.jpg,2,attentive,1.3177772900358202,36.19924547854728,-0.015142077855092884,-0.027348016262624928,0.020689597433937265,0,2,0.003597054410753253,attentive,attentive,attentive,attentive,relaxed,relaxed
1099,/home/glyc/Documents/PyProjects/catface/data/cat-emotions-3/train/attentive/CAT_01_00000175_012_png.rf.4c9034354284fdec795c1e9fdcdf6bad.jpg,3,attentive,1.2873028661734214,37.97247309916351,0.05159535427045532,0.04536821806718915,0.06610447973033959,0,2,-0.008225817662142365,uncomfortable,relaxed,relaxed,attentive,relaxed,relaxed
1100,/home/glyc/Documents/PyProjects/catface/data/cat-emotions-3/train/attentive/CAT_01_00000176_003_png.rf.8cc88028a0f15ce4941e538ac1069011.jpg,1,attentive,1.3287857659753206,35.54005480263607,0.052048635526235405,0.05098378101859657,0.07286169850839215,0,2,-0.007008143333257694,uncomfortable,attentive,attentive,relaxed,relaxed,attentive
1101,/home/glyc/Documents/PyProjects/catface/data/cat-emotions-3/train/attentive/CAT_01_00000177_013_png.rf.3198acc22b352d4339a9548a35324521.jpg,4,attentive,1.273608082893694,38.74673362057021,-0.007020266586805917,-0.006380684387013501,0.008748092494500127,0,2,0.0024273812382613336,relaxed,relaxed,relaxed,relaxed,relaxed,uncomfortable
1102,/home/glyc/Documents/PyProjects/catface/data/cat-emotions-3/train/attentive/CAT_01_00000177_014_png.rf.95b76bc37cb9b98f50f3f9decdf5ab14.jpg,2,attentive,1.2129388960098335,42.032244630969615,0.05131809614086087,0.0013018926509448675,0.056930056559365415,0,3,-0.008537190512660331,relaxed,relaxed,relaxed,uncomfortable,relaxed,relaxed
1103,/home/glyc/Documents/PyProjects/catface/data/cat-emotions-3/train/attentive/CAT_01_00000177_016_png.rf.558a47f457186b735657974aeac4881c.jpg,3,attentive,1.3957447256928952,31.271951081887075,0.0024555675611987065,0.011112792957233894,0.004043156639283497,0,1,0.0005727095028863483,attentive,attentive,attentive,attentive,attentive,attentive
1104,/home/glyc/Documents/PyProjects/catface/data/cat-emotions-3/train/attentive/CAT_01_00000177_018_png.rf.0fb032640edf665a37f61044da3d4c2b.jpg,4,attentive,1.6707356558185986,0.0,-0.03153349945590535,-0.03319042828145719,,1,0,0.005983659265229355,uncomfortable,uncomfortable,uncomfortable,uncomfortable,uncomfortable,attentive
1105,/home/glyc/Documents/PyProjects/catface/data/cat-emotions-3/train/attentive/CAT_01_00000178_000_png.rf.511968ecbb8280e07dba4bb545644ed7.jpg,0,attentive,1.2437386456353348,40.391981896147385,-0.13002023863120832,-0.10276632728540161,0.15281658679226973,0,3,0.01668983089321227,attentive,relaxed,attentive,relaxed,relaxed,uncomfortable
1106,/home/glyc/Documents/PyProjects/catface/data/cat-emotions-3/train/attentive/CAT_01_00000178_003_png.rf.5457b60a2a554aabcc3479c8978f770c.jpg,3,attentive,1.3868375801296966,31.868879976612455,-0.01943896822172355,-0.01844290083257388,0.0312678510527337,0,1,0.005434824510327424,relaxed,relaxed,relaxed,relaxed,attentive,attentive
1107,/home/glyc/Documents/PyProjects/catface/data/cat-emotions-3/train/attentive/CAT_01_00000178_004_png.rf.1b8983f5512cba80d1e45db2d8bee276.jpg,1,attentive,1.1366138414645348,45.89073457534099,0.008489759419676295,0.010541185892616189,0.008229811824582154,0,3,-0.0011730386796844905,relaxed,uncomfortable,uncomfortable,relaxed,relaxed,relaxed
1108,/home/glyc/Documents/PyProjects/catface/data/cat-emotions-3/train/attentive/CAT_01_00000178_005_png.rf.f216726e3491e1e3aa403c356fe2a1b5.jpg,3,attentive,1.451285110911564,27.286614813580865,-0.03056800871152905,-0.024104905135547434,0.05925839471731431,0,0,0.007274692360151186,attentive,attentive,attentive,attentive,uncomfortable,uncomfortable
1109,/home/glyc/Documents/PyProjects/catface/data/cat-emotions-3/train/attentive/CAT_01_00000178_014_png.rf.50875e42d31f65068ccc34068d803c77.jpg,4,attentive,1.5991330169395765,11.68890262981735,0.008970311413611955,0.023827808565033855,0.04335828464611994,0,0,-3.792950817671503e-05,attentive,uncomfortable,uncomfortable,uncomfortable,uncomfortable,relaxed
1110,/home/glyc/Documents/PyProjects/catface/data/cat-emotions-3/train/attentive/CAT_01_00000178_026_png.rf.c125f47cab1d3672c706c416701bea4a.jpg,0,attentive,1.0563563005328458,49.69310478471208,-0.0010520762930026212,-0.02969696044630283,0.0008924432744452312,0,3,0.001994343866234094,uncomfortable,uncomfortable,uncomfortable,uncomfortable,relaxed,attentive
1111,/home/glyc/Documents/PyProjects/catface/data/cat-emotions-3/train/attentive/CAT_01_00000179_007_png.rf.14ca96eb1d126945365cd75cb88ac043.jpg,3,attentive,0.9525672596280341,54.31530965004328,0.0794633433713013,-0.03386389536156278,0.057068014461720266,0,3,0.0026056981466910933,relaxed,relaxed,attentive,relaxed,relaxed,relaxed
1112,/home/glyc/Documents/PyProjects/catface/data/cat-emotions-3/train/attentive/CAT_01_00000179_020_png.rf.f1bc999ac0cd6a8e57345492baf22f5d.jpg,0,attentive,1.3036043830746298,37.03297517941077,-0.06527428164105319,-0.05852890230290611,0.08651825226657875,0,2,0.012150066605996573,attentive,relaxed,attentive,relaxed,relaxed,relaxed
1113,/home/glyc/Documents/PyProjects/catface/data/cat-emotions-3/train/attentive/CAT_01_00000179_024_png.rf.d85f093722825773b54cb7b1bde25768.jpg,3,attentive,1.4538587364933648,27.08898462254153,-0.04621429828585,-0.049009712498016396,0.09035348807046613,0,0,0.009853011971087178,attentive,uncomfortable,relaxed,relaxed,uncomfortable,relaxed
1114,/home/glyc/Documents/PyProjects/catface/data/cat-emotions-3/train/attentive/CAT_01_00000179_026_png.rf.2e1aebe64864606ea5b1404d20f73932.jpg,2,attentive,1.1917773126637505,43.12958172936194,0.26110264655038373,0.21242127616326184,0.27873178120761744,0,3,-0.030871319913785708,attentive,attentive,attentive,relaxed,relaxed,uncomfortable
1115,/home/glyc/Documents/PyProjects/catface/data/cat-emotions-3/train/attentive/CAT_01_00000179_027_png.rf.2b7e40a5d6b1e98c003eff267cab02e1.jpg,3,attentive,1.3138726420654803,36.43057654501828,-0.11405868531712311,-0.09361278354979588,0.15453271148956726,0,2,0.020881182955845845,uncomfortable,attentive,attentive,relaxed,relaxed,uncomfortable
1116,/home/glyc/Documents/PyProjects/catface/data/cat-emotions-3/train/attentive/CAT_01_00000179_029_png.rf.d72dd5997a1a040b18fa5adf6caab3c0.jpg,0,attentive,1.3639969740379991,33.35586348106568,-0.020469394391048504,-0.013819547071176316,0.031095562003269087,0,1,0.0019263743062056804,uncomfortable,uncomfortable,uncomfortable,relaxed,relaxed,relaxed
1117,/home/glyc/Documents/PyProjects/catface/data/cat-emotions-3/train/attentive/CAT_01_00000180_004_png.rf.80ef1c2adc1ff517955a6805a6d5f722.jpg,0,attentive,1.2635052946439873,39.309650682765636,0.027880149428611556,-0.0003604317530860265,0.034051182972075184,0,3,0.0007784353881702677,uncomfortable,uncomfortable,uncomfortable,relaxed,relaxed,relaxed
1118,/home/glyc/Documents/PyProjects/catface/data/cat-emotions-3/train/attentive/CAT_01_00000180_021_png.rf.3e80f2a8d2869a386776bf21a5489709.jpg,2,attentive,1.4619293530452726,26.460394911809246,0.009748023975021636,-0.0041396597312300535,0.019585403008752486,0,0,0.0025551072807425967,uncomfortable,uncomfortable,uncomfortable,uncomfortable,uncomfortable,attentive
1119,/home/glyc/Documents/PyProjects/catface/data/cat-emotions-3/train/attentive/CAT_01_00000181_007_png.rf.3050bdd63c00ed0383faccd2e3656c1a.jpg,3,attentive,1.7861754786482824,0.0,-0.013637442134491156,-0.011482215840145265,,1,0,0.005198425044624505,attentive,uncomfortable,uncomfortable,uncomfortable,uncomfortable,attentive
1120,/home/glyc/Documents/PyProjects/catface/data/cat-emotions-3/train/attentive/CAT_01_00000181_012_png.rf.9ae863aa9630217e4985260690902a15.jpg,1,attentive,1.2153743379857374,41.90446238579548,0.3007179436704137,0.22291162073487125,0.3351031164998587,0,3,-0.040408593699536255,attentive,attentive,attentive,attentive,relaxed,relaxed
1121,/home/glyc/Documents/PyProjects/catface/data/cat-emotions-3/train/attentive/CAT_01_00000181_013_png.rf.86cafd58949b72fc56705df9f04ee3c9.jpg,2,attentive,1.2774872988792827,38.52875078906268,0.032274477327416076,0.025402477398484495,0.04053281377304576,0,2,-0.0025148764464240636,relaxed,relaxed,attentive,relaxed,relaxed,relaxed
1122,/home/glyc/Documents/PyProjects/catface/data/cat-emotions-3/train/attentive/CAT_01_00000182_010_png.rf.ae9adcd8f808c50932ce2c0d999eec60.jpg,4,attentive,1.6322454441549523,1.7395450398080594,0.06305847270152773,0.0632681853907282,,0,0,-0.016553355550451565,attentive,uncomfortable,uncomfortable,relaxed,uncomfortable,relaxed
1123,/home/glyc/Documents/PyProjects/catface/data/cat-emotions-3/train/attentive/CAT_01_00000182_020_png.rf.e6b3cd62038d777ef8890231b50b1b13.jpg,2,attentive,1.3153083069191684,36.345668105179186,0.04328563781812466,0.02047154028962001,0.0588279220465158,0,2,-0.004053096725684102,relaxed,attentive,attentive,attentive,relaxed,relaxed
1124,/home/glyc/Documents/PyProjects/catface/data/cat-emotions-3/train/attentive/CAT_01_00000183_012_png.rf.b96e5dc26eede9e891ede5643056eaa1.jpg,1,attentive,1.2354405703603168,40.83922859235718,0.051532600857469184,0.023165248178654858,0.059618520814113674,0,3,-0.005293049343662259,relaxed,relaxed,relaxed,relaxed,relaxed,relaxed
1125,/home/glyc/Documents/PyProjects/catface/data/cat-emotions-3/train/attentive/CAT_01_00000183_013_png.rf.24c124ec038dcd73030ceabe0cad0e68.jpg,4,attentive,1.207600269492069,42.31125129164342,0.08365031087042099,0.04290535354920578,0.09189423301925749,0,3,-0.00842477316328022,relaxed,attentive,attentive,attentive,relaxed,relaxed
1126,/home/glyc/Documents/PyProjects/catface/data/cat-emotions-3/train/attentive/CAT_01_00000183_027_png.rf.afb5c5f512cdda4097bca309a427c9c1.jpg,3,attentive,1.4298277451821881,28.88577383671614,-0.03633666367716174,-0.04185056008288621,0.0658623986199939,0,0,0.005143526702759527,uncomfortable,attentive,relaxed,attentive,uncomfortable,relaxed
1127,/home/glyc/Documents/PyProjects/catface/data/cat-emotions-3/train/attentive/CAT_01_00000183_028_png.rf.680ed7deda150c8491efbc7a391a1abf.jpg,3,attentive,1.2576933355353976,39.63044386715333,-0.050511938712653734,-0.043264879052133956,0.060992431187899,0,3,0.006700274134504219,relaxed,relaxed,relaxed,relaxed,relaxed,relaxed
1128,/home/glyc/Documents/PyProjects/catface/data/cat-emotions-3/train/attentive/CAT_01_00000184_002_png.rf.ce005dddda28aec8e13a7f1a91c9a0e6.jpg,2,attentive,1.314496788305591,36.3936841124981,0.20788986943415516,0.17586649876364543,0.28204004532858323,0,2,-0.029623602388705123,attentive,attentive,attentive,attentive,relaxed,relaxed
1129,/home/glyc/Documents/PyProjects/catface/data/cat-emotions-3/train/attentive/CAT_01_00000184_024_png.rf.9831d245f73378426e9d0a64cf893571.jpg,3,attentive,1.2662471926933392,39.157547215164925,-0.003025711722428914,-0.012682024832498865,0.0037155064544855737,0,3,0.0011131707253035361,uncomfortable,relaxed,relaxed,relaxed,relaxed,relaxed
1130,/home/glyc/Documents/PyProjects/catface/data/cat-emotions-3/train/relaxed/00000001_024_png.rf.cfa8d0b130c694b03bba65fe1d304ada.jpg,2,relaxed,1.3791919473640049,32.37339732233986,0.016879774877362048,0.008492366704152,0.02662558647949639,0,1,-0.0027425551196852416,relaxed,relaxed,relaxed,relaxed,attentive,relaxed
1131,/home/glyc/Documents/PyProjects/catface/data/cat-emotions-3/train/relaxed/00000001_027_png.rf.c3bbed7b9cd96f755ae01781e5ac1ff7.jpg,0,relaxed,1.7210681686669371,0.0,-0.005871240284101217,-0.019529431262335605,,1,0,0.0016948367913089957,relaxed,uncomfortable,uncomfortable,uncomfortable,uncomfortable,relaxed
1132,/home/glyc/Documents/PyProjects/catface/data/cat-emotions-3/train/relaxed/00000003_007_png.rf.2b1f0158a4deb68c7825d75e67d8f46b.jpg,4,relaxed,1.2436835846829744,40.39496304375423,0.11141882398632828,0.08055144873476609,0.1309399958270815,0,3,-0.013462890040059766,uncomfortable,attentive,attentive,attentive,relaxed,relaxed
1133,/home/glyc/Documents/PyProjects/catface/data/cat-emotions-3/train/relaxed/00000003_009_png.rf.409d97eb1f6e893451dc04b5c255aa7f.jpg,0,relaxed,1.1847939320073189,43.48679569865866,-0.0072998038868291645,0.004737187223871471,0.007695939535653198,0,3,0.002357360488767446,attentive,relaxed,attentive,relaxed,relaxed,relaxed
1134,/home/glyc/Documents/PyProjects/catface/data/cat-emotions-3/train/relaxed/00000003_013_png.rf.abd3282757d629ed11594ed4d6411159.jpg,4,relaxed,1.2486248336451664,40.12669972924606,-0.09808262858270242,-0.07060630904111574,0.11636676331066981,0,3,0.009421965961517814,attentive,attentive,attentive,relaxed,relaxed,relaxed
1135,/home/glyc/Documents/PyProjects/catface/data/cat-emotions-3/train/relaxed/00000003_024_png.rf.13da200613a4ac132b4cb20356e0593f.jpg,4,relaxed,1.281953344732781,38.27649538346024,0.06716790842216104,0.05481765154225268,0.08512109374319872,0,2,-0.009901680464979218,attentive,attentive,attentive,attentive,relaxed,uncomfortable
1136,/home/glyc/Documents/PyProjects/catface/data/cat-emotions-3/train/relaxed/00000004_008_png.rf.9338cf86e041650733cd51410545a771.jpg,0,relaxed,1.2491594988786938,40.09758314487587,-0.031687738953854544,-0.0333049494720427,0.03763362157338852,0,3,0.005107081003497688,relaxed,relaxed,attentive,attentive,relaxed,uncomfortable
1137,/home/glyc/Documents/PyProjects/catface/data/cat-emotions-3/train/relaxed/00000005_001_png.rf.d2010c2e830862f2c0906c1cb44de5a1.jpg,4,relaxed,1.3662344181963468,33.21281618309528,0.008358158771711198,-0.004515790780606388,0.012766371934283418,0,1,-0.0023411357221228835,uncomfortable,uncomfortable,uncomfortable,relaxed,relaxed,uncomfortable
1138,/home/glyc/Documents/PyProjects/catface/data/cat-emotions-3/train/relaxed/00000005_017_png.rf.9973c8adf49c6a054ae5c31877120e2b.jpg,0,relaxed,1.3803325303831928,32.29857951487013,-0.03238367862381966,-0.035859561350273635,0.051228726033353336,0,1,0.006552317342036151,uncomfortable,relaxed,relaxed,relaxed,attentive,uncomfortable
1139,/home/glyc/Documents/PyProjects/catface/data/cat-emotions-3/train/relaxed/00000006_008_png.rf.6add04f240c27106cab46beb155bf539.jpg,4,relaxed,1.30460653580969,36.97455404037049,-0.03303654201286041,-0.04510864961333403,0.043881506126708644,0,2,0.004900411230856411,relaxed,attentive,attentive,relaxed,relaxed,uncomfortable
1140,/home/glyc/Documents/PyProjects/catface/data/cat-emotions-3/train/relaxed/00000006_009_png.rf.2b521883708435734883caec52af1744.jpg,0,relaxed,1.3598552204106833,33.61923858500803,0.0520214896237817,0.03499220055190365,0.0782416266555713,0,1,-0.009983370788068074,attentive,uncomfortable,uncomfortable,uncomfortable,relaxed,uncomfortable
1141,/home/glyc/Documents/PyProjects/catface/data/cat-emotions-3/train/relaxed/00000006_013_png.rf.aed6ce46f8f82c363fab312e3ecab64e.jpg,0,relaxed,1.2952605279667404,37.51635985683258,-0.005733920997129754,-0.025668150260695743,0.007468175088480386,0,2,0.0009914959700171866,attentive,attentive,attentive,attentive,relaxed,attentive
1142,/home/glyc/Documents/PyProjects/catface/data/cat-emotions-3/train/relaxed/00000007_012_png.rf.30d2f2682c638b5801d4438ffafc728f.jpg,1,relaxed,1.4734263294452912,25.5402024327754,-0.008496166087286943,-0.006926221944529611,0.017780464836826784,0,0,0.0001278642828358989,attentive,attentive,relaxed,attentive,uncomfortable,relaxed
1143,/home/glyc/Documents/PyProjects/catface/data/cat-emotions-3/train/relaxed/00000008_002_png.rf.f8bbd3ce19731126ce40f36b468d0242.jpg,3,relaxed,1.1596981465737293,44.75165274978749,-0.01721272432413796,-0.03386972919745849,0.01736259117957859,0,3,-0.003408766025174176,relaxed,relaxed,relaxed,relaxed,relaxed,relaxed
1144,/home/glyc/Documents/PyProjects/catface/data/cat-emotions-3/train/relaxed/00000008_028_png.rf.1ff088c7fe470301598aee871a9d5f97.jpg,0,relaxed,1.3655669182743375,33.25554867773646,-0.15282098241053862,-0.13531604492496188,0.23304151301043374,0,1,0.025140942383664655,attentive,relaxed,attentive,relaxed,attentive,relaxed
1145,/home/glyc/Documents/PyProjects/catface/data/cat-emotions-3/train/relaxed/00000009_015_png.rf.d100ef7cde30c6bca585c36e1543a953.jpg,4,relaxed,1.3080691918764478,36.77208401771838,-0.031714699578863026,-0.04164056832109508,0.04243700486539961,0,2,0.004025751538976413,attentive,attentive,attentive,attentive,relaxed,attentive
1146,/home/glyc/Documents/PyProjects/catface/data/cat-emotions-3/train/relaxed/00000009_016_png.rf.f0b57081e7e730e3006b7d00f29d57a1.jpg,1,relaxed,1.421143729438926,29.510358118957555,-0.25422652046314526,-0.26108695110426156,0.44915437397362884,0,0,0.04069175074365185,uncomfortable,uncomfortable,relaxed,attentive,uncomfortable,relaxed
1147,/home/glyc/Documents/PyProjects/catface/data/cat-emotions-3/train/relaxed/00000010_000_png.rf.55f626ce9fc061aad6850080a6e67637.jpg,4,relaxed,1.2561202995623428,39.71689549028204,0.017672105653889696,-0.0001374440728882118,0.02127338692984862,0,3,-0.002049652818527814,uncomfortable,attentive,attentive,attentive,relaxed,relaxed
1148,/home/glyc/Documents/PyProjects/catface/data/cat-emotions-3/train/relaxed/00000010_027_png.rf.a75dc4b5afb76b79a3c9bc0fc0760e26.jpg,3,relaxed,1.2643560482435094,39.262509032449756,0.011671989983275238,0.0034065966740943763,0.014279438262735015,0,3,-0.0033492969187375043,relaxed,relaxed,relaxed,relaxed,relaxed,relaxed
1149,/home/glyc/Documents/PyProjects/catface/data/cat-emotions-3/train/relaxed/00000010_029_png.rf.040ee9e1bf428f522d7355f724ac99ee.jpg,2,relaxed,1.205647168132733,42.41295151877366,-0.0054122655849185965,0.005650874005639315,0.005924497069543292,0,3,0.0018252291965736855,relaxed,relaxed,attentive,relaxed,relaxed,relaxed
1150,/home/glyc/Documents/PyProjects/catface/data/cat-emotions-3/train/relaxed/00000011_007_png.rf.e7f9c2f9bc432a571aef81d55bcb513d.jpg,3,relaxed,1.2388916497480857,40.653717546671565,-0.13237217358521458,-0.10097299909534758,0.1541485432396527,0,3,0.03205277495948658,uncomfortable,attentive,attentive,relaxed,relaxed,uncomfortable
1151,/home/glyc/Documents/PyProjects/catface/data/cat-emotions-3/train/relaxed/00000011_014_png.rf.ccd8c66f216086cfeb292e5aa0e30401.jpg,2,relaxed,1.2395982398719623,40.615648879543414,-0.04225277130916143,-0.028520460624641548,0.049269913550898964,0,3,0.006218539970036324,relaxed,attentive,attentive,attentive,relaxed,uncomfortable
1152,/home/glyc/Documents/PyProjects/catface/data/cat-emotions-3/train/relaxed/00000011_015_png.rf.a8936fbda6420ad5f203d4b3a54b9790.jpg,4,relaxed,1.3313936155539603,35.38233789288499,0.016376819908154792,0.02615220147403718,0.023059475061825263,0,2,-0.003013193517663909,attentive,attentive,attentive,attentive,relaxed,uncomfortable
1153,/home/glyc/Documents/PyProjects/catface/data/cat-emotions-3/train/relaxed/00000013_005_png.rf.53d8d149ee515dcfd4fb8675cac1a712.jpg,0,relaxed,1.0652802207090846,49.28126237949628,-0.017619773535642997,-0.02868115516967859,0.01516542432499655,0,3,0.001631507617222444,uncomfortable,relaxed,uncomfortable,relaxed,relaxed,uncomfortable
1154,/home/glyc/Documents/PyProjects/catface/data/cat-emotions-3/train/relaxed/00000013_029_png.rf.da750aa9c877cc67de7df5029ac6bd24.jpg,0,relaxed,1.2068363892411336,42.351050989412656,0.0002632209408838637,0.006321364379292536,0.00028875875092259273,0,3,-0.0017081431756387488,attentive,attentive,attentive,attentive,relaxed,relaxed
1155,/home/glyc/Documents/PyProjects/catface/data/cat-emotions-3/train/relaxed/00000014_001_png.rf.75aefef5140419d4bc478453e4c9e09a.jpg,1,relaxed,1.552321869490048,18.085135818966894,0.1288650717200649,0.1026551695531907,0.39460982518014215,0,0,-0.02354466215756429,attentive,uncomfortable,relaxed,uncomfortable,uncomfortable,uncomfortable
1156,/home/glyc/Documents/PyProjects/catface/data/cat-emotions-3/train/relaxed/00000015_000_png.rf.4d0a719eb09fbe44d495572863e2bd68.jpg,1,relaxed,1.339077788273463,34.914016105403704,-0.032727166778067404,-0.037226330823771206,0.046888845168807154,0,1,0.008763648620829567,attentive,uncomfortable,uncomfortable,relaxed,relaxed,uncomfortable
1157,/home/glyc/Documents/PyProjects/catface/data/cat-emotions-3/train/relaxed/00000015_016_png.rf.d3b3753d6bf9d6c391a1fa8bd1990825.jpg,0,relaxed,1.2883361620987261,37.913510939912186,0.012485767409757223,0.010476008311545387,0.016030874245580154,0,2,-0.001887316561081126,uncomfortable,relaxed,uncomfortable,relaxed,relaxed,relaxed
1158,/home/glyc/Documents/PyProjects/catface/data/cat-emotions-3/train/relaxed/00000015_019_png.rf.5033b294d45518e53bfc7361ebf6c1bf.jpg,0,relaxed,1.2833314308927979,38.19837260691406,0.00885854756598386,0.022765425138722824,0.011257863907456781,0,2,-0.002459640573184263,uncomfortable,relaxed,relaxed,relaxed,relaxed,relaxed
1159,/home/glyc/Documents/PyProjects/catface/data/cat-emotions-3/train/relaxed/00000015_020_png.rf.39f724fa7d2636fb6973ade7ea8095b1.jpg,1,relaxed,1.7245279657102048,0.0,0.06333803077528297,0.04010551290365553,,1,0,-0.01081899020281829,relaxed,uncomfortable,uncomfortable,uncomfortable,uncomfortable,uncomfortable
1160,/home/glyc/Documents/PyProjects/catface/data/cat-emotions-3/train/relaxed/00000015_022_png.rf.88dafab2e8d6673760e98543cc09b895.jpg,1,relaxed,1.2395830423504999,40.61646798049072,-0.023542259407397268,-0.0027552029792659045,0.027451253340319243,0,3,0.0026058227330728323,relaxed,relaxed,relaxed,relaxed,relaxed,attentive
1161,/home/glyc/Documents/PyProjects/catface/data/cat-emotions-3/train/relaxed/00000016_013_png.rf.0595c049d844e994b59a70c07e8cc086.jpg,3,relaxed,1.3852129991153272,31.976677016085933,-0.08450579132765912,-0.06955532067824621,0.13536011349413463,0,1,0.005953528063781341,attentive,attentive,attentive,attentive,attentive,uncomfortable
1162,/home/glyc/Documents/PyProjects/catface/data/cat-emotions-3/train/relaxed/00000016_015_png.rf.d544975beef91768008bb98ad8937307.jpg,2,relaxed,1.349670784807498,34.25926514093491,0.24930448698384913,0.21430281366679385,0.3660254363918557,0,1,-0.04576160887322857,attentive,uncomfortable,relaxed,attentive,relaxed,uncomfortable
1163,/home/glyc/Documents/PyProjects/catface/data/cat-emotions-3/train/relaxed/00000016_019_png.rf.d1ccaf3560798cbd1f2965079098ed39.jpg,2,relaxed,1.2871669671109398,37.980222016466996,-0.022518093715353068,-0.03686431947508086,0.028842361921258042,0,2,0.003946296286190948,relaxed,relaxed,attentive,relaxed,relaxed,uncomfortable
1164,/home/glyc/Documents/PyProjects/catface/data/cat-emotions-3/train/relaxed/00000017_001_png.rf.ba1d4d4507f8e3923dfce547bd193eb2.jpg,4,relaxed,1.5762005270819186,15.155708620629445,-0.00038350249102296483,0.0043390255782935275,0.001415848528691698,0,0,-0.006584074107764348,attentive,attentive,attentive,attentive,uncomfortable,relaxed
1165,/home/glyc/Documents/PyProjects/catface/data/cat-emotions-3/train/relaxed/00000017_002_png.rf.c3931815ad9249b98301b7a9883bf3b4.jpg,2,relaxed,1.5282177630851648,20.63642768415884,0.08104047157263253,0.05763732401144898,0.21518916956142667,0,0,-0.021100981105717315,attentive,uncomfortable,uncomfortable,uncomfortable,uncomfortable,attentive
1166,/home/glyc/Documents/PyProjects/catface/data/cat-emotions-3/train/relaxed/00000017_007_png.rf.d93ef9b32ceb6a00f238e95d052c08ed.jpg,2,relaxed,1.3031346428621757,37.060331822981865,0.002667238438104777,0.011206863299927566,0.0035318011716502103,0,2,-0.0004247894234232219,uncomfortable,relaxed,relaxed,relaxed,relaxed,relaxed
1167,/home/glyc/Documents/PyProjects/catface/data/cat-emotions-3/train/relaxed/00000017_008_png.rf.fbd63382522d2cc83ebe25cf0fd747b5.jpg,3,relaxed,1.2244827007162238,41.4237202449627,0.1528939797429268,0.10671196725990582,0.17327951074313044,0,3,-0.013034611531784562,relaxed,relaxed,relaxed,relaxed,relaxed,uncomfortable
1168,/home/glyc/Documents/PyProjects/catface/data/cat-emotions-3/train/relaxed/00000017_019_png.rf.2369c6969d7c127e8a892e9e2e181de3.jpg,1,relaxed,1.4656499754400856,26.16589989052507,-0.014395388819787148,-0.01659034673338342,0.02929929877614965,0,0,7.103975233940796e-05,relaxed,attentive,attentive,relaxed,uncomfortable,relaxed
1169,/home/glyc/Documents/PyProjects/catface/data/cat-emotions-3/train/relaxed/00000017_020_png.rf.e1f43f2e26c3e0742b72c005bb7a3f73.jpg,2,relaxed,1.396917609455475,31.192584810904275,0.00861939459160688,-0.006529455133680934,0.014236469915658074,0,1,-0.004728546800390143,relaxed,relaxed,relaxed,relaxed,attentive,uncomfortable
1170,/home/glyc/Documents/PyProjects/catface/data/cat-emotions-3/train/relaxed/00000018_023_png.rf.05aa316364afddf524192e57ae4448e7.jpg,0,relaxed,1.2740971607861926,38.7193081442945,0.14271811085916059,0.12314821068171732,0.17801834693947846,0,2,-0.0189949299427071,relaxed,attentive,attentive,attentive,relaxed,relaxed
1171,/home/glyc/Documents/PyProjects/catface/data/cat-emotions-3/train/relaxed/00000018_029_png.rf.97cdba14ece215f504d0c796fe3f6e18.jpg,0,relaxed,1.3174174263912053,36.220618922001655,-0.06406015080237928,-0.05292745690062646,0.08746103897172589,0,2,0.01161399905820934,uncomfortable,relaxed,relaxed,relaxed,relaxed,attentive
1172,/home/glyc/Documents/PyProjects/catface/data/cat-emotions-3/train/relaxed/00000020_015_png.rf.5ccc8af86a2e012f38f8050752d62a7e.jpg,1,relaxed,1.3836693480652016,32.078803913377776,-0.024710035099197433,-0.0227267773943853,0.039423561993344826,0,1,0.006659475508171558,uncomfortable,attentive,attentive,relaxed,attentive,uncomfortable
1173,/home/glyc/Documents/PyProjects/catface/data/cat-emotions-3/train/relaxed/00000020_017_png.rf.8eecee650bd9bdeed591c5ee71c63e1f.jpg,1,relaxed,1.3380737777261646,34.97551715032135,-0.012119377526551962,0.005003994215258257,0.01732401564178554,0,1,0.010259196665875492,attentive,attentive,relaxed,attentive,relaxed,relaxed
1174,/home/glyc/Documents/PyProjects/catface/data/cat-emotions-3/train/relaxed/00000021_008_png.rf.f23e548c69b18e6804ded31010d7b38a.jpg,2,relaxed,1.2289707560931347,41.185152244915834,-0.04542823053211602,-0.03853440768502605,0.05191939102781971,0,3,0.006800229053551349,relaxed,relaxed,attentive,relaxed,relaxed,relaxed
1175,/home/glyc/Documents/PyProjects/catface/data/cat-emotions-3/train/relaxed/00000023_007_png.rf.0274968f3b25c8d6967ff7a45881c574.jpg,0,relaxed,1.3670470984365322,33.16072362256474,-0.08616054210549419,-0.08673752130693935,0.13186430806558694,0,1,0.009959123715123086,uncomfortable,relaxed,attentive,relaxed,attentive,uncomfortable
1176,/home/glyc/Documents/PyProjects/catface/data/cat-emotions-3/train/relaxed/00000023_020_png.rf.13e60b32ff1a30d67d7fa6f6ff8bb72a.jpg,1,relaxed,1.4036635563358097,30.732524843473307,-0.008813699500301038,-0.008469135286944785,0.014824785144665913,0,1,0.001426292997151718,relaxed,uncomfortable,uncomfortable,relaxed,uncomfortable,relaxed
1177,/home/glyc/Documents/PyProjects/catface/data/cat-emotions-3/train/relaxed/00000023_025_png.rf.b55a0af539e99d5811e4f0c85b9b304e.jpg,4,relaxed,1.3378145783037942,34.99137918649942,-0.0531317224581617,-0.04712512893292581,0.07590426822230104,0,1,0.006613715437314177,attentive,attentive,attentive,relaxed,relaxed,relaxed
1178,/home/glyc/Documents/PyProjects/catface/data/cat-emotions-3/train/relaxed/00000024_000_png.rf.e1f9a253ffcdafd01a3bb7d092ae0d2e.jpg,2,relaxed,1.4979084813379815,23.46907855789484,0.1048285498970497,0.10846746351676256,0.24144541074751077,0,0,-0.022584220967101887,relaxed,uncomfortable,uncomfortable,uncomfortable,uncomfortable,relaxed
1179,/home/glyc/Documents/PyProjects/catface/data/cat-emotions-3/train/relaxed/00000024_012_png.rf.b400e9f056af464080a82e78cf4c2476.jpg,3,relaxed,1.3236553551565091,35.84857109681517,-0.011985025007073753,-0.001154100334349515,0.016587989450194775,0,2,0.0013501023862933226,relaxed,uncomfortable,uncomfortable,relaxed,relaxed,attentive
1180,/home/glyc/Documents/PyProjects/catface/data/cat-emotions-3/train/relaxed/00000024_013_png.rf.5f89a1d9e4609a8e74ff61d82b848b65.jpg,1,relaxed,1.394454919370978,31.359020770198047,0.13545140633145522,0.10367765754952124,0.222262333671161,0,1,-0.018611781463579502,attentive,attentive,attentive,attentive,attentive,relaxed
1181,/home/glyc/Documents/PyProjects/catface/data/cat-emotions-3/train/relaxed/00000025_013_png.rf.1b87d245602b4272a1c202729afb1299.jpg,2,relaxed,1.7932895035967849,0.0,0.13999354231788724,0.1325866015741339,,1,0,-0.03294147231003795,attentive,uncomfortable,uncomfortable,uncomfortable,uncomfortable,relaxed
1182,/home/glyc/Documents/PyProjects/catface/data/cat-emotions-3/train/relaxed/00000025_022_png.rf.46432f79749dc153a0102e3f8f7033bf.jpg,3,relaxed,1.3265351061891553,35.67568265769021,0.01637873726925504,0.009709663338254066,0.022813851008707278,0,2,-0.0010634088475806325,relaxed,relaxed,relaxed,relaxed,relaxed,relaxed
1183,/home/glyc/Documents/PyProjects/catface/data/cat-emotions-3/train/relaxed/00000025_029_png.rf.9e2f9a27d44d0594c5eb35c14fbb8239.jpg,3,relaxed,1.3995723748960431,31.01226872612575,-0.04119756171448826,-0.02656634227554189,0.0685310125564083,0,1,0.004167121790242839,relaxed,relaxed,uncomfortable,uncomfortable,attentive,uncomfortable
1184,/home/glyc/Documents/PyProjects/catface/data/cat-emotions-3/train/relaxed/00000027_017_png.rf.2e22c4cfa1d8efebb5bdfa8dc05914f0.jpg,0,relaxed,1.339297534606773,34.90054284328391,-0.08102807638385534,-0.054904296639773156,0.11614867845662007,0,1,0.010462604043533053,uncomfortable,relaxed,attentive,relaxed,relaxed,uncomfortable
1185,/home/glyc/Documents/PyProjects/catface/data/cat-emotions-3/train/relaxed/00000027_027_png.rf.8654ffa9e64b1292ba22d217f7f101c3.jpg,4,relaxed,1.33786637115688,34.98821015902324,-0.11192571022174763,-0.0931509113972731,0.1599165061020788,0,1,0.026087943345237008,attentive,attentive,attentive,attentive,relaxed,relaxed
1186,/home/glyc/Documents/PyProjects/catface/data/cat-emotions-3/train/relaxed/00000028_004_png.rf.c86dfd465c3f6d201662660a4a669dcf.jpg,4,relaxed,1.3209282686100947,36.011631133018504,0.10108079525474167,0.09354194103441098,0.1390664033128153,0,2,-0.01991522667827733,uncomfortable,relaxed,relaxed,relaxed,relaxed,relaxed
1187,/home/glyc/Documents/PyProjects/catface/data/cat-emotions-3/train/relaxed/00000029_004_png.rf.dc6eacbb5cbc0b00b639750f7ac20386.jpg,0,relaxed,1.31775606451084,36.20050643210169,-0.05172182638862889,-0.043056929374997825,0.07066760345254053,0,2,0.011823931293695522,relaxed,relaxed,relaxed,relaxed,relaxed,attentive
1188,/home/glyc/Documents/PyProjects/catface/data/cat-emotions-3/train/relaxed/00000029_029_png.rf.23a6aa1ac0e7fe67e8c233bf3002251b.jpg,0,relaxed,1.7017941618402852,0.0,0.02068116006930166,0.031009774874542224,,1,0,-0.003050397133227578,attentive,uncomfortable,uncomfortable,attentive,uncomfortable,relaxed
1189,/home/glyc/Documents/PyProjects/catface/data/cat-emotions-3/train/relaxed/00000030_012_png.rf.9d16f2b646dc6b1b8b13b2f4d175634f.jpg,2,relaxed,1.3272824713001912,35.63069509270961,-0.18945941207428385,-0.1545656706076854,0.2643348055819823,0,2,0.03466063485301815,uncomfortable,attentive,attentive,attentive,relaxed,relaxed
1190,/home/glyc/Documents/PyProjects/catface/data/cat-emotions-3/train/relaxed/00000030_023_png.rf.2e5c07a157a9a9b7c07ee038401c92d1.jpg,2,relaxed,1.218260653747627,41.752611325477815,0.026464177593605462,0.048235124031426956,0.029647885848529544,0,3,-0.001282034094127582,attentive,attentive,attentive,attentive,relaxed,attentive
1191,/home/glyc/Documents/PyProjects/catface/data/cat-emotions-3/train/relaxed/00000030_025_png.rf.4e38d8d81890585b61ec1a4261bdec92.jpg,2,relaxed,1.506208653331105,22.726735061654058,0.02172779860940852,0.024967971384746046,0.05187397168979252,0,0,-0.006866248356940469,attentive,attentive,attentive,attentive,uncomfortable,uncomfortable
1192,/home/glyc/Documents/PyProjects/catface/data/cat-emotions-3/train/relaxed/00000030_026_png.rf.662c0c00ad5a829ca2c04fc31c92742f.jpg,3,relaxed,1.4807782237734217,24.935214344506768,-0.041681310589933934,-0.026487130271718035,0.08965037726099559,0,0,0.004262338237847274,attentive,attentive,relaxed,uncomfortable,uncomfortable,relaxed
1193,/home/glyc/Documents/PyProjects/catface/data/cat-emotions-3/train/relaxed/00000031_010_png.rf.20e15ff402cbf9220a866da5a74c051c.jpg,4,relaxed,1.3149959504733693,36.36415610889004,0.030733025391179905,0.006268926675098292,0.041739905744066275,0,2,-0.008554598087492454,attentive,attentive,attentive,attentive,relaxed,attentive
1194,/home/glyc/Documents/PyProjects/catface/data/cat-emotions-3/train/relaxed/00000031_019_png.rf.dbc253e70aedd0b9bb5eb087484bd671.jpg,1,relaxed,1.3285503036140773,35.5542651181647,-0.04140092176961757,-0.02967638483289618,0.05792582714851323,0,2,0.0014776887766048685,uncomfortable,attentive,attentive,relaxed,relaxed,relaxed
1195,/home/glyc/Documents/PyProjects/catface/data/cat-emotions-3/train/relaxed/00000033_012_png.rf.3c583370729058d73c0a90444ad4face.jpg,2,relaxed,1.3025346210019877,37.0952506499052,0.058008285302574285,0.03072958296138936,0.07671391842946942,0,2,-0.009011219574006246,relaxed,relaxed,attentive,relaxed,relaxed,uncomfortable
1196,/home/glyc/Documents/PyProjects/catface/data/cat-emotions-3/train/relaxed/00000033_018_png.rf.19c643ce31b79a9c6914f1b28b6a3e25.jpg,0,relaxed,1.2388671637048714,40.655036243079174,-0.035048907407788245,-0.033346372476126804,0.040812855868419165,0,3,0.005572208790621785,attentive,relaxed,attentive,attentive,relaxed,relaxed
1197,/home/glyc/Documents/PyProjects/catface/data/cat-emotions-3/train/relaxed/00000033_019_png.rf.00b1600fe665907ed9d2342cb49e0c82.jpg,4,relaxed,1.3252017989374936,35.755819019119826,-0.07154937476328797,-0.0295228018277769,0.09936706619054944,0,2,0.011469373630610874,attentive,uncomfortable,relaxed,relaxed,relaxed,uncomfortable
1198,/home/glyc/Documents/PyProjects/catface/data/cat-emotions-3/train/relaxed/00000033_021_png.rf.f451f649d66d460b4a839133725eea2f.jpg,1,relaxed,1.3944859856130456,31.356926164630668,-0.07270925001511673,-0.0652395814957661,0.11931848903877847,0,1,0.016188472712286323,relaxed,relaxed,relaxed,relaxed,attentive,attentive
1199,/home/glyc/Documents/PyProjects/catface/data/cat-emotions-3/train/relaxed/00000033_022_png.rf.f942091a4b35e8fede0ba1d55c17ef00.jpg,1,relaxed,1.2939679278590932,37.590768854386134,0.052119787774234975,0.0627199379893843,0.06770148491383686,0,2,-0.006436845118689416,relaxed,relaxed,relaxed,relaxed,relaxed,uncomfortable
1200,/home/glyc/Documents/PyProjects/catface/data/cat-emotions-3/train/relaxed/00000034_026_png.rf.f1b60fc66cccb949263e9fd0d9eacd34.jpg,0,relaxed,1.2834705654681413,38.190477638993116,0.03732184531205289,0.03530969883392323,0.04744382829711157,0,2,-0.005192301203482352,uncomfortable,attentive,attentive,attentive,relaxed,attentive
1201,/home/glyc/Documents/PyProjects/catface/data/cat-emotions-3/train/relaxed/00000034_028_png.rf.85df23cefce366203b5481cb1bc77fbc.jpg,2,relaxed,1.3883512452389624,31.768148223716434,0.01829560638245255,0.007477941352919254,0.02954445288352256,0,1,-0.0034351813866993486,relaxed,attentive,attentive,relaxed,attentive,attentive
1202,/home/glyc/Documents/PyProjects/catface/data/cat-emotions-3/train/relaxed/00000035_005_png.rf.1051b6cc275baa1b804958476a4e3e6d.jpg,3,relaxed,1.2078378272492523,42.298867862893445,-0.07852482200599405,-0.07590233955580174,0.08630107827324503,0,3,0.007200498087189311,relaxed,attentive,attentive,attentive,relaxed,relaxed
1203,/home/glyc/Documents/PyProjects/catface/data/cat-emotions-3/train/relaxed/00000035_006_png.rf.647bc63ba33aa44e79f756ec6ebfeb37.jpg,1,relaxed,1.2422593476898902,40.47201183672368,-0.06477080168343442,-0.048617396098847056,0.07591192196180259,0,3,0.015598049621256549,relaxed,relaxed,attentive,relaxed,relaxed,uncomfortable
1204,/home/glyc/Documents/PyProjects/catface/data/cat-emotions-3/train/relaxed/00000036_029_png.rf.474b6a1b24244a6ac1a1fa53b21cb300.jpg,0,relaxed,1.3108477394159475,36.608920638867346,0.026845800173740785,0.017871491992448515,0.03613614517063529,0,2,-0.0047455322764201335,uncomfortable,uncomfortable,uncomfortable,uncomfortable,relaxed,attentive
1205,/home/glyc/Documents/PyProjects/catface/data/cat-emotions-3/train/relaxed/00000037_002_png.rf.fde2a7222dc7d985ddc6bdeb5e93c56f.jpg,0,relaxed,1.20022029679019,42.69450413973379,-0.21232596432614084,-0.16037184027843762,0.23013973281696795,0,3,0.028658345145540887,uncomfortable,relaxed,attentive,relaxed,relaxed,attentive
1206,/home/glyc/Documents/PyProjects/catface/data/cat-emotions-3/train/relaxed/00000037_007_png.rf.2b925699dd76ba76d71d6646786860c5.jpg,3,relaxed,1.4032432582223293,30.761369368928516,-0.011437100426498753,0.0019015952802075976,0.019215358945050706,0,1,-0.0007368458208573125,uncomfortable,uncomfortable,uncomfortable,uncomfortable,attentive,relaxed
1207,/home/glyc/Documents/PyProjects/catface/data/cat-emotions-3/train/relaxed/00000037_013_png.rf.7d97bc6e2582f5f193d7a90534f847ab.jpg,2,relaxed,1.257998967666954,39.61362852319088,-0.02888311592172915,-0.028993421960583497,0.03489678561835209,0,3,0.006448479416967412,relaxed,attentive,attentive,relaxed,relaxed,relaxed
1208,/home/glyc/Documents/PyProjects/catface/data/cat-emotions-3/train/relaxed/00000037_026_png.rf.f8838bd0f21b0590e820e0288478b541.jpg,0,relaxed,1.4312001603679807,28.785934076133472,-0.10484406174296064,-0.12242844258120152,0.19082159188103157,0,0,0.031388692180291417,uncomfortable,relaxed,relaxed,relaxed,uncomfortable,uncomfortable
1209,/home/glyc/Documents/PyProjects/catface/data/cat-emotions-3/train/relaxed/00000037_028_png.rf.8fdab7634b4c6a47f89cbbfad05b8594.jpg,0,relaxed,1.490777731107837,24.08957245611028,0.017055268802820264,0.005807148069410098,0.03814615486966507,0,0,0.00021081835710842767,relaxed,uncomfortable,uncomfortable,uncomfortable,uncomfortable,relaxed
1210,/home/glyc/Documents/PyProjects/catface/data/cat-emotions-3/train/relaxed/00000038_002_png.rf.9e535af2ddb9184b72477e78649f1a90.jpg,2,relaxed,1.4725598606319716,25.61062456631644,-0.044728663401764845,-0.03911925791478281,0.09331151358192682,0,0,0.0069914961826638145,attentive,uncomfortable,uncomfortable,uncomfortable,uncomfortable,relaxed
1211,/home/glyc/Documents/PyProjects/catface/data/cat-emotions-3/train/relaxed/00000038_016_png.rf.dc2784a510fb89b7105f81bd752214d0.jpg,0,relaxed,1.1651589110958274,44.47885434161543,-0.2615352502134924,-0.19194402372040173,0.26633675202045587,0,3,0.03828052739854254,attentive,relaxed,attentive,relaxed,relaxed,uncomfortable
1212,/home/glyc/Documents/PyProjects/catface/data/cat-emotions-3/train/relaxed/00000039_017_png.rf.bea897d7b8a0f341b669cd0768e48343.jpg,2,relaxed,1.314541077706791,36.39106500195922,0.08488138076963456,0.08759107802291785,0.1151679011511196,0,2,-0.01562352392497815,relaxed,relaxed,uncomfortable,relaxed,relaxed,attentive
1213,/home/glyc/Documents/PyProjects/catface/data/cat-emotions-3/train/relaxed/00000041_000_png.rf.2bf1ba2ed5bc2c76237347c105c0ddfd.jpg,1,relaxed,1.1480065749468784,45.33136478525782,0.012389645782453503,0.005949655606033138,0.012247159533144049,0,3,0.0008628328127028295,relaxed,attentive,attentive,attentive,relaxed,attentive
1214,/home/glyc/Documents/PyProjects/catface/data/cat-emotions-3/train/relaxed/00000041_011_png.rf.78666fea5d3e90b93884e5eb52660069.jpg,2,relaxed,1.3826217526539963,32.147946977467036,0.05766392794487289,0.03939114005139388,0.09175352103267664,0,1,-0.0053287024053537135,uncomfortable,attentive,relaxed,attentive,attentive,attentive
1215,/home/glyc/Documents/PyProjects/catface/data/cat-emotions-3/train/relaxed/00000042_020_png.rf.7a66b0473dbab90c6f733c2b6ecac9b8.jpg,1,relaxed,1.2438308060349577,40.38699167699273,-0.03025265589797935,-0.03784498543079423,0.03556310606164799,0,3,-0.00508151309370744,uncomfortable,attentive,attentive,attentive,relaxed,relaxed
1216,/home/glyc/Documents/PyProjects/catface/data/cat-emotions-3/train/relaxed/00000043_027_png.rf.5fde101cf18966ed643218a99de894fe.jpg,3,relaxed,1.4341717176586042,28.568667784782146,-0.005827687115524978,-0.02430336809929347,0.010702655862421454,0,0,0.0020252088453552586,attentive,attentive,attentive,attentive,uncomfortable,relaxed
1217,/home/glyc/Documents/PyProjects/catface/data/cat-emotions-3/train/relaxed/00000043_028_png.rf.170a3b7bf960a88b507db91d2f27b6e6.jpg,0,relaxed,1.3146312321226603,36.38573310300633,0.04195921820635057,0.05182341078342171,0.056941778705020575,0,2,-0.0059067756670908855,uncomfortable,attentive,attentive,relaxed,relaxed,relaxed
1218,/home/glyc/Documents/PyProjects/catface/data/cat-emotions-3/train/relaxed/00000045_021_png.rf.a8de78d7aebcd0bf0ee6d81f2fbb6c1f.jpg,1,relaxed,1.1366672561134255,45.88812437296053,-0.055096752782736985,-0.0389585873106605,0.05341461647544927,0,3,0.009347688471825377,attentive,attentive,attentive,attentive,relaxed,relaxed
1219,/home/glyc/Documents/PyProjects/catface/data/cat-emotions-3/train/relaxed/00000046_010_png.rf.4b1cbf07581bdc0df0be2ed15de17a3b.jpg,4,relaxed,1.2918039069299703,37.71506138065638,-0.005392916943852803,-0.002397215232746598,0.006973829624596868,0,2,-9.109518681479911e-05,attentive,attentive,attentive,attentive,relaxed,uncomfortable
1220,/home/glyc/Documents/PyProjects/catface/data/cat-emotions-3/train/relaxed/00000046_025_png.rf.e737498b3dcdcee7ad9f8ac198020fed.jpg,0,relaxed,1.5085727502911215,22.51106322636166,0.023672883770234018,-0.010975796930207294,0.057120198925046634,0,0,0.0015411108973842624,attentive,relaxed,uncomfortable,uncomfortable,uncomfortable,uncomfortable
1221,/home/glyc/Documents/PyProjects/catface/data/cat-emotions-3/train/relaxed/00000047_020_png.rf.7e4dd4cc73b4b80f1f0b7d5696d0cb61.jpg,2,relaxed,1.525632193763446,20.892313349391564,-0.038779201661982246,-0.03284742588565106,0.10159358541229457,0,0,0.013568504714130125,attentive,uncomfortable,uncomfortable,attentive,uncomfortable,attentive
1222,/home/glyc/Documents/PyProjects/catface/data/cat-emotions-3/train/relaxed/00000048_016_png.rf.4f1ee232fcf403d62340fae411218049.jpg,3,relaxed,1.4616650780112328,26.48119714426524,0.05861601500811684,0.06351728545285665,0.11766222069490716,0,0,-0.014018539424257515,attentive,attentive,attentive,attentive,uncomfortable,attentive
1223,/home/glyc/Documents/PyProjects/catface/data/cat-emotions-3/train/relaxed/00000048_028_png.rf.802de1f112b04887f09c782fd650aaff.jpg,1,relaxed,1.2671968142616836,39.104752431494376,-0.20618773471797844,-0.1772470409624344,0.2536709575290759,0,2,0.03583811076808319,uncomfortable,relaxed,attentive,relaxed,relaxed,attentive
1224,/home/glyc/Documents/PyProjects/catface/data/cat-emotions-3/train/relaxed/00000049_012_png.rf.8a363bbe3eb0364e5cd2d467dc497036.jpg,0,relaxed,1.321886037018665,35.9544364212013,-0.08534882982956285,-0.05687460487301789,0.11766925313463071,0,2,0.008338757571036776,uncomfortable,relaxed,attentive,relaxed,relaxed,attentive
1225,/home/glyc/Documents/PyProjects/catface/data/cat-emotions-3/train/relaxed/00000049_026_png.rf.c09527b7cc434b3460cbaf13412fff2a.jpg,3,relaxed,1.3919008366852095,31.530799404012313,-0.06632285745390337,-0.07735525616121416,0.10809859043602571,0,1,0.009146281366032877,relaxed,uncomfortable,uncomfortable,relaxed,attentive,uncomfortable
1226,/home/glyc/Documents/PyProjects/catface/data/cat-emotions-3/train/relaxed/00000049_029_png.rf.d3c8432adcd15ca9870a4f296a6409c7.jpg,3,relaxed,1.3158603200759866,36.31297526626436,-0.0396134538214245,-0.07000476527913578,0.05390159439525208,0,2,0.007374053300145456,attentive,attentive,attentive,attentive,relaxed,uncomfortable
1227,/home/glyc/Documents/PyProjects/catface/data/cat-emotions-3/train/relaxed/00000050_008_png.rf.622fa4105525efe984c6b0ad7a13c9d4.jpg,1,relaxed,1.2068880457981894,42.34836053525859,-0.08518839008920681,-0.06200485976532527,0.09346221944903746,0,3,0.009595567679434008,relaxed,relaxed,relaxed,relaxed,relaxed,attentive
1228,/home/glyc/Documents/PyProjects/catface/data/cat-emotions-3/train/relaxed/00000050_014_png.rf.40f7de2b7a634694c99a485a296d8896.jpg,4,relaxed,1.2354499050753835,40.838727747555836,-0.07351401695133968,-0.11271344434664762,0.08505051785468772,0,3,0.006323111601743064,uncomfortable,attentive,attentive,relaxed,relaxed,attentive
1229,/home/glyc/Documents/PyProjects/catface/data/cat-emotions-3/train/relaxed/00000050_015_png.rf.9b4b1e2fd4f2690e0f9b7953f956f1c1.jpg,1,relaxed,1.2782286493126376,38.48697390430845,-0.06558288996272729,-0.04462128387008978,0.0824874789364098,0,2,0.004014619750602605,uncomfortable,relaxed,relaxed,relaxed,relaxed,attentive
1230,/home/glyc/Documents/PyProjects/catface/data/cat-emotions-3/train/relaxed/00000051_006_png.rf.cf0faa8eda01965d967a7aa8a1781c01.jpg,4,relaxed,1.438865652386388,28.22235088138401,0.049819648526129356,0.04000006274595302,0.0928262837602282,0,0,-0.006836202126017793,relaxed,uncomfortable,uncomfortable,uncomfortable,uncomfortable,relaxed
1231,/home/glyc/Documents/PyProjects/catface/data/cat-emotions-3/train/relaxed/00000051_011_png.rf.c694a2c31fa6b1450cee2dfe042c537f.jpg,0,relaxed,1.3538770914711722,33.99621132389962,0.07174699580092594,0.06018888411989093,0.10638446915495352,0,1,-0.014424664424160849,uncomfortable,attentive,relaxed,relaxed,relaxed,uncomfortable
1232,/home/glyc/Documents/PyProjects/catface/data/cat-emotions-3/train/relaxed/00000051_014_png.rf.c098d4d47b1a133d2b45f26a21f0b18e.jpg,3,relaxed,1.3461158901678034,34.48020603875594,-0.010203758767576208,-0.0018661579585264405,0.014857554547322594,0,1,-0.0006664033188149565,attentive,attentive,attentive,attentive,relaxed,attentive
1233,/home/glyc/Documents/PyProjects/catface/data/cat-emotions-3/train/relaxed/00000052_020_png.rf.bd28a7cb4abb4a2d4911bbc7487b1c12.jpg,3,relaxed,1.4363747482909588,28.406610947915585,-0.038068508829090006,0.002447944649305722,0.07038682149572079,0,0,0.010758418985543167,attentive,relaxed,relaxed,attentive,uncomfortable,relaxed
1234,/home/glyc/Documents/PyProjects/catface/data/cat-emotions-3/train/relaxed/00000052_021_png.rf.0900caa6808a77b10b03ded54dd51212.jpg,1,relaxed,1.6307100468344184,3.0333370882372828,0.07693354607399581,0.08971853789372557,,0,0,-0.010932998336954963,attentive,uncomfortable,uncomfortable,uncomfortable,uncomfortable,uncomfortable
1235,/home/glyc/Documents/PyProjects/catface/data/cat-emotions-3/train/relaxed/00000054_026_png.rf.5236a2450110a02cf41298f1852aa749.jpg,4,relaxed,1.3241843936528028,35.81686402283427,0.0010158053030715007,-0.011318667956400628,0.0014075753685238073,0,2,0.0013419306079532622,attentive,uncomfortable,uncomfortable,uncomfortable,relaxed,relaxed
1236,/home/glyc/Documents/PyProjects/catface/data/cat-emotions-3/train/relaxed/00000054_029_png.rf.a887f27126cfd0be6bfe8ee025c17a80.jpg,1,relaxed,1.3155926426927333,36.328831559379935,0.02588418673492174,0.014024006509033479,0.035199912168909504,0,2,-0.0004639558716890979,uncomfortable,attentive,relaxed,attentive,relaxed,relaxed
1237,/home/glyc/Documents/PyProjects/catface/data/cat-emotions-3/train/relaxed/00000055_012_png.rf.b90bf998a2c226d71d4d6a27c37cb62f.jpg,2,relaxed,1.1583905799630445,44.816779230182455,0.018398643670484948,0.0251996238950179,0.018516692143836905,0,3,-0.0016925925423337262,relaxed,relaxed,relaxed,relaxed,relaxed,uncomfortable
1238,/home/glyc/Documents/PyProjects/catface/data/cat-emotions-3/train/relaxed/00000056_019_png.rf.30f45ffc2769b1adb1e91ba65db60fb5.jpg,2,relaxed,1.3252818859566935,35.751009909423665,0.031505997744906374,0.005603390555146717,0.043762964820285195,0,2,-0.0004361091435732545,uncomfortable,relaxed,attentive,attentive,relaxed,relaxed
1239,/home/glyc/Documents/PyProjects/catface/data/cat-emotions-3/train/relaxed/00000058_016_png.rf.696b35417cb79ce77879a10ba4dbf4a2.jpg,3,relaxed,1.2916020670420234,37.72663645833845,-0.11064218796923565,-0.061316168881699544,0.14301680135290804,0,2,0.016176889279714224,attentive,relaxed,relaxed,relaxed,relaxed,relaxed
1240,/home/glyc/Documents/PyProjects/catface/data/cat-emotions-3/train/relaxed/00000059_000_png.rf.c75d071f2ebb39a6e7ee8766557a6e45.jpg,1,relaxed,1.1694849926166824,44.261797930258574,0.11838407173335584,0.07334585796347826,0.12147459540134925,0,3,-0.013190765501467527,relaxed,attentive,attentive,relaxed,relaxed,uncomfortable
1241,/home/glyc/Documents/PyProjects/catface/data/cat-emotions-3/train/relaxed/00000059_004_png.rf.99d334e97e9bbec08ee8e288fb064108.jpg,0,relaxed,1.4087833091565347,30.379179090063083,0.2483859210433594,0.2322545027514373,0.42371625971287863,0,1,-0.04160980372387196,attentive,attentive,attentive,attentive,uncomfortable,attentive
1242,/home/glyc/Documents/PyProjects/catface/data/cat-emotions-3/train/relaxed/00000059_018_png.rf.a3535a58f0704b77cd9cc273bffd48c7.jpg,1,relaxed,1.2714109201977006,38.86974027346271,0.13502440978698121,0.10393750400957001,0.16751854053071344,0,2,-0.020035515595496628,attentive,uncomfortable,uncomfortable,uncomfortable,relaxed,relaxed
1243,/home/glyc/Documents/PyProjects/catface/data/cat-emotions-3/train/relaxed/00000059_024_png.rf.c71946111ccf9534156e438694e43fd5.jpg,2,relaxed,1.1121809892077879,47.0729248482962,-0.18058596096612636,-0.10042732021218408,0.16796992570382288,0,3,0.01610156338496191,uncomfortable,attentive,attentive,attentive,relaxed,uncomfortable
1244,/home/glyc/Documents/PyProjects/catface/data/cat-emotions-3/train/relaxed/00000060_001_png.rf.7b12dfc8d3be82d34b1467903a70ce01.jpg,4,relaxed,1.343539963668893,34.63953070531143,0.005172702322917779,-0.005736552055215886,0.007487201874216954,0,1,-0.0002580754252359818,attentive,attentive,relaxed,attentive,relaxed,attentive
1245,/home/glyc/Documents/PyProjects/catface/data/cat-emotions-3/train/relaxed/00000060_003_png.rf.cb7c9a1ea887fc59da503d9e3e4def8b.jpg,1,relaxed,1.2783506079843667,38.480097569226054,-0.03912450415439357,-0.03768133543102048,0.049221327947713965,0,2,0.005716823477409316,relaxed,attentive,attentive,relaxed,relaxed,uncomfortable
1246,/home/glyc/Documents/PyProjects/catface/data/cat-emotions-3/train/relaxed/00000060_010_png.rf.8a4b49c49d281b6f4627f815b5f27aa2.jpg,1,relaxed,1.3486535242362683,34.322616493648034,-0.011317535897684881,-0.02390581120096928,0.016576827507438933,0,1,0.004958340305289688,relaxed,relaxed,relaxed,relaxed,relaxed,attentive
1247,/home/glyc/Documents/PyProjects/catface/data/cat-emotions-3/train/relaxed/00000060_016_png.rf.bdd2f075a83c9100c3c889d6af796983.jpg,3,relaxed,1.3944800849026369,31.357324022896425,-0.049313469875093247,-0.0673168572718987,0.08092390950302807,0,1,0.012113369302213794,attentive,attentive,attentive,attentive,attentive,attentive
1248,/home/glyc/Documents/PyProjects/catface/data/cat-emotions-3/train/relaxed/00000060_025_png.rf.a7b19f2fecd5efea3b52e2fb0e74590a.jpg,0,relaxed,1.5194362418790193,21.49366171866968,-0.007628534689994618,-0.010192914201724048,0.019372447898741405,0,0,0.003982141033789688,uncomfortable,relaxed,uncomfortable,uncomfortable,uncomfortable,relaxed
1249,/home/glyc/Documents/PyProjects/catface/data/cat-emotions-3/train/relaxed/00000061_004_png.rf.8498f20d6cf382d9347888733ff6b467.jpg,3,relaxed,1.224410517117714,41.427548041933605,0.04999399079280789,0.03851776719289331,0.056652117949060346,0,3,-0.0070571462263218365,relaxed,attentive,attentive,attentive,relaxed,attentive
1250,/home/glyc/Documents/PyProjects/catface/data/cat-emotions-3/train/relaxed/00000062_021_png.rf.6379bde1c5033d83d839a1743b5b6ea1.jpg,4,relaxed,1.2953172037901344,37.513094412792434,0.028734967336795373,0.015819871400285162,0.037430423138976626,0,2,-0.005862392240349373,attentive,attentive,attentive,attentive,relaxed,attentive
1251,/home/glyc/Documents/PyProjects/catface/data/cat-emotions-3/train/relaxed/00000062_023_png.rf.232ac60191811118497e09a8431941e4.jpg,3,relaxed,1.3040327636241529,37.00801213025688,0.005386090684169509,-0.01950636861892926,0.007145504569725582,0,2,0.0006392543830610886,uncomfortable,relaxed,relaxed,relaxed,relaxed,attentive
1252,/home/glyc/Documents/PyProjects/catface/data/cat-emotions-3/train/relaxed/00000063_002_png.rf.e724a4609dae1a4943272874f0d89dcf.jpg,2,relaxed,1.2978040558914765,37.369571889663675,0.08262791408533425,0.04405688420962247,0.10819185789487187,0,2,-0.010889850552266322,uncomfortable,attentive,attentive,attentive,relaxed,relaxed
1253,/home/glyc/Documents/PyProjects/catface/data/cat-emotions-3/train/relaxed/00000063_006_png.rf.a6c140348d0842bc2b82c52a3b504264.jpg,1,relaxed,1.4549815506719854,27.002344414211375,-0.09175362244422715,-0.06715759214970984,0.18005840927705088,0,0,0.012184276140202815,relaxed,relaxed,relaxed,relaxed,uncomfortable,uncomfortable
1254,/home/glyc/Documents/PyProjects/catface/data/cat-emotions-3/train/relaxed/00000063_028_png.rf.d8267f473af8e6ec67b09818a30d1965.jpg,2,relaxed,1.299066344060257,37.29654169019943,0.07069450141582163,0.06247906957330459,0.09281141868352864,0,2,-0.013023843398433321,attentive,relaxed,attentive,attentive,relaxed,uncomfortable
1255,/home/glyc/Documents/PyProjects/catface/data/cat-emotions-3/train/relaxed/00000064_006_png.rf.b25588523a9d721f6e9a1a7da50f068a.jpg,2,relaxed,1.2657722671197895,39.18392858972217,0.017561617983395183,-0.011871958320522277,0.021545006951580514,0,3,-0.003616411517146645,attentive,attentive,attentive,attentive,relaxed,attentive
1256,/home/glyc/Documents/PyProjects/catface/data/cat-emotions-3/train/relaxed/00000064_027_png.rf.a043d2783a9f16088198e9520d583432.jpg,1,relaxed,1.2877500556390198,37.946965026535864,-0.05934974803404634,-0.05464707146519834,0.07610932078510525,0,2,0.01275078850896147,attentive,uncomfortable,uncomfortable,uncomfortable,relaxed,attentive
1257,/home/glyc/Documents/PyProjects/catface/data/cat-emotions-3/train/relaxed/00000066_003_png.rf.7a78da4ef7533a1652bc287434e2e9a2.jpg,2,relaxed,1.5614130245846412,17.02766888495582,0.10715919476160803,0.09475286373385505,0.3498975078391712,0,0,-0.00900047552859827,uncomfortable,uncomfortable,uncomfortable,uncomfortable,uncomfortable,uncomfortable
1258,/home/glyc/Documents/PyProjects/catface/data/cat-emotions-3/train/relaxed/00000066_017_png.rf.94369146df7fe9ce73a22ae1eb809fbc.jpg,1,relaxed,1.3054961546717978,36.922626763194636,-0.010215163487956272,0.0010556219381905258,0.013594136143553282,0,2,0.0013014235646752748,relaxed,attentive,attentive,relaxed,relaxed,relaxed
1259,/home/glyc/Documents/PyProjects/catface/data/cat-emotions-3/train/relaxed/00000066_029_png.rf.49369f79dfa78e764fbe825195f1c387.jpg,4,relaxed,1.3317093702418532,35.36320027144338,0.04838045451472372,0.02335739327449728,0.0681705972142444,0,2,-0.004997156008483106,attentive,attentive,attentive,attentive,relaxed,attentive
1260,/home/glyc/Documents/PyProjects/catface/data/cat-emotions-3/train/relaxed/00000067_015_png.rf.c046b9573ae2aa91047a5b9681d80a3f.jpg,3,relaxed,1.2638657841943663,39.28968115442718,-0.019369391362908557,-0.01262246844944402,0.023673469310823876,0,3,0.005007954559022726,attentive,attentive,attentive,attentive,relaxed,uncomfortable
1261,/home/glyc/Documents/PyProjects/catface/data/cat-emotions-3/train/relaxed/00000067_022_png.rf.976c27303336959cc5514e2727403e69.jpg,1,relaxed,1.3470462943604726,34.42250048303726,0.007847406312033445,0.001559963542863789,0.011451198466800091,0,1,0.00042765395547506024,attentive,relaxed,relaxed,relaxed,relaxed,relaxed
1262,/home/glyc/Documents/PyProjects/catface/data/cat-emotions-3/train/relaxed/00000068_001_png.rf.39345a36737d8153e8ab6b1882fd6cd5.jpg,2,relaxed,1.3507216556650274,34.193712482260075,-0.013025243492164537,-0.010738865608385514,0.01917058869833789,0,1,0.0028619282844414007,attentive,attentive,attentive,attentive,relaxed,attentive
1263,/home/glyc/Documents/PyProjects/catface/data/cat-emotions-3/train/relaxed/00000069_014_png.rf.534ea7a52c6d282a68e516626c4fee87.jpg,3,relaxed,1.303639209800144,37.030946257685486,-0.07638951790992814,-0.04702166331946658,0.10125847752145538,0,2,0.01463924617016546,uncomfortable,uncomfortable,uncomfortable,uncomfortable,relaxed,relaxed
1264,/home/glyc/Documents/PyProjects/catface/data/cat-emotions-3/train/relaxed/00000069_022_png.rf.c91fc385ac4d7eead95da221e4938bb8.jpg,4,relaxed,1.3827447418208232,32.13983636710051,0.04761395051639855,0.054605459954652776,0.07578603748095786,0,1,-0.007409796438464719,relaxed,uncomfortable,uncomfortable,uncomfortable,attentive,uncomfortable
1265,/home/glyc/Documents/PyProjects/catface/data/cat-emotions-3/train/relaxed/00000070_005_png.rf.2b4e910c319b95f7a41e8e8cf5dd31dc.jpg,2,relaxed,1.1948751737349197,42.9703572256195,0.0950050630405203,0.07267168200415054,0.10198619155543859,0,3,-0.010236641187972045,uncomfortable,attentive,attentive,relaxed,relaxed,relaxed
1266,/home/glyc/Documents/PyProjects/catface/data/cat-emotions-3/train/relaxed/00000071_002_png.rf.6861a055966b9fcefd81ca943336a9ee.jpg,3,relaxed,1.1850417388016459,43.47416015397079,-0.10991656761603127,-0.07985533029812882,0.11593256205279133,0,3,0.016688072135980087,relaxed,relaxed,attentive,relaxed,relaxed,uncomfortable
1267,/home/glyc/Documents/PyProjects/catface/data/cat-emotions-3/train/relaxed/00000072_025_png.rf.3dc1ec2b128a458b7e7351269bfe6e75.jpg,2,relaxed,1.3805376754152292,32.285106398005105,0.028596309802041732,0.021439965837962698,0.04526093322134302,0,1,-0.00410819527687506,attentive,attentive,attentive,attentive,attentive,relaxed
1268,/home/glyc/Documents/PyProjects/catface/data/cat-emotions-3/train/relaxed/00000073_014_png.rf.347321639e8b1064969437f573f3d273.jpg,1,relaxed,1.2435530802397161,40.40202817632745,0.0049253433694561415,-0.0057388040910673534,0.0057868438405385865,0,3,-0.0022412617612759533,attentive,attentive,attentive,relaxed,relaxed,relaxed
1269,/home/glyc/Documents/PyProjects/catface/data/cat-emotions-3/train/relaxed/00000073_020_png.rf.7e7e7e1f5c68e569bf820bdfaf271be6.jpg,0,relaxed,1.2122973030952997,42.06585498481451,0.020954861689576658,0.013359030799265169,0.023219006791931996,0,3,-0.003753518588274163,attentive,attentive,attentive,attentive,relaxed,relaxed
1270,/home/glyc/Documents/PyProjects/catface/data/cat-emotions-3/train/relaxed/00000073_027_png.rf.f2caa261f9ba5eeeea2ec3e2b998af2f.jpg,1,relaxed,1.3547136632225476,33.943680227687146,-0.02227270489721119,-0.029622587895156368,0.03309075963605225,0,1,0.004221984932975237,uncomfortable,relaxed,relaxed,relaxed,relaxed,attentive
1271,/home/glyc/Documents/PyProjects/catface/data/cat-emotions-3/train/relaxed/00000074_023_png.rf.781091fad326b97e57605185eb6c9b51.jpg,2,relaxed,1.1636210970507634,44.55581085423511,-0.03513205374676897,-0.026527256649190454,0.035681047782979966,0,3,0.007593844918731885,relaxed,uncomfortable,uncomfortable,relaxed,relaxed,relaxed
1272,/home/glyc/Documents/PyProjects/catface/data/cat-emotions-3/train/relaxed/00000076_020_png.rf.4cb940b3889f959ed5493c831dbcb19b.jpg,1,relaxed,1.354881729149853,33.933118181793255,-0.0026825349562675364,0.007207322183925613,0.00398705298631246,0,1,-0.001148019042870957,attentive,uncomfortable,relaxed,attentive,relaxed,attentive
1273,/home/glyc/Documents/PyProjects/catface/data/cat-emotions-3/train/relaxed/00000076_024_png.rf.8bd97010043577d716417e9f9412959b.jpg,1,relaxed,1.448010563529566,27.53617516997657,0.028015168530673654,0.061884168275355755,0.053733778280203134,0,0,-0.005662924135752034,uncomfortable,uncomfortable,uncomfortable,uncomfortable,uncomfortable,attentive
1274,/home/glyc/Documents/PyProjects/catface/data/cat-emotions-3/train/relaxed/00000077_005_png.rf.7d2f516a94f5f8eea40d3a16e52d4d26.jpg,2,relaxed,1.311892601151967,36.54740171748719,0.00520774619669317,0.00034208277754794883,0.007025701496718369,0,2,0.0019823196435741763,relaxed,uncomfortable,uncomfortable,uncomfortable,relaxed,attentive
1275,/home/glyc/Documents/PyProjects/catface/data/cat-emotions-3/train/relaxed/00000078_022_png.rf.309123fd512521d829ac3e8267b6fe8f.jpg,1,relaxed,1.414730121692339,29.964027214424544,-0.08980816174760069,-0.07071359419870474,0.15577808654516617,0,1,0.017693482555206017,attentive,uncomfortable,uncomfortable,uncomfortable,uncomfortable,attentive
1276,/home/glyc/Documents/PyProjects/catface/data/cat-emotions-3/train/relaxed/00000079_000_png.rf.1702b854de2ebdceb512b2f751916944.jpg,2,relaxed,1.1758174453394181,43.942542939970146,0.04805280887292976,0.0271808323594655,0.049860105343013224,0,3,-0.007029038917495095,relaxed,relaxed,relaxed,relaxed,relaxed,attentive
1277,/home/glyc/Documents/PyProjects/catface/data/cat-emotions-3/train/relaxed/00000079_010_png.rf.26ecf8d7f5418d12d9afc92a180ac0d1.jpg,2,relaxed,1.386596245317439,31.884914058555875,-0.0030628431766447964,0.010207706735473188,0.004923552486287915,0,1,0.000846342246222237,relaxed,relaxed,relaxed,relaxed,attentive,attentive
1278,/home/glyc/Documents/PyProjects/catface/data/cat-emotions-3/train/relaxed/00000080_018_png.rf.9e84afaa9fb628c3524e46609d43c3e8.jpg,2,relaxed,1.303751039442299,37.02443068622798,0.06362463923288042,0.05898314104802387,0.08435788511769877,0,2,-0.009049340837877673,uncomfortable,relaxed,relaxed,relaxed,relaxed,attentive
1279,/home/glyc/Documents/PyProjects/catface/data/cat-emotions-3/train/relaxed/00000080_027_png.rf.15a2c34b7b289319c92aa0d4b451e1b0.jpg,1,relaxed,1.4319328839762837,28.732500416945726,-0.0024768576852458655,-0.01136562079262757,0.004517987135904601,0,0,-0.002148171281369765,relaxed,uncomfortable,uncomfortable,uncomfortable,uncomfortable,attentive
1280,/home/glyc/Documents/PyProjects/catface/data/cat-emotions-3/train/relaxed/00000081_007_png.rf.1a5342e5fea2cdb0c65b8ac62db8f350.jpg,1,relaxed,1.3627335454859695,33.43639947875019,0.06076942213125452,0.07413726097094533,0.09203438765356466,0,1,-0.011220144371100138,relaxed,relaxed,relaxed,relaxed,relaxed,attentive
1281,/home/glyc/Documents/PyProjects/catface/data/cat-emotions-3/train/relaxed/00000084_010_png.rf.d6b49dbdfbc4e3d4965e9530be1e71f5.jpg,2,relaxed,1.2773846593204223,38.53453176071511,-0.006244351794495459,-0.018802583886517198,0.007840521996890679,0,2,0.002121178958276043,uncomfortable,attentive,attentive,relaxed,relaxed,attentive
1282,/home/glyc/Documents/PyProjects/catface/data/cat-emotions-3/train/relaxed/00000084_012_png.rf.d4126f00fd237d7e6cfd9a49b675b32d.jpg,3,relaxed,1.473897134238076,25.501861786091435,-0.005894970162844981,-0.017471331964832016,0.012358028509337277,0,0,0.0008941230306020731,attentive,attentive,attentive,attentive,uncomfortable,relaxed
1283,/home/glyc/Documents/PyProjects/catface/data/cat-emotions-3/train/relaxed/00000086_029_png.rf.f7ed76d5029e1d8d56f1ccd31579328c.jpg,1,relaxed,1.246699869725115,40.23138363270905,-0.013379537034977716,-0.013091059818516246,0.015814964589131664,0,3,0.0007043260027717324,attentive,attentive,attentive,attentive,relaxed,relaxed
1284,/home/glyc/Documents/PyProjects/catface/data/cat-emotions-3/train/relaxed/00000087_007_png.rf.18021ddf296ebbee374e04123f28d540.jpg,4,relaxed,1.2786671561656207,38.462244943953735,0.051612808591312766,0.019441184533479806,0.06497402888309421,0,2,-0.0033946169459914965,uncomfortable,relaxed,relaxed,relaxed,relaxed,relaxed
1285,/home/glyc/Documents/PyProjects/catface/data/cat-emotions-3/train/relaxed/00000088_015_png.rf.89f1047792aa6ef8c2d7c2c41d7b266e.jpg,4,relaxed,1.2975026884224412,37.38698960729171,0.05970898697909574,0.047755992971490635,0.07813287692513549,0,2,-0.013399373280688659,attentive,attentive,attentive,attentive,relaxed,uncomfortable
1286,/home/glyc/Documents/PyProjects/catface/data/cat-emotions-3/train/relaxed/00000088_022_png.rf.454ba99045f68cc333eb7ee3b4431560.jpg,0,relaxed,1.4972592290153532,23.526212195052153,0.048084266586912575,0.05441879321695785,0.1104480358884418,0,0,-0.014663749585222763,uncomfortable,uncomfortable,uncomfortable,uncomfortable,uncomfortable,relaxed
1287,/home/glyc/Documents/PyProjects/catface/data/cat-emotions-3/train/relaxed/00000089_020_png.rf.9bccf0d08ae4ceac5413222decf26813.jpg,4,relaxed,1.3196759710799084,36.08629585927456,-0.09262730589187,-0.07662400510970173,0.12708758174688128,0,2,0.017620165500473378,uncomfortable,attentive,attentive,attentive,relaxed,relaxed
1288,/home/glyc/Documents/PyProjects/catface/data/cat-emotions-3/train/relaxed/00000089_021_png.rf.f33066628554dc44729ed10bca7fd373.jpg,2,relaxed,1.4291365878845117,28.93593457474633,0.005128175380247024,-0.014606935125285329,0.009275918766073848,0,0,0.004325287720168131,relaxed,relaxed,relaxed,relaxed,uncomfortable,attentive
1289,/home/glyc/Documents/PyProjects/catface/data/cat-emotions-3/train/relaxed/00000091_001_png.rf.8a55bd5b9ea6685394a9107d645b6914.jpg,3,relaxed,1.3167036216390902,36.262981875569544,-0.03808608990618281,0.0020955859703840857,0.05191819982632535,0,2,0.0034197891545870163,uncomfortable,relaxed,relaxed,relaxed,relaxed,uncomfortable
1290,/home/glyc/Documents/PyProjects/catface/data/cat-emotions-3/train/relaxed/00000091_002_png.rf.a2189ac55eebbd2172abfb2df39c53d6.jpg,1,relaxed,1.41290356530218,30.09209265941032,-0.074148177496338,-0.06897142214978708,0.12795301435611575,0,1,0.011949715779862716,relaxed,uncomfortable,uncomfortable,relaxed,uncomfortable,attentive
1291,/home/glyc/Documents/PyProjects/catface/data/cat-emotions-3/train/relaxed/00000091_014_png.rf.f12bae30b826e5020a92189053562ed9.jpg,4,relaxed,1.2210442419781828,41.605736531852614,0.016653778191778695,0.01074556668657889,0.018753819558622067,0,3,-0.005635371995332206,relaxed,relaxed,relaxed,relaxed,relaxed,uncomfortable
1292,/home/glyc/Documents/PyProjects/catface/data/cat-emotions-3/train/relaxed/00000092_001_png.rf.3587fdec469c8a01e4065b81d516e4dc.jpg,0,relaxed,1.300511390823143,37.21278759303679,-0.006656719105109172,0.006619074134026677,0.008765840390837124,0,2,0.0022455410092230565,uncomfortable,relaxed,attentive,attentive,relaxed,attentive
1293,/home/glyc/Documents/PyProjects/catface/data/cat-emotions-3/train/relaxed/00000092_013_png.rf.284bddd8141192ccc0a4810ed9d0cbf3.jpg,4,relaxed,1.721295486006926,0.0,-0.04402799577716845,-0.0259892530542277,,1,0,0.0068831738199138515,attentive,uncomfortable,uncomfortable,attentive,uncomfortable,attentive
1294,/home/glyc/Documents/PyProjects/catface/data/cat-emotions-3/train/relaxed/00000092_016_png.rf.4dcaaf83ad6aca14a0999cdfeec59451.jpg,1,relaxed,1.5621791864531809,16.93562870674873,0.07133500891750581,0.06722944777997784,0.23426732470492942,0,0,-0.017663039508369616,attentive,attentive,attentive,attentive,uncomfortable,uncomfortable
1295,/home/glyc/Documents/PyProjects/catface/data/cat-emotions-3/train/relaxed/00000092_020_png.rf.d222a96917254546dcc4fd77c0a061f7.jpg,0,relaxed,1.3316669677092245,35.3657707761405,0.11260820187750789,0.10810843200364288,0.15865577947778137,0,2,-0.01742501835714083,attentive,attentive,attentive,attentive,relaxed,attentive
1296,/home/glyc/Documents/PyProjects/catface/data/cat-emotions-3/train/relaxed/00000092_022_png.rf.890d13512635e7ffbf30c35dd465213e.jpg,4,relaxed,1.3498791122701852,34.24627856219485,-0.0212147942415669,-0.040993344684027634,0.031162449270513908,0,1,0.0068059360527316926,attentive,relaxed,attentive,attentive,relaxed,uncomfortable
1297,/home/glyc/Documents/PyProjects/catface/data/cat-emotions-3/train/relaxed/00000092_023_png.rf.53c2fb4debff0d01617cb5df0807d034.jpg,2,relaxed,1.345163161784284,34.539208622597506,-0.1444192208610994,-0.15935042203175911,0.20982352189988904,0,1,0.027381342239447493,attentive,attentive,attentive,attentive,relaxed,relaxed
1298,/home/glyc/Documents/PyProjects/catface/data/cat-emotions-3/train/relaxed/00000092_027_png.rf.4dcf51c253a4a699898df7708d5f7b21.jpg,1,relaxed,1.409072164173886,30.359132701866326,-0.0053375538419937665,-0.015385479520181438,0.00911252581921367,0,1,0.0018041005792485687,uncomfortable,uncomfortable,relaxed,relaxed,uncomfortable,uncomfortable
1299,/home/glyc/Documents/PyProjects/catface/data/cat-emotions-3/train/relaxed/00000092_028_png.rf.b96ace6613b3134a931bcca16ce08f98.jpg,3,relaxed,1.2521992732828462,39.931708993004705,-0.1172580009851309,-0.10165013480689374,0.1400813834927935,0,3,0.01832630677567651,uncomfortable,relaxed,attentive,relaxed,relaxed,attentive
1300,/home/glyc/Documents/PyProjects/catface/data/cat-emotions-3/train/relaxed/00000093_009_png.rf.344284f43052294424226ac46c92b770.jpg,3,relaxed,1.3871067158836539,31.850990306545423,-0.03235769499949644,-0.022497491921802913,0.05208406440972745,0,1,0.004658435575937481,relaxed,uncomfortable,uncomfortable,uncomfortable,attentive,uncomfortable
1301,/home/glyc/Documents/PyProjects/catface/data/cat-emotions-3/train/relaxed/00000094_026_png.rf.12083ab87e1e5af5e4e00f613c6fe716.jpg,3,relaxed,1.3061478973006322,36.8845446007432,0.011488215830547857,0.019795663619974285,0.015309466054121116,0,2,-0.0018377462666403221,relaxed,relaxed,relaxed,relaxed,relaxed,attentive
1302,/home/glyc/Documents/PyProjects/catface/data/cat-emotions-3/train/relaxed/00000095_000_png.rf.e100c8a3c4b6ac7ac95dbbef20759b84.jpg,3,relaxed,1.3123551203525288,36.520141242442904,0.19077500370836384,0.13606063665038234,0.2576281666675575,0,2,-0.027835338112566194,attentive,uncomfortable,uncomfortable,uncomfortable,relaxed,relaxed
1303,/home/glyc/Documents/PyProjects/catface/data/cat-emotions-3/train/relaxed/00000095_024_png.rf.f340b1cee5f0377c62e8cf5c435d6ad3.jpg,0,relaxed,1.3587980016754375,33.686175949673526,-0.009114850354166048,-0.02182350472347574,0.013674287772609288,0,1,0.0018731247748242086,attentive,attentive,attentive,attentive,relaxed,attentive
1304,/home/glyc/Documents/PyProjects/catface/data/cat-emotions-3/train/relaxed/00000096_003_png.rf.8b2df53832b871050598190496680c5a.jpg,2,relaxed,1.2589088804702155,39.563531373406676,0.050144465654269,0.023541982291700805,0.0606928600296221,0,3,-0.00433574961845723,relaxed,relaxed,relaxed,relaxed,relaxed,attentive
1305,/home/glyc/Documents/PyProjects/catface/data/cat-emotions-3/train/relaxed/00000097_019_png.rf.5c79d12cf6d8c0007583160c6002d0db.jpg,3,relaxed,1.2534207234165606,39.86489528521088,-0.02348448747006584,-0.027601828961871987,0.028122127780575528,0,3,0.003122557887712596,relaxed,relaxed,attentive,relaxed,relaxed,relaxed
1306,/home/glyc/Documents/PyProjects/catface/data/cat-emotions-3/train/relaxed/00000098_000_png.rf.9733c97b1cdb78bb2752d94420bc779b.jpg,1,relaxed,1.2349848053115127,40.86367605321527,-0.012758617465276864,0.005708488350455413,0.014747833089402041,0,3,0.001450038742160542,attentive,attentive,attentive,attentive,relaxed,relaxed
1307,/home/glyc/Documents/PyProjects/catface/data/cat-emotions-3/train/relaxed/00000098_017_png.rf.2dff68a0a52fab1ac5f3683902968bfc.jpg,0,relaxed,1.4626425417905953,26.404180848287243,-0.031542212985657056,-0.011118264499994384,0.06352973577248393,0,0,0.0032043300390197926,attentive,attentive,relaxed,relaxed,uncomfortable,attentive
1308,/home/glyc/Documents/PyProjects/catface/data/cat-emotions-3/train/relaxed/00000098_019_png.rf.e4401f9335dd1251f72728fab68fcfaa.jpg,2,relaxed,1.2623874639437624,39.37151959865996,0.014022244055248925,0.024947825093422984,0.01708827042001374,0,3,-0.0007259225164684968,relaxed,relaxed,relaxed,relaxed,relaxed,uncomfortable
1309,/home/glyc/Documents/PyProjects/catface/data/cat-emotions-3/train/relaxed/00000098_020_png.rf.04398ce825dd176c2aabf925ec95d19f.jpg,4,relaxed,1.4588403263649303,26.702606367603725,0.050192286844881175,0.0161085998438346,0.09978494575331476,0,0,-0.0037131645258494106,relaxed,uncomfortable,uncomfortable,uncomfortable,uncomfortable,attentive
1310,/home/glyc/Documents/PyProjects/catface/data/cat-emotions-3/train/relaxed/00000099_008_png.rf.ab529b6f594a573ef10df70398cf958a.jpg,0,relaxed,1.714824872954487,0.0,-0.1362883724814162,-0.12555990016676558,,1,0,0.03410648397190448,attentive,attentive,attentive,attentive,uncomfortable,attentive
1311,/home/glyc/Documents/PyProjects/catface/data/cat-emotions-3/train/relaxed/00000300_022_png.rf.6bab823675f196e420d2b36905ce08da.jpg,2,relaxed,1.4157923461747306,29.889322605334378,-0.060388520053323874,-0.07150533040996475,0.1050641582920114,0,1,0.013386090058293887,attentive,attentive,attentive,attentive,uncomfortable,uncomfortable
1312,/home/glyc/Documents/PyProjects/catface/data/cat-emotions-3/train/relaxed/00000300_026_png.rf.98ed2593fefd958c677061a8a8ef5360.jpg,4,relaxed,1.3678372906439913,33.11000294032179,-0.035907707408470754,-0.01658396882634949,0.05506129695976502,0,1,0.006994351307799657,attentive,attentive,attentive,attentive,relaxed,relaxed
1313,/home/glyc/Documents/PyProjects/catface/data/cat-emotions-3/train/relaxed/00000300_029_png.rf.5243682904192edc2f9e05891c50d97c.jpg,3,relaxed,1.3170370255671358,36.243200304925814,0.027129309417524755,0.03799991544602844,0.0370089191808225,0,2,-0.005171945622030966,relaxed,attentive,attentive,attentive,relaxed,relaxed
1314,/home/glyc/Documents/PyProjects/catface/data/cat-emotions-3/train/relaxed/00000301_002_png.rf.7b4294888da9eb328cbdacce6c3208c0.jpg,1,relaxed,1.236315397186177,40.79226860204292,-0.044324919024716435,-0.03162957894081827,0.051364923818550845,0,3,0.007473613551718855,relaxed,relaxed,attentive,relaxed,relaxed,relaxed
1315,/home/glyc/Documents/PyProjects/catface/data/cat-emotions-3/train/relaxed/00000301_012_png.rf.54da33491688731c0998b37448fb7194.jpg,2,relaxed,1.2628407288000132,39.34644243326393,-0.023266592974701687,0.0010558022680510698,0.028379257788106196,0,3,-0.0008344270487070093,relaxed,relaxed,relaxed,attentive,relaxed,relaxed
1316,/home/glyc/Documents/PyProjects/catface/data/cat-emotions-3/train/relaxed/00000302_007_png.rf.c8ef71a9b674f6724c27ece28550b633.jpg,2,relaxed,1.1314160189284812,46.14418727152303,0.09062647579382554,0.06188930194151668,0.0870772890929117,0,3,-0.012137212760738841,attentive,attentive,attentive,attentive,relaxed,relaxed
1317,/home/glyc/Documents/PyProjects/catface/data/cat-emotions-3/train/relaxed/00000302_015_png.rf.7407c749220dc36b3125adfc7fd32c4f.jpg,0,relaxed,1.1901777767347423,43.21161029861464,0.03550203833021231,0.029645173718795555,0.0377904821595246,0,3,-0.006258505116073454,relaxed,relaxed,attentive,attentive,relaxed,attentive
1318,/home/glyc/Documents/PyProjects/catface/data/cat-emotions-3/train/relaxed/00000303_014_png.rf.c8f8daaeb571de74d9fb7587906b0964.jpg,4,relaxed,1.2347818836489879,40.87455699195006,-0.04247482057109244,-0.03197307499361316,0.04907829517241298,0,3,0.003279813472467419,attentive,attentive,attentive,attentive,relaxed,relaxed
1319,/home/glyc/Documents/PyProjects/catface/data/cat-emotions-3/train/relaxed/00000304_000_png.rf.e7578ec72a9bba75bf4e2559c332b643.jpg,3,relaxed,1.4628044912466738,26.391400391187773,-0.04242244699102678,-0.018659311707931506,0.08549168158895637,0,0,0.00729181830942402,uncomfortable,uncomfortable,uncomfortable,uncomfortable,uncomfortable,attentive
1320,/home/glyc/Documents/PyProjects/catface/data/cat-emotions-3/train/relaxed/00000304_021_png.rf.74f51a12ad57b4756f409473cafe8a59.jpg,0,relaxed,1.2231129814166375,41.496305237861996,-0.0379822342089963,-0.028665202418518606,0.0429366849860133,0,3,0.007375827694007631,relaxed,relaxed,attentive,relaxed,relaxed,relaxed
1321,/home/glyc/Documents/PyProjects/catface/data/cat-emotions-3/train/relaxed/00000304_022_png.rf.faf3f1341b6b52ca453cffcd32c496e5.jpg,2,relaxed,1.3102775201481456,36.64245628796888,-0.0852200983134789,-0.06366708029081422,0.11457149656361053,0,2,0.018900463189008343,uncomfortable,attentive,attentive,attentive,relaxed,relaxed
1322,/home/glyc/Documents/PyProjects/catface/data/cat-emotions-3/train/relaxed/00000305_026_png.rf.0fc7723d796775f029769a3b197f0413.jpg,1,relaxed,1.2960417216887072,37.471329082426486,0.13986967232609007,0.12745454630714032,0.1824706927264202,0,2,-0.019613200247050933,attentive,relaxed,relaxed,attentive,relaxed,relaxed
1323,/home/glyc/Documents/PyProjects/catface/data/cat-emotions-3/train/relaxed/00000307_004_png.rf.62954902d30a708d09ed03070881fb19.jpg,4,relaxed,1.3547602063614625,33.94075552965155,0.05270715971389933,0.07250444473527429,0.07831613501945159,0,1,-0.010181113968396022,attentive,uncomfortable,relaxed,relaxed,relaxed,relaxed
1324,/home/glyc/Documents/PyProjects/catface/data/cat-emotions-3/train/relaxed/00000308_016_png.rf.5f9d9b1d66466a00121a5f700a5bfdad.jpg,4,relaxed,1.3086894759111263,36.735713360028846,-0.013447886673346841,-0.011892865033214926,0.01801827415045048,0,2,0.0021625193257018005,attentive,attentive,attentive,attentive,relaxed,attentive
1325,/home/glyc/Documents/PyProjects/catface/data/cat-emotions-3/train/relaxed/00000308_021_png.rf.b50f08b94e5a655a08098b3dc79c2684.jpg,1,relaxed,1.0670063165033563,49.20130861122695,0.1819913071709986,0.0796224276434836,0.1570834289429228,0,3,-0.016277552630495823,relaxed,relaxed,attentive,relaxed,relaxed,uncomfortable
1326,/home/glyc/Documents/PyProjects/catface/data/cat-emotions-3/train/relaxed/00000309_005_png.rf.ee3a641082656e73ab3798f2e8202ee9.jpg,3,relaxed,1.2286201122624296,41.203831956196574,-0.10593580262211312,-0.1147977636138926,0.12099316400056018,0,3,0.02124730732197741,uncomfortable,relaxed,relaxed,relaxed,relaxed,attentive
1327,/home/glyc/Documents/PyProjects/catface/data/cat-emotions-3/train/relaxed/00000309_007_png.rf.90a9ef2fd4b9d5c7dd307d4c68770255.jpg,0,relaxed,1.2470002007004781,40.21506585190058,0.14751045358989767,0.13884905233556616,0.17446197661463406,0,3,-0.022728409703843766,relaxed,attentive,relaxed,relaxed,relaxed,attentive
1328,/home/glyc/Documents/PyProjects/catface/data/cat-emotions-3/train/relaxed/00000310_009_png.rf.761d5495892140d4f0025a9cc49cc37c.jpg,3,relaxed,1.3067098874087,36.85167969070838,-0.016085331216882177,-0.024497064747324136,0.021461321384748037,0,2,0.002029258471010681,relaxed,relaxed,relaxed,relaxed,relaxed,attentive
1329,/home/glyc/Documents/PyProjects/catface/data/cat-emotions-3/train/relaxed/00000310_026_png.rf.bd23daf7a56a559807028b64c8e2123c.jpg,1,relaxed,1.3244978552044868,35.79806573178418,-0.09107943631316752,-0.0551360224138079,0.12629373931019905,0,2,0.016355125582394048,uncomfortable,uncomfortable,uncomfortable,uncomfortable,relaxed,relaxed
1330,/home/glyc/Documents/PyProjects/catface/data/cat-emotions-3/train/relaxed/00000311_014_png.rf.32cb7a6b82859d1cb37d5f3b170f9fa7.jpg,3,relaxed,1.1893888416746523,43.25202303228966,-0.04325929390214328,-0.035080911549286276,0.04598273040031983,0,3,0.006844198091335518,uncomfortable,relaxed,relaxed,relaxed,relaxed,attentive
1331,/home/glyc/Documents/PyProjects/catface/data/cat-emotions-3/train/relaxed/00000311_015_png.rf.922544430824e1a2b53d915225db99a3.jpg,0,relaxed,1.2633533549951017,39.31806492183812,-0.04738283659823125,-0.047780003028704936,0.057853288670998454,0,3,0.010739963512840206,uncomfortable,relaxed,relaxed,relaxed,relaxed,uncomfortable
1332,/home/glyc/Documents/PyProjects/catface/data/cat-emotions-3/train/relaxed/00000312_018_png.rf.46135436f0ff8ac4f71bf3127d94e7c6.jpg,0,relaxed,1.2407870172965316,40.55153495575108,0.06517276144489526,0.035472312928091825,0.0761686642708121,0,3,-0.01312836958976163,uncomfortable,relaxed,attentive,relaxed,relaxed,uncomfortable
1333,/home/glyc/Documents/PyProjects/catface/data/cat-emotions-3/train/relaxed/00000313_014_png.rf.6fe0bd67acb95fd9cacddd8f42734f45.jpg,2,relaxed,1.2844236616121019,38.136358494031015,0.04147013143317562,0.021828224219677245,0.05281975594063419,0,2,-0.006080348096279692,attentive,attentive,attentive,attentive,relaxed,uncomfortable
1334,/home/glyc/Documents/PyProjects/catface/data/cat-emotions-3/train/relaxed/00000313_020_png.rf.68432b526cebafde4b1a5d2abe0ec2a2.jpg,4,relaxed,1.2688487993005482,39.01276639745335,-0.05248875958144794,-0.02795673175176146,0.06478869774099734,0,2,0.0036113370819060298,attentive,relaxed,attentive,relaxed,relaxed,attentive
1335,/home/glyc/Documents/PyProjects/catface/data/cat-emotions-3/train/relaxed/00000314_014_png.rf.4deb4a25aed7be3339136f51edf9ddb9.jpg,2,relaxed,1.4373319752898976,28.335931854769004,-0.012348390228161733,0.017436038513597416,0.022899034722597956,0,0,0.0004549635322932122,attentive,attentive,relaxed,attentive,uncomfortable,relaxed
1336,/home/glyc/Documents/PyProjects/catface/data/cat-emotions-3/train/relaxed/00000314_026_png.rf.88ffff5a497973d95afbe0d1c06cdca9.jpg,3,relaxed,1.2921936777590364,37.69270031030608,0.042181051220945745,0.037168911258755516,0.054590275644330104,0,2,-0.011661403225366906,uncomfortable,uncomfortable,uncomfortable,relaxed,relaxed,attentive
1337,/home/glyc/Documents/PyProjects/catface/data/cat-emotions-3/train/relaxed/00000316_013_png.rf.5bc795a67eb0d69c05150ebcd3af059e.jpg,4,relaxed,1.220537888443965,41.632485553679544,0.07052173522971193,0.06453562222297286,0.07933989078783199,0,3,-0.012520566628593105,attentive,relaxed,attentive,relaxed,relaxed,attentive
1338,/home/glyc/Documents/PyProjects/catface/data/cat-emotions-3/train/relaxed/00000316_017_png.rf.4cd4dea21be0e1a97a5a346c9abd6e8e.jpg,4,relaxed,1.2740433440972043,38.72232676443353,0.14922480415977804,0.14225487945645696,0.18611432860743712,0,2,-0.024199209762354318,attentive,attentive,attentive,attentive,relaxed,attentive
1339,/home/glyc/Documents/PyProjects/catface/data/cat-emotions-3/train/relaxed/00000317_015_png.rf.ee1b6299cb35ce3f8cfa2072144f3e13.jpg,3,relaxed,1.2181014799944259,41.76099730110627,-0.0584708773851389,-0.053984321440529975,0.0654857777758313,0,3,0.007491681654896304,relaxed,relaxed,relaxed,relaxed,relaxed,attentive
1340,/home/glyc/Documents/PyProjects/catface/data/cat-emotions-3/train/relaxed/00000318_029_png.rf.b436f45fa3586cab7b3d161d19437667.jpg,3,relaxed,1.620545766887787,7.08019262543849,-0.03570887274581631,-0.028050506770326777,0.28749824676963837,0,0,0.00467967809013016,relaxed,uncomfortable,uncomfortable,uncomfortable,uncomfortable,relaxed
1341,/home/glyc/Documents/PyProjects/catface/data/cat-emotions-3/train/relaxed/00000320_020_png.rf.8a4355a0fafbd3c1a6ba1a189bf7b871.jpg,3,relaxed,1.1499456067032952,45.23562362332993,-0.1583861048700415,-0.11638875606813777,0.1570887362886723,0,3,0.023587222385817813,uncomfortable,attentive,attentive,attentive,relaxed,attentive
1342,/home/glyc/Documents/PyProjects/catface/data/cat-emotions-3/train/relaxed/00000320_021_png.rf.c3563d2241248f5bc6a8ed6ecc02bee3.jpg,3,relaxed,1.2419549058593384,40.48846586822299,-0.08005921340465343,-0.0684121144086011,0.09377551496683575,0,3,0.01301496426673493,uncomfortable,attentive,attentive,attentive,relaxed,uncomfortable
1343,/home/glyc/Documents/PyProjects/catface/data/cat-emotions-3/train/relaxed/00000321_008_png.rf.7e25d77e67ecaba80ca82466994c56af.jpg,0,relaxed,1.3409573512441406,34.79862771149841,0.045474699604977034,0.023330407048170073,0.06543286197941134,0,1,-0.0093927879313348,uncomfortable,attentive,relaxed,attentive,relaxed,relaxed
1344,/home/glyc/Documents/PyProjects/catface/data/cat-emotions-3/train/relaxed/00000321_012_png.rf.53a382687db98b93d9df283e3b65fade.jpg,3,relaxed,1.15486897972947,44.99181178680862,-0.01384327919735272,0.0009198706416574252,0.013847236484420844,0,3,0.001790982762239851,attentive,attentive,attentive,relaxed,relaxed,uncomfortable
1345,/home/glyc/Documents/PyProjects/catface/data/cat-emotions-3/train/relaxed/00000321_019_png.rf.9c2a7559d629c9830bd5bbb2c48f5a0e.jpg,3,relaxed,1.3143055167627689,36.40499333558548,0.12321045665044207,0.11164868333756775,0.16708810906079685,0,2,-0.02222821965011537,relaxed,uncomfortable,relaxed,relaxed,relaxed,relaxed
1346,/home/glyc/Documents/PyProjects/catface/data/cat-emotions-3/train/relaxed/00000321_021_png.rf.9f07736348b54b29b728511fc6368fa0.jpg,4,relaxed,1.330551583542496,35.433328788583474,0.0032371717069501517,0.002202983405001317,0.004549536131020279,0,2,0.005385936627025495,uncomfortable,attentive,attentive,relaxed,relaxed,attentive
1347,/home/glyc/Documents/PyProjects/catface/data/cat-emotions-3/train/relaxed/00000322_010_png.rf.4d604295197c43cecf409b1a6d1f778c.jpg,3,relaxed,1.3099520802418112,36.661584186579645,0.05410632667713107,0.042274587507552884,0.07269087037577997,0,2,-0.008328608325449155,attentive,attentive,attentive,attentive,relaxed,relaxed
1348,/home/glyc/Documents/PyProjects/catface/data/cat-emotions-3/train/relaxed/00000322_021_png.rf.5fe3fb02542f69b4c58d703da95a036d.jpg,1,relaxed,1.2329602978451795,40.97212626771471,0.021668067155439615,0.008475946676185848,0.024950764634599224,0,3,-0.0037629095301844884,attentive,relaxed,relaxed,relaxed,relaxed,relaxed
1349,/home/glyc/Documents/PyProjects/catface/data/cat-emotions-3/train/relaxed/00000323_003_png.rf.c6de03ce50c2dcd8ab9c0c1875b903bf.jpg,3,relaxed,1.2384334785432638,40.67838651430869,-0.08395251910158849,-0.060421742153832336,0.09767831543305924,0,3,0.008937357852135813,attentive,relaxed,attentive,attentive,relaxed,relaxed
1350,/home/glyc/Documents/PyProjects/catface/data/cat-emotions-3/train/relaxed/00000323_020_png.rf.46a8b00b2c816af009e60804019b3da1.jpg,1,relaxed,1.4543485548097812,27.051220104358556,0.04057283925166412,0.040464908702372744,0.07945301018464204,0,0,-0.008829778955782686,attentive,attentive,attentive,attentive,uncomfortable,attentive
1351,/home/glyc/Documents/PyProjects/catface/data/cat-emotions-3/train/relaxed/00000323_024_png.rf.3bb34bdc66296cde2284924a8df506c3.jpg,0,relaxed,1.3167830749788785,36.25826858354201,0.004144928974099338,0.007936091049263856,0.005651259387298048,0,2,0.0007195554431157769,relaxed,attentive,attentive,attentive,relaxed,relaxed
1352,/home/glyc/Documents/PyProjects/catface/data/cat-emotions-3/train/relaxed/00000323_025_png.rf.b3e2701aff0a663f200094e7084938dd.jpg,1,relaxed,1.3355922129925875,35.1271231500379,-0.0984514919616967,-0.09317029315438623,0.13994143844959792,0,1,0.017005197037374936,relaxed,attentive,attentive,relaxed,relaxed,relaxed
1353,/home/glyc/Documents/PyProjects/catface/data/cat-emotions-3/train/relaxed/00000324_000_png.rf.bdfca2cae1219a1048fef7309240317f.jpg,3,relaxed,1.1630050765214492,44.58660880233939,0.03607400981303029,0.015634353719458455,0.03659835273242347,0,3,-0.00564043014268556,relaxed,relaxed,attentive,attentive,relaxed,uncomfortable
1354,/home/glyc/Documents/PyProjects/catface/data/cat-emotions-3/train/relaxed/00000324_016_png.rf.d167b60da8bd52baa4628bed14421ec8.jpg,0,relaxed,1.1713561205248018,44.167654481087176,-0.08750866230772297,-0.07579644634824566,0.0900888327862224,0,3,0.007981650320660533,relaxed,relaxed,attentive,relaxed,relaxed,relaxed
1355,/home/glyc/Documents/PyProjects/catface/data/cat-emotions-3/train/relaxed/00000324_017_png.rf.b3f9a95ee47b99866c2e57ba24f9fd8e.jpg,2,relaxed,1.3178898333142859,36.19255893973723,-0.06498083878260456,-0.04827844675049876,0.08880925513436343,0,2,0.013357739537976338,uncomfortable,attentive,attentive,attentive,relaxed,relaxed
1356,/home/glyc/Documents/PyProjects/catface/data/cat-emotions-3/train/relaxed/00000324_028_png.rf.0cad13fd0d0fc87e427bd9757e4ab64d.jpg,2,relaxed,1.3737151277527129,32.73053192720511,-0.07219846639366027,-0.10085341884587536,0.11232895711104902,0,1,0.00879590554575671,relaxed,uncomfortable,uncomfortable,uncomfortable,attentive,attentive
1357,/home/glyc/Documents/PyProjects/catface/data/cat-emotions-3/train/relaxed/00000325_004_png.rf.9c763d2a39b32650a21bd6426a39c622.jpg,2,relaxed,1.157473891898227,44.862392676798166,0.10658332392321757,0.10819628636316056,0.10709651997581873,0,3,-0.016961931188620716,uncomfortable,relaxed,attentive,relaxed,relaxed,relaxed
1358,/home/glyc/Documents/PyProjects/catface/data/cat-emotions-3/train/relaxed/00000325_008_png.rf.66e37ea45f8a941e479f6b62c9f02168.jpg,1,relaxed,1.3348821746075243,35.17039660775769,-0.06136265498954955,-0.05230145392744401,0.08708259565177022,0,1,0.006610707299160357,attentive,attentive,attentive,relaxed,relaxed,uncomfortable
1359,/home/glyc/Documents/PyProjects/catface/data/cat-emotions-3/train/relaxed/00000325_024_png.rf.0bd3f84ff6b889cd0b031c1d3fa4e6b0.jpg,0,relaxed,1.1574903469194247,44.86157421372412,-0.030790297956187217,-0.028723787125486535,0.03093943640432024,0,3,0.0069506941446478565,relaxed,attentive,attentive,attentive,relaxed,uncomfortable
1360,/home/glyc/Documents/PyProjects/catface/data/cat-emotions-3/train/relaxed/00000326_008_png.rf.6899e93d6fdc1b3e55cd80824857df7e.jpg,1,relaxed,1.1297665183079122,46.22439399344922,0.04253137054961813,0.018422432641755266,0.04075137182406077,0,3,-0.0003819598682011649,relaxed,relaxed,attentive,relaxed,relaxed,relaxed
1361,/home/glyc/Documents/PyProjects/catface/data/cat-emotions-3/train/relaxed/00000326_019_png.rf.875c1cc5fe9a9d50fdafe3d82528e135.jpg,2,relaxed,1.2511383538077847,39.98966617866106,0.03217088344721878,0.048554375490570345,0.03835381215186165,0,3,-0.006481903221690871,attentive,attentive,attentive,attentive,relaxed,uncomfortable
1362,/home/glyc/Documents/PyProjects/catface/data/cat-emotions-3/train/relaxed/00000327_025_png.rf.8983cb062809b956890a38d0dc031b48.jpg,4,relaxed,1.2696952603445504,38.96556296268116,-0.08807204893563415,-0.06461123546451339,0.10889368092087326,0,2,0.009601494348780076,uncomfortable,relaxed,attentive,relaxed,relaxed,attentive
1363,/home/glyc/Documents/PyProjects/catface/data/cat-emotions-3/train/relaxed/00000328_010_png.rf.ffc60d7947888b807aa09bf4cc50be6d.jpg,0,relaxed,1.359937682929627,33.614012560595086,0.03546494336405738,0.011099818862263954,0.05335071902251016,0,1,-0.001166025672876797,relaxed,attentive,attentive,relaxed,relaxed,relaxed
1364,/home/glyc/Documents/PyProjects/catface/data/cat-emotions-3/train/relaxed/00000329_021_png.rf.172049c77678461ef63c6029cb89e5bb.jpg,1,relaxed,1.321443471264125,35.98087473434698,0.06136162971428228,0.05660426590219992,0.08451634993814626,0,2,-0.006401769506412969,relaxed,relaxed,uncomfortable,uncomfortable,relaxed,relaxed
1365,/home/glyc/Documents/PyProjects/catface/data/cat-emotions-3/train/relaxed/00000330_018_png.rf.73ba27e4fd05dd1d49a4f44ecddb6c49.jpg,0,relaxed,1.375370308619089,32.622967135779504,0.026231387501755674,0.03881195733992446,0.04098067608515032,0,1,0.0007941922395155732,uncomfortable,attentive,relaxed,uncomfortable,attentive,relaxed
1366,/home/glyc/Documents/PyProjects/catface/data/cat-emotions-3/train/relaxed/00000331_019_png.rf.ecd40ac473f8fbc41af2700028cc512e.jpg,4,relaxed,1.3537305226955136,34.005407508670345,0.007612978902922094,0.014007438856668036,0.011284407930422175,0,1,-0.002046905494298895,attentive,attentive,attentive,attentive,relaxed,relaxed
1367,/home/glyc/Documents/PyProjects/catface/data/cat-emotions-3/train/relaxed/00000333_013_png.rf.2041d23a9af3376bfa84d8a0dfaeea70.jpg,3,relaxed,1.19808979335407,42.80462777248419,-0.0015343777331224102,0.01947483832992629,0.0016567087885593916,0,3,0.0005938036613453435,attentive,relaxed,attentive,relaxed,relaxed,relaxed
1368,/home/glyc/Documents/PyProjects/catface/data/cat-emotions-3/train/relaxed/00000334_002_png.rf.8310255000da3ed2d93b785c5e4aa116.jpg,2,relaxed,1.1949725010264627,42.96534708701422,-0.0022687003739598364,0.001441441857011189,0.002435835246297124,0,3,-0.004340984965829964,uncomfortable,relaxed,attentive,relaxed,relaxed,relaxed
1369,/home/glyc/Documents/PyProjects/catface/data/cat-emotions-3/train/relaxed/00000334_017_png.rf.ddebeb09e1e05d10d7b6b4b2cb6432b0.jpg,2,relaxed,1.3103107182402858,36.640504570415466,0.12008888938272533,0.0980393824449699,0.16146123745629937,0,2,-0.015126371365970365,relaxed,relaxed,attentive,relaxed,relaxed,relaxed
1370,/home/glyc/Documents/PyProjects/catface/data/cat-emotions-3/train/relaxed/00000336_003_png.rf.57b90c5453a9ea2ee1a0c8160ebd8b3a.jpg,3,relaxed,1.2894316675112978,37.850913766643245,-0.014690288094761635,-0.008864370460276591,0.018903895140206548,0,2,-0.0009093509828490554,uncomfortable,attentive,relaxed,attentive,relaxed,relaxed
1371,/home/glyc/Documents/PyProjects/catface/data/cat-emotions-3/train/relaxed/00000336_015_png.rf.cc7cf50893b1abee304a4ca879460822.jpg,0,relaxed,1.3653299431491912,33.270707836932274,0.07539311382705248,0.05778043670595128,0.1149030194850938,0,1,-0.016044669169798215,uncomfortable,uncomfortable,relaxed,relaxed,relaxed,attentive
1372,/home/glyc/Documents/PyProjects/catface/data/cat-emotions-3/train/relaxed/00000336_025_png.rf.7e410c9e40e9bbcaf7e11b53a97df48a.jpg,0,relaxed,1.3723635435932795,32.81813447259836,-0.008958574764299442,-0.021173057191066852,0.01389132917320195,0,1,-0.0014914798287347097,attentive,attentive,attentive,relaxed,attentive,relaxed
1373,/home/glyc/Documents/PyProjects/catface/data/cat-emotions-3/train/relaxed/00000338_009_png.rf.01afd089a1302c53fdd0809786f7295e.jpg,2,relaxed,1.4154467537496414,29.913646165718315,0.09407359594473487,0.06766705138333338,0.1635088679920776,0,1,-0.018621873626984448,relaxed,relaxed,attentive,attentive,uncomfortable,attentive
1374,/home/glyc/Documents/PyProjects/catface/data/cat-emotions-3/train/relaxed/00000339_025_png.rf.ec52eb9292ca127e9c535778d80c944f.jpg,1,relaxed,1.4455131621809156,27.725114730062845,-0.0859934033632811,-0.0690531350268579,0.16361899670941055,0,0,0.016504602811834107,attentive,uncomfortable,relaxed,relaxed,uncomfortable,attentive
1375,/home/glyc/Documents/PyProjects/catface/data/cat-emotions-3/train/relaxed/00000340_010_png.rf.af05752c4411608ef4f006137ed430f2.jpg,2,relaxed,1.4003056804387441,30.962294842474574,-0.0014376780245386126,-0.03839757407462051,0.0023962686044575756,0,1,-0.004870674713057965,attentive,uncomfortable,relaxed,attentive,attentive,attentive
1376,/home/glyc/Documents/PyProjects/catface/data/cat-emotions-3/train/relaxed/00000340_013_png.rf.1180f81ca7481de12327204ad2a84db0.jpg,3,relaxed,1.3881397082650548,31.782242814186723,-0.03502455258857973,-0.03910671424976953,0.05652793091257155,0,1,0.0034668960845314067,uncomfortable,relaxed,relaxed,relaxed,attentive,attentive
1377,/home/glyc/Documents/PyProjects/catface/data/cat-emotions-3/train/relaxed/00000340_024_png.rf.55b994fa1922f5a720796c30c3a1e52b.jpg,4,relaxed,1.2157599690258816,41.88420006116824,0.1743504613153267,0.14150853862195245,0.19442459818725358,0,3,-0.024527639973941723,relaxed,relaxed,relaxed,relaxed,relaxed,attentive
1378,/home/glyc/Documents/PyProjects/catface/data/cat-emotions-3/train/relaxed/00000340_027_png.rf.447285b772525e71a98f660d19a56997.jpg,0,relaxed,1.4477839787013855,27.55336655732117,-0.03825656758227829,-0.03793872330362135,0.07332335603433734,0,0,0.010343036837703157,attentive,relaxed,relaxed,relaxed,uncomfortable,uncomfortable
1379,/home/glyc/Documents/PyProjects/catface/data/cat-emotions-3/train/relaxed/00000341_004_png.rf.cd2b8b58245b9716e6af5b65b625251a.jpg,1,relaxed,1.2996678326664481,37.26169930278237,-0.15498943773770138,-0.11938676958269061,0.20373510189491933,0,2,0.02408892815033503,uncomfortable,attentive,attentive,attentive,relaxed,attentive
1380,/home/glyc/Documents/PyProjects/catface/data/cat-emotions-3/train/relaxed/00000341_011_png.rf.1a99c77d066d6a31033f204f7c7a5b55.jpg,0,relaxed,1.229889537989901,41.136173287346104,-0.029834252571415625,-0.01506788196460161,0.03415609064969827,0,3,0.0046498499184453035,uncomfortable,uncomfortable,uncomfortable,relaxed,relaxed,relaxed
1381,/home/glyc/Documents/PyProjects/catface/data/cat-emotions-3/train/relaxed/00000342_000_png.rf.dd0253d0e658fae56776c4c767d1a87e.jpg,4,relaxed,1.453360603502837,27.12734034860703,-0.052276709369893586,-0.07749326027989989,0.10203755319036104,0,0,0.00993393049303265,attentive,attentive,relaxed,attentive,uncomfortable,uncomfortable
1382,/home/glyc/Documents/PyProjects/catface/data/cat-emotions-3/train/relaxed/00000342_028_png.rf.28988b5f8331a2f76a210c01767e711d.jpg,0,relaxed,1.2643939927101628,39.26040536219722,-0.1109650713174328,-0.1586895256173318,0.1357641345022195,0,3,0.015864430508767458,attentive,relaxed,attentive,relaxed,relaxed,relaxed
1383,/home/glyc/Documents/PyProjects/catface/data/cat-emotions-3/train/relaxed/00000343_007_png.rf.3de2434c6cb7c159857a151fe2e6a0d1.jpg,0,relaxed,1.339918247097022,34.86246066698157,-0.03838394223314858,-0.04937133258415056,0.05509898761535845,0,1,0.004363449360097221,attentive,attentive,attentive,attentive,relaxed,attentive
1384,/home/glyc/Documents/PyProjects/catface/data/cat-emotions-3/train/relaxed/00000343_012_png.rf.d95efbd9ca6ec149bf663b23ba66c436.jpg,4,relaxed,1.3291239744348504,35.51963505209582,-0.033197256260196296,-0.037318359825022795,0.046507116221416823,0,2,0.0029241920714275227,uncomfortable,relaxed,relaxed,relaxed,relaxed,uncomfortable
1385,/home/glyc/Documents/PyProjects/catface/data/cat-emotions-3/train/relaxed/00000344_011_png.rf.2cacb2abc3eae7723a3f7f52ee2e4600.jpg,0,relaxed,1.2719310741041374,38.84064945248116,-0.05997140279275086,-0.05268335982863401,0.07448111215864385,0,2,0.010059312381779734,uncomfortable,relaxed,attentive,relaxed,relaxed,attentive
1386,/home/glyc/Documents/PyProjects/catface/data/cat-emotions-3/train/relaxed/00000344_013_png.rf.3fe8ee9221037612135e6de8e94c124e.jpg,1,relaxed,1.497651256579078,23.491729789930456,0.038338638006287416,0.02594796104576184,0.08820764661327796,0,0,-0.0089680354741489,relaxed,relaxed,attentive,relaxed,uncomfortable,relaxed
1387,/home/glyc/Documents/PyProjects/catface/data/cat-emotions-3/train/relaxed/00000344_017_png.rf.fce0302bcfe9c0e98bb04cc3eda06f1e.jpg,4,relaxed,1.2113321031054705,42.1163766420182,-0.09127953666868435,-0.06642532516598222,0.10096303713885511,0,3,0.011707545106582923,relaxed,relaxed,relaxed,relaxed,relaxed,relaxed
1388,/home/glyc/Documents/PyProjects/catface/data/cat-emotions-3/train/relaxed/00000344_026_png.rf.df9929139c689e4f9bac68d307f8445e.jpg,2,relaxed,1.2803983363587168,38.36448598322567,0.011979863853407827,0.014898414915221727,0.015134087494031192,0,2,-0.004706939622503931,relaxed,attentive,attentive,relaxed,relaxed,relaxed
1389,/home/glyc/Documents/PyProjects/catface/data/cat-emotions-3/train/relaxed/00000345_014_png.rf.b360c1ec45c66cd27ebe5c36242cf7a6.jpg,3,relaxed,1.33587366884046,35.10995689521001,0.11971118459465505,0.1246275118087979,0.17026888155523287,0,1,-0.033435536143027966,attentive,attentive,attentive,attentive,relaxed,relaxed
1390,/home/glyc/Documents/PyProjects/catface/data/cat-emotions-3/train/relaxed/00000345_020_png.rf.0aa7919d1baf448fba4727aed55df6cf.jpg,4,relaxed,1.2836879632795692,38.1781389801501,0.011189698892845983,0.0020108151224146518,0.01423074017813218,0,2,0.0010472350661928087,relaxed,uncomfortable,uncomfortable,uncomfortable,relaxed,relaxed
1391,/home/glyc/Documents/PyProjects/catface/data/cat-emotions-3/train/relaxed/00000345_022_png.rf.aa603f03eb64adbf49747028f9e05092.jpg,0,relaxed,1.494424934008362,23.774110943619398,0.0007377315529425892,-0.006787410770915416,0.0016747103912073784,0,0,0.0003455676751875636,uncomfortable,uncomfortable,uncomfortable,uncomfortable,uncomfortable,relaxed
1392,/home/glyc/Documents/PyProjects/catface/data/cat-emotions-3/train/relaxed/00000345_026_png.rf.69089a065c419692ef8a7d69d1ad58b8.jpg,2,relaxed,1.2514059588067055,39.97505372658841,-0.030060997004988207,-0.012596908906276679,0.035856995163992454,0,3,0.0053292970492395675,relaxed,relaxed,attentive,attentive,relaxed,relaxed
1393,/home/glyc/Documents/PyProjects/catface/data/cat-emotions-3/train/relaxed/00000345_027_png.rf.ac310fec535e16cef976136286496eea.jpg,1,relaxed,1.3753020705278527,32.62740793789764,-0.004874594117299847,-0.025145393200672272,0.007614163273711995,0,1,0.00410629011858718,relaxed,relaxed,uncomfortable,relaxed,attentive,relaxed
1394,/home/glyc/Documents/PyProjects/catface/data/cat-emotions-3/train/relaxed/00000346_013_png.rf.77d3751cb214d0f6800f027fe62681e6.jpg,3,relaxed,1.7993647208166603,0.0,0.07187090872412745,0.06939504440834449,,1,0,-0.013040896161650689,attentive,uncomfortable,uncomfortable,attentive,uncomfortable,uncomfortable
1395,/home/glyc/Documents/PyProjects/catface/data/cat-emotions-3/train/relaxed/00000347_029_png.rf.18e7fabe8b08cdc7524c4bde63da7be7.jpg,4,relaxed,1.3842316751760315,32.041634417380806,-0.008254691349936298,-0.010886665790185275,0.013188931907754954,0,1,0.003883910612854591,relaxed,attentive,relaxed,uncomfortable,attentive,relaxed
1396,/home/glyc/Documents/PyProjects/catface/data/cat-emotions-3/train/relaxed/00000349_011_png.rf.f24545d20c5ee3ea672addeb777cd3b6.jpg,2,relaxed,1.2716781774592072,38.854795577547264,-0.05246645475424712,-0.04592583322190314,0.06512746452102468,0,2,0.0055999717411864824,uncomfortable,uncomfortable,uncomfortable,uncomfortable,relaxed,uncomfortable
1397,/home/glyc/Documents/PyProjects/catface/data/cat-emotions-3/train/relaxed/00000349_012_png.rf.c9a1e88546cdfd87ca74cfb68b798c64.jpg,2,relaxed,1.2807973771647703,38.34192244242758,-0.02690055302378222,-0.022990426422630654,0.03401081519678597,0,2,0.0003619844831946051,uncomfortable,attentive,attentive,relaxed,relaxed,relaxed
1398,/home/glyc/Documents/PyProjects/catface/data/cat-emotions-3/train/relaxed/00000350_020_png.rf.162be11ea387f4dc1a4576bf08c4f79b.jpg,3,relaxed,1.2231027836577064,41.496845253688335,0.03825959675894501,0.03562863726638183,0.04324940566028971,0,3,-0.003725709068593458,relaxed,relaxed,relaxed,relaxed,relaxed,relaxed
1399,/home/glyc/Documents/PyProjects/catface/data/cat-emotions-3/train/relaxed/00000351_003_png.rf.67b86e337238b506522e972211db8d1a.jpg,0,relaxed,1.3627371830084174,33.43616785466463,0.1811784549227907,0.14441469898305195,0.27439449266317517,0,1,-0.022603909946698544,relaxed,uncomfortable,uncomfortable,uncomfortable,relaxed,relaxed
1400,/home/glyc/Documents/PyProjects/catface/data/cat-emotions-3/train/relaxed/00000351_020_png.rf.70c7aa9f94dbbac1fca8862a290944c8.jpg,0,relaxed,1.3896201111983872,31.68348656431016,-0.16435985814694515,-0.11914990982539078,0.26629292776297137,0,1,0.03185960703515808,relaxed,relaxed,attentive,relaxed,attentive,uncomfortable
1401,/home/glyc/Documents/PyProjects/catface/data/cat-emotions-3/train/relaxed/00000351_022_png.rf.2f1a1ee251ae64662f6d0d38b43e58c5.jpg,0,relaxed,1.2980763676724107,37.353827498574745,0.12218549064787253,0.14708298559719543,0.16007917965065288,0,2,-0.03134177577946551,uncomfortable,uncomfortable,uncomfortable,uncomfortable,relaxed,relaxed
1402,/home/glyc/Documents/PyProjects/catface/data/cat-emotions-3/train/relaxed/00000353_003_png.rf.793ac1d68005ac33a2f9ce9c70d2990c.jpg,1,relaxed,1.4355425693722084,28.467926085110467,-0.04353173769226171,-0.08701431749352637,0.08028262856520388,0,0,0.00673223974069026,attentive,uncomfortable,uncomfortable,uncomfortable,uncomfortable,uncomfortable
1403,/home/glyc/Documents/PyProjects/catface/data/cat-emotions-3/train/relaxed/00000353_010_png.rf.5a644cca50be4c006bcde288139b152a.jpg,4,relaxed,1.2683987205277858,39.03784578567169,-0.024087286243496563,-0.010387149883148391,0.02970518057458927,0,2,0.002615682450344381,uncomfortable,relaxed,relaxed,relaxed,relaxed,uncomfortable
1404,/home/glyc/Documents/PyProjects/catface/data/cat-emotions-3/train/relaxed/00000354_013_png.rf.dd42e694447b50740a4e8d493b26e0f1.jpg,0,relaxed,1.3366552772907234,35.06224745182403,0.21750621432593925,0.18319729950912417,0.30991390841363836,0,1,-0.0338847864086772,relaxed,attentive,relaxed,uncomfortable,relaxed,uncomfortable
1405,/home/glyc/Documents/PyProjects/catface/data/cat-emotions-3/train/relaxed/00000354_019_png.rf.248f893c160c4c8b0eb69b9596723043.jpg,0,relaxed,1.1637451094535005,44.54960882080997,-0.0342737370601105,-0.12286969189440118,0.03481685620428582,0,3,0.0075947751387886175,uncomfortable,uncomfortable,uncomfortable,relaxed,relaxed,uncomfortable
1406,/home/glyc/Documents/PyProjects/catface/data/cat-emotions-3/train/relaxed/00000354_021_png.rf.12f3ec24c0ce91f8c12aac8ba6e0bedb.jpg,4,relaxed,1.3651843030354,33.28002131718496,0.10915918823900622,0.0911117380548274,0.16630532610425608,0,1,-0.019057764847522418,relaxed,uncomfortable,uncomfortable,uncomfortable,relaxed,relaxed
1407,/home/glyc/Documents/PyProjects/catface/data/cat-emotions-3/train/relaxed/00000355_004_png.rf.ffc96ca93f8ab77293a983a180e591fa.jpg,0,relaxed,1.452241272544199,27.21334540131622,-0.016827525775240874,-0.025126513567079702,0.03272407338535027,0,0,0.002391188498375163,relaxed,attentive,relaxed,attentive,uncomfortable,relaxed
1408,/home/glyc/Documents/PyProjects/catface/data/cat-emotions-3/train/relaxed/00000355_010_png.rf.5b11a9f34a417051ecac80230e43b3f8.jpg,4,relaxed,1.4055982548653616,30.599432606040452,-0.10211682254176496,-0.11893917812836928,0.1726740196775007,0,1,0.021084034184629383,uncomfortable,uncomfortable,uncomfortable,uncomfortable,attentive,relaxed
1409,/home/glyc/Documents/PyProjects/catface/data/cat-emotions-3/train/relaxed/00000355_012_png.rf.3343e273b382a181678fcfa1489c1045.jpg,0,relaxed,1.5898851783306154,13.194965339569363,-0.005173017005399371,-0.01160937133495527,0.022063991200109982,0,0,0.004125654663694217,uncomfortable,uncomfortable,uncomfortable,uncomfortable,uncomfortable,uncomfortable
1410,/home/glyc/Documents/PyProjects/catface/data/cat-emotions-3/train/relaxed/00000356_005_png.rf.97649a1fd3ca377a78f3dbfc7023f02e.jpg,0,relaxed,1.5451103405529019,18.88322231183163,-0.05280858756183405,-0.04264849192155844,0.15438877095021006,0,0,0.010507097340783422,uncomfortable,uncomfortable,uncomfortable,uncomfortable,uncomfortable,uncomfortable
1411,/home/glyc/Documents/PyProjects/catface/data/cat-emotions-3/train/relaxed/00000356_006_png.rf.d014a2a7061457a8e12a614a8424f27e.jpg,1,relaxed,1.3666357170221524,33.187102098428745,-0.024630997896184757,-0.015108223299160782,0.037658609618013705,0,1,0.006901260066306231,relaxed,uncomfortable,uncomfortable,relaxed,relaxed,relaxed
1412,/home/glyc/Documents/PyProjects/catface/data/cat-emotions-3/train/relaxed/00000356_013_png.rf.d6171660400332c3a0f1845577f5e63d.jpg,3,relaxed,1.3491043402461746,34.29455395649268,-0.009219878261049313,-0.004122382302445961,0.013518596129887041,0,1,0.0020333661740582765,attentive,relaxed,relaxed,attentive,relaxed,relaxed
1413,/home/glyc/Documents/PyProjects/catface/data/cat-emotions-3/train/relaxed/00000357_004_png.rf.de3508d12bcc7905d41d7d842f1bf0b8.jpg,1,relaxed,1.3128210062857175,36.492664616703024,0.06751078923468833,0.054428274700953364,0.09126002817967503,0,2,-0.010889515327802524,relaxed,relaxed,attentive,relaxed,relaxed,uncomfortable
1414,/home/glyc/Documents/PyProjects/catface/data/cat-emotions-3/train/relaxed/00000357_007_png.rf.6b15658ac5a5a2676e343ebb2f253305.jpg,0,relaxed,1.255459470547246,39.75316681546583,0.04156321699866674,0.02539107549958001,0.049968718569248186,0,3,-0.00542566210130177,attentive,attentive,attentive,attentive,relaxed,attentive
1415,/home/glyc/Documents/PyProjects/catface/data/cat-emotions-3/train/relaxed/00000358_001_png.rf.aeadb1bfce231780240a3c80c9059c4e.jpg,3,relaxed,1.394096219005503,31.38319663485957,0.13847746039521258,0.14140063723407365,0.22701218043965318,0,1,-0.0373403105674156,attentive,attentive,attentive,attentive,attentive,attentive
1416,/home/glyc/Documents/PyProjects/catface/data/cat-emotions-3/train/relaxed/00000358_018_png.rf.6d7a2f4543ef0a97877530b074fb7612.jpg,1,relaxed,1.168248967975072,44.32389998096414,-0.004602065634516592,-0.010087561984371883,0.004711978048041221,0,3,-0.00032179887847491595,attentive,attentive,attentive,attentive,relaxed,uncomfortable
1417,/home/glyc/Documents/PyProjects/catface/data/cat-emotions-3/train/relaxed/00000358_025_png.rf.7033ab89b387eaf3e3c018131d87b66a.jpg,3,relaxed,1.2572900893860062,39.652620650022754,0.006847444502917214,0.021663080095056287,0.008261678034734774,0,3,-0.005596150472114758,relaxed,relaxed,attentive,relaxed,relaxed,attentive
1418,/home/glyc/Documents/PyProjects/catface/data/cat-emotions-3/train/relaxed/00000358_028_png.rf.eb6e357435e7071212413dcbe6cb9bad.jpg,4,relaxed,1.2712354373395511,38.879550428360595,-0.023883678355745164,-0.0274475188999073,0.029620993583816476,0,2,0.00421331208886952,attentive,attentive,attentive,attentive,relaxed,attentive
1419,/home/glyc/Documents/PyProjects/catface/data/cat-emotions-3/train/relaxed/00000359_015_png.rf.28b48040454d248fd5dc7fb243fd39e6.jpg,2,relaxed,1.3124241156366458,36.516073219784516,0.00132191706243061,-0.014469974273847212,0.0017854206606592244,0,2,-0.0007354434697491863,relaxed,attentive,attentive,attentive,relaxed,uncomfortable
1420,/home/glyc/Documents/PyProjects/catface/data/cat-emotions-3/train/relaxed/00000359_018_png.rf.2c11dabee45bacfeeafd75cfbb79e63b.jpg,2,relaxed,1.533190370793276,20.135568679061095,-0.15594623092508858,-0.1333798299198297,0.425324777645137,0,0,0.03013914946837548,attentive,attentive,attentive,relaxed,uncomfortable,uncomfortable
1421,/home/glyc/Documents/PyProjects/catface/data/cat-emotions-3/train/relaxed/00000359_025_png.rf.e8c818f2cb26cd35614e9a48da5a71b3.jpg,2,relaxed,1.4169756786014702,29.805900604454877,-0.01483964959330269,-0.002846265155913251,0.025905302262857137,0,1,0.0042444032057446235,attentive,attentive,attentive,relaxed,uncomfortable,relaxed
1422,/home/glyc/Documents/PyProjects/catface/data/cat-emotions-3/train/relaxed/00000361_021_png.rf.4998176011cac02e7bca300115961ff3.jpg,0,relaxed,1.3347056635387287,35.18114691936676,-0.005022819656711717,-0.006877654111011111,0.007125277135020816,0,1,-0.001559496306455188,uncomfortable,relaxed,relaxed,relaxed,relaxed,relaxed
1423,/home/glyc/Documents/PyProjects/catface/data/cat-emotions-3/train/relaxed/00000362_006_png.rf.014c9456983286527e9e24ed91abc524.jpg,3,relaxed,1.2378979503235128,40.70720490327262,-0.25511747739652113,-0.19562796153946202,0.296525998401479,0,3,0.04324005820829799,attentive,relaxed,relaxed,relaxed,relaxed,relaxed
1424,/home/glyc/Documents/PyProjects/catface/data/cat-emotions-3/train/relaxed/00000362_010_png.rf.b4ec33a310ca4b15c47e62d312a72830.jpg,2,relaxed,1.664627703725518,0.0,0.016329825753690956,0.016191487330422638,,1,0,-0.002897046613523385,relaxed,uncomfortable,uncomfortable,uncomfortable,uncomfortable,uncomfortable
1425,/home/glyc/Documents/PyProjects/catface/data/cat-emotions-3/train/relaxed/00000363_004_png.rf.d10f57262ee4b9481daa78baa0c06f76.jpg,0,relaxed,1.3847773785889461,32.00552686628162,0.06638150607999564,0.055801631162339806,0.1062098172078217,0,1,-0.008484389351327032,uncomfortable,attentive,attentive,attentive,attentive,relaxed
1426,/home/glyc/Documents/PyProjects/catface/data/cat-emotions-3/train/relaxed/00000363_020_png.rf.8aba9cfc327649b37a26f86852f6788d.jpg,1,relaxed,1.3121207650781361,36.533956124188464,-0.004332915158635399,-0.000914735923278006,0.005848346850034948,0,2,-0.0005593331486799802,attentive,attentive,attentive,attentive,relaxed,relaxed
1427,/home/glyc/Documents/PyProjects/catface/data/cat-emotions-3/train/relaxed/00000364_002_png.rf.7893af09938a6457971ff025f25fd2e8.jpg,4,relaxed,1.3915444723439676,31.554700497807595,0.05746875254636362,0.06287382792015947,0.09357982382137904,0,1,-0.010703098539408512,uncomfortable,relaxed,relaxed,relaxed,attentive,relaxed
1428,/home/glyc/Documents/PyProjects/catface/data/cat-emotions-3/train/relaxed/00000364_021_png.rf.fbeff395b82f174d51d59bb7532e3a57.jpg,1,relaxed,1.446509632108448,27.64986994139637,0.025713137625287708,0.028175039847574794,0.04908060043684164,0,0,-0.005226610306401452,relaxed,uncomfortable,uncomfortable,uncomfortable,uncomfortable,uncomfortable
1429,/home/glyc/Documents/PyProjects/catface/data/cat-emotions-3/train/relaxed/00000364_022_png.rf.c57bf87ddeae67be62b3c0b121f4d266.jpg,2,relaxed,1.2540619013532472,39.829785285966715,0.0057003716892029795,0.009791135497677161,0.006834570860070342,0,3,-0.002888248378380448,uncomfortable,relaxed,relaxed,relaxed,relaxed,uncomfortable
1430,/home/glyc/Documents/PyProjects/catface/data/cat-emotions-3/train/relaxed/00000365_006_png.rf.2223c0d6f5ad3dd05108f9a9905726a5.jpg,2,relaxed,1.295732466202975,37.48916118176717,-0.13644852333142998,-0.10890111493957132,0.1778928469161017,0,2,0.02205034058711275,relaxed,relaxed,attentive,relaxed,relaxed,attentive
1431,/home/glyc/Documents/PyProjects/catface/data/cat-emotions-3/train/relaxed/00000365_027_png.rf.d3cc316eca0476b5af7a91557e75a6c7.jpg,4,relaxed,1.2171072620068768,41.8133460219138,0.03275860451513768,0.0437345067975752,0.03662133417887151,0,3,-0.006503655640241218,uncomfortable,relaxed,attentive,relaxed,relaxed,uncomfortable
1432,/home/glyc/Documents/PyProjects/catface/data/cat-emotions-3/train/relaxed/00000365_028_png.rf.f88bc6d79c9ceb34ff83771006dd7e52.jpg,0,relaxed,1.1453625139499146,45.46166307557091,-0.04233354709992106,-0.029079783888544822,0.04165677699852739,0,3,0.00668754249551104,uncomfortable,relaxed,attentive,relaxed,relaxed,relaxed
1433,/home/glyc/Documents/PyProjects/catface/data/cat-emotions-3/train/relaxed/00000366_001_png.rf.db2db80757211a8598c6d21add9b1e2c.jpg,2,relaxed,1.3967823785161368,31.20174482460038,0.02715904017261574,0.02658285541371256,0.04484182365427368,0,1,-0.006449742463264019,attentive,attentive,attentive,attentive,attentive,relaxed
1434,/home/glyc/Documents/PyProjects/catface/data/cat-emotions-3/train/relaxed/00000366_010_png.rf.a30269271a44c3a0612898778c3b36a9.jpg,0,relaxed,1.3603799602908448,33.58597118857769,0.009424125183971888,0.00824049399903869,0.014191986320883221,0,1,-0.0012652512362028856,relaxed,relaxed,relaxed,attentive,relaxed,uncomfortable
1435,/home/glyc/Documents/PyProjects/catface/data/cat-emotions-3/train/relaxed/00000366_026_png.rf.232a7b55c1f277aa73ed07e8b0b2a5e5.jpg,4,relaxed,1.6529450804255286,0.0,-0.011007379370222234,-0.008457231172992288,,1,0,-0.0004199536484515709,uncomfortable,uncomfortable,uncomfortable,uncomfortable,uncomfortable,relaxed
1436,/home/glyc/Documents/PyProjects/catface/data/cat-emotions-3/train/relaxed/00000367_006_png.rf.e9f8ec78500a860e411014b460569966.jpg,3,relaxed,1.4897296318684068,24.179510371169673,-0.07056916551913257,-0.0638178495551756,0.15717381746649062,0,0,0.01763655967220265,attentive,attentive,attentive,attentive,uncomfortable,relaxed
1437,/home/glyc/Documents/PyProjects/catface/data/cat-emotions-3/train/relaxed/00000368_002_png.rf.cf1fd350ae8197fa90663f9a044999e6.jpg,2,relaxed,1.099061022575529,47.698438206428634,0.18309866015814869,0.15603667563811957,0.16661608528100771,0,3,-0.024099291338686407,relaxed,relaxed,attentive,relaxed,relaxed,relaxed
1438,/home/glyc/Documents/PyProjects/catface/data/cat-emotions-3/train/relaxed/00000368_013_png.rf.ddddb1a73137347735089a144995e8df.jpg,2,relaxed,1.2896471033433252,37.838593408877294,0.004429917771095851,0.00722500793080349,0.005703079242200374,0,2,0.0034919836785516634,uncomfortable,attentive,attentive,attentive,relaxed,relaxed
1439,/home/glyc/Documents/PyProjects/catface/data/cat-emotions-3/train/relaxed/00000368_016_png.rf.1b7136b9632c686c6439f0096daa79eb.jpg,1,relaxed,1.2269475469303468,41.29283835819892,-0.15257857160483693,-0.12382800386842034,0.17372033150126315,0,3,0.02533459670041402,attentive,attentive,attentive,attentive,relaxed,uncomfortable
1440,/home/glyc/Documents/PyProjects/catface/data/cat-emotions-3/train/relaxed/00000368_025_png.rf.39405eb690a9ed2e1bd97ef0811be1d5.jpg,4,relaxed,1.2631401554027197,39.329869121397984,-0.008310509051026668,-0.019323679643995405,0.010142665490989774,0,3,-0.0028183310197168743,attentive,attentive,attentive,attentive,relaxed,relaxed
1441,/home/glyc/Documents/PyProjects/catface/data/cat-emotions-3/train/relaxed/00000368_029_png.rf.83535acbcb65ef2b191296050912ccdb.jpg,4,relaxed,1.3871521051256115,31.847972361070205,0.14177396419950355,0.11288969191852635,0.2282310917205647,0,1,-0.025266121121043983,attentive,uncomfortable,relaxed,relaxed,attentive,attentive
1442,/home/glyc/Documents/PyProjects/catface/data/cat-emotions-3/train/relaxed/00000369_007_png.rf.b55d5d44cf2dad17f500a967863c82a3.jpg,2,relaxed,1.3234615591067338,35.86017987602109,-0.004387314860365095,0.002225481353297466,0.0060697144181776535,0,2,0.0016999899743062041,relaxed,relaxed,uncomfortable,relaxed,relaxed,uncomfortable
1443,/home/glyc/Documents/PyProjects/catface/data/cat-emotions-3/train/relaxed/00000369_024_png.rf.ce7dcc615b76091051eeb70ea4978dbd.jpg,4,relaxed,1.2784245340398526,38.47592892779286,-0.03884228926287158,-0.04378260211461416,0.048873581687801884,0,2,0.00828283484119316,attentive,attentive,attentive,relaxed,relaxed,attentive
1444,/home/glyc/Documents/PyProjects/catface/data/cat-emotions-3/train/relaxed/00000371_004_png.rf.2130daf23484cd68f0f201f799ba0967.jpg,1,relaxed,1.2456015673717682,40.29101061271482,0.10266218326563235,0.08371787502028298,0.12109360120307344,0,3,-0.0168580131853497,attentive,attentive,attentive,attentive,relaxed,attentive
1445,/home/glyc/Documents/PyProjects/catface/data/cat-emotions-3/train/relaxed/00000371_009_png.rf.f3ab9235c13a16dd1e58107318cfcb74.jpg,0,relaxed,1.411064614672238,30.220530030776565,-0.01558254610359834,0.003376520339629422,0.026751441842903373,0,1,0.0057954791698299896,uncomfortable,uncomfortable,uncomfortable,uncomfortable,uncomfortable,relaxed
1446,/home/glyc/Documents/PyProjects/catface/data/cat-emotions-3/train/relaxed/00000371_012_png.rf.808bc33781f5d42e7ca054a7765ea429.jpg,1,relaxed,1.2371961064283383,40.74494775256185,0.03670317394558347,-0.03958994770038737,0.04260372650834376,0,3,0.004927538680677718,relaxed,relaxed,uncomfortable,uncomfortable,relaxed,relaxed
1447,/home/glyc/Documents/PyProjects/catface/data/cat-emotions-3/train/relaxed/00000371_014_png.rf.9d7f916efc9d88ea441d41ebe78b088c.jpg,1,relaxed,1.3491187651372996,34.29365569861338,-0.026510760082027914,-0.014144516801701154,0.0388725663285396,0,1,0.009524588743699922,attentive,attentive,uncomfortable,uncomfortable,relaxed,relaxed
1448,/home/glyc/Documents/PyProjects/catface/data/cat-emotions-3/train/relaxed/00000371_029_png.rf.277c80e491920985de3c8c2eb23ea8a4.jpg,3,relaxed,1.4667563450959424,26.077732648719866,-0.10772122595425562,-0.10018817457429406,0.22010285427101162,0,0,0.021111623259258805,attentive,relaxed,relaxed,relaxed,uncomfortable,uncomfortable
1449,/home/glyc/Documents/PyProjects/catface/data/cat-emotions-3/train/relaxed/00000372_024_png.rf.036fc2b84cb15e07b6b3db9870569787.jpg,3,relaxed,1.2527659819853016,39.90072143543101,0.24898383790868175,0.12108093733734467,0.2977737097653089,0,3,-0.0231941983840106,relaxed,relaxed,attentive,attentive,relaxed,relaxed
1450,/home/glyc/Documents/PyProjects/catface/data/cat-emotions-3/train/relaxed/00000373_005_png.rf.4d1c5e6776f34e40243ceab65eb1208b.jpg,4,relaxed,1.2214760281036494,41.58291555180132,-0.0859281671457527,-0.09629385962935452,0.09684136996832013,0,3,0.01158145525460319,uncomfortable,relaxed,attentive,relaxed,relaxed,relaxed
1451,/home/glyc/Documents/PyProjects/catface/data/cat-emotions-3/train/relaxed/00000373_024_png.rf.4a3ad8268e45822a5915c00921238ea1.jpg,3,relaxed,1.8373471243806578,0.0,0.002480750648542329,0.006279118813022184,,1,0,-0.0016887419283038996,uncomfortable,uncomfortable,uncomfortable,uncomfortable,uncomfortable,uncomfortable
1452,/home/glyc/Documents/PyProjects/catface/data/cat-emotions-3/train/relaxed/00000374_000_png.rf.27b17ce40297d5854f1b3093e482b491.jpg,0,relaxed,1.3154836550550821,36.335285905156454,0.040364131887645975,0.005788203154904519,0.054878239368999264,0,2,0.0010946537446470117,uncomfortable,relaxed,relaxed,relaxed,relaxed,relaxed
1453,/home/glyc/Documents/PyProjects/catface/data/cat-emotions-3/train/relaxed/00000374_022_png.rf.04068d03f291b134cd288ef506045869.jpg,2,relaxed,1.2088885574281125,42.244059997517354,-0.01863349758367797,-0.01801413632186876,0.020518154635821264,0,3,0.004913154451471308,relaxed,relaxed,attentive,relaxed,relaxed,relaxed
1454,/home/glyc/Documents/PyProjects/catface/data/cat-emotions-3/train/relaxed/00000374_025_png.rf.89cab77aba98739269adfd6b27df839e.jpg,0,relaxed,1.250717430730501,40.012641510630395,0.16424790359596872,0.11280080372550938,0.1956553438425005,0,3,-0.02021442756785702,relaxed,uncomfortable,relaxed,attentive,relaxed,relaxed
1455,/home/glyc/Documents/PyProjects/catface/data/cat-emotions-3/train/relaxed/00000375_001_png.rf.de201a8d93cf5d0304640e4e76ba6f10.jpg,3,relaxed,1.490523055235495,24.11145532680008,-0.010618438333112871,-0.017186958687556538,0.023725089150824236,0,0,-0.0010517474756195355,uncomfortable,uncomfortable,uncomfortable,uncomfortable,uncomfortable,uncomfortable
1456,/home/glyc/Documents/PyProjects/catface/data/cat-emotions-3/train/relaxed/00000375_002_png.rf.c0c2ffe6282d6145c566b74f61b17285.jpg,3,relaxed,1.224912839532343,41.400904562526634,0.3301432685097176,0.2576582404989574,0.3744621136273984,0,3,-0.04312839512985864,relaxed,relaxed,attentive,relaxed,relaxed,relaxed
1457,/home/glyc/Documents/PyProjects/catface/data/cat-emotions-3/train/relaxed/00000375_009_png.rf.18b44c0998cbf35c26455c7d6114c393.jpg,1,relaxed,1.117203091047874,46.83180535211158,-0.06205786219958175,-0.08581610283777,0.0582114182343908,0,3,0.007474881460237781,relaxed,attentive,relaxed,attentive,relaxed,relaxed
1458,/home/glyc/Documents/PyProjects/catface/data/cat-emotions-3/train/relaxed/00000375_024_png.rf.f3b48990d837a5c1b9f2617e284f8ee2.jpg,1,relaxed,1.3740835358025891,32.70661750655175,0.008241970255424431,0.003275295365461608,0.012834927065576268,0,1,-0.002955686643627914,attentive,uncomfortable,relaxed,relaxed,attentive,uncomfortable
1459,/home/glyc/Documents/PyProjects/catface/data/cat-emotions-3/train/relaxed/00000376_023_png.rf.ab864c5a79f09ad9188ed89135d6e7ae.jpg,2,relaxed,1.2238038253177976,41.459708629638385,0.17423708490409107,0.13701637277843562,0.197218483096682,0,3,-0.028542265437329295,attentive,attentive,attentive,attentive,relaxed,relaxed
1460,/home/glyc/Documents/PyProjects/catface/data/cat-emotions-3/train/relaxed/00000376_026_png.rf.1b949ace233bb3733706e34d99f89a73.jpg,0,relaxed,1.5409232122423537,19.33201990375629,0.024816058864784017,0.03189335102653945,0.07073678761825362,0,0,-0.004970345428942091,attentive,attentive,attentive,attentive,uncomfortable,uncomfortable
1461,/home/glyc/Documents/PyProjects/catface/data/cat-emotions-3/train/relaxed/00000377_001_png.rf.9c529ede9c3bbb5ccd68d6f0830a018d.jpg,3,relaxed,1.3437536082281591,34.626340902504616,-6.911705779804945e-05,-0.02109968546719124,0.00010009239941545786,0,1,-0.0017772087930763847,uncomfortable,attentive,attentive,relaxed,relaxed,uncomfortable
1462,/home/glyc/Documents/PyProjects/catface/data/cat-emotions-3/train/relaxed/00000377_006_png.rf.6c68e7f22e906c1c4d5de62203dbc7f5.jpg,2,relaxed,1.3504554140161495,34.21033090034071,0.02471559336854096,-0.011287849611322634,0.036353789597087,0,1,-0.0013518477604859414,relaxed,uncomfortable,uncomfortable,relaxed,relaxed,relaxed
1463,/home/glyc/Documents/PyProjects/catface/data/cat-emotions-3/train/relaxed/00000378_000_png.rf.d8f37198adb36a267548e8348fd9158d.jpg,3,relaxed,1.1264239445949968,46.38659731667518,-0.1961422337021469,-0.16288710866495762,0.18687123405246145,0,3,0.02322396695865106,relaxed,attentive,attentive,relaxed,relaxed,uncomfortable
1464,/home/glyc/Documents/PyProjects/catface/data/cat-emotions-3/train/relaxed/00000378_007_png.rf.3383bd133e93bc6495bc273863a66b5b.jpg,3,relaxed,1.3634625317812763,33.389951930022576,-0.024923296192003504,0.020063754893045984,0.03781259037870102,0,1,0.0019840335485204197,relaxed,relaxed,relaxed,relaxed,attentive,attentive
1465,/home/glyc/Documents/PyProjects/catface/data/cat-emotions-3/train/relaxed/00000378_011_png.rf.e45c35733f2c469d93893c5412e04c28.jpg,3,relaxed,1.3036638659181745,37.02950979364369,0.01235660917822837,0.011219175622169888,0.01638021440084087,0,2,-0.0023524952308157654,attentive,attentive,attentive,attentive,relaxed,relaxed
1466,/home/glyc/Documents/PyProjects/catface/data/cat-emotions-3/train/relaxed/00000378_025_png.rf.734e11f94b763f065c10580daa1d18e9.jpg,2,relaxed,1.228282157713758,41.22182909606732,0.009740192861922924,-0.0042007533580686995,0.011117583379861675,0,3,-0.004356455714210311,relaxed,relaxed,relaxed,relaxed,relaxed,uncomfortable
1467,/home/glyc/Documents/PyProjects/catface/data/cat-emotions-3/train/relaxed/00000379_005_png.rf.1c128b3a01b3ec4334b9fd87cc684bfc.jpg,1,relaxed,1.315230323993624,36.35028458033851,0.22864250948518522,0.21517005422317007,0.31068720124797805,0,2,-0.0338721911661711,attentive,attentive,attentive,relaxed,relaxed,relaxed
1468,/home/glyc/Documents/PyProjects/catface/data/cat-emotions-3/train/relaxed/00000379_011_png.rf.af2d247727c73954c40b2ccc7ffa4037.jpg,1,relaxed,1.216978609758485,41.820116062108475,0.1160855244315203,0.08344951456631432,0.12974289019732102,0,3,-0.015409465223921198,relaxed,relaxed,relaxed,relaxed,relaxed,relaxed
1469,/home/glyc/Documents/PyProjects/catface/data/cat-emotions-3/train/relaxed/00000379_029_png.rf.9156eb5f656260b8801d862edc4367a1.jpg,2,relaxed,1.2171381026339152,41.811722969203664,-0.08096834210443402,-0.0768296711369069,0.09052088147097577,0,3,0.013311619184088075,uncomfortable,relaxed,attentive,relaxed,relaxed,attentive
1470,/home/glyc/Documents/PyProjects/catface/data/cat-emotions-3/train/relaxed/00000380_003_png.rf.510ba4c86524291fd61cd1074cf075ee.jpg,2,relaxed,1.3753030983273993,32.62734105469225,-0.05438011313346413,-0.06646614131810615,0.08494248232890714,0,1,0.013137614213282467,attentive,attentive,attentive,attentive,attentive,relaxed
1471,/home/glyc/Documents/PyProjects/catface/data/cat-emotions-3/train/relaxed/00000380_007_png.rf.f159fed664cb898e52a5bf62fe857847.jpg,2,relaxed,1.3011210801298876,37.1774019541226,-0.08641885971380674,-0.06826340222044117,0.11394593577014195,0,2,0.01728026567906099,attentive,attentive,attentive,attentive,relaxed,attentive
1472,/home/glyc/Documents/PyProjects/catface/data/cat-emotions-3/train/relaxed/00000381_024_png.rf.c2e99fb81f0985dc249f332ff385d5c3.jpg,4,relaxed,1.162253510737257,44.62416060665915,-0.18231235094635106,-0.13266966717076106,0.18471998357986394,0,3,0.01841751222542673,uncomfortable,attentive,attentive,attentive,relaxed,relaxed
1473,/home/glyc/Documents/PyProjects/catface/data/cat-emotions-3/train/relaxed/00000381_026_png.rf.843ff1d83ac7a41f61b4637f764adcb6.jpg,1,relaxed,1.3414512946135577,34.76824849123583,0.16393712074000766,0.12656420022478118,0.23615374899103087,0,1,-0.023585345485091336,attentive,uncomfortable,relaxed,attentive,relaxed,relaxed
1474,/home/glyc/Documents/PyProjects/catface/data/cat-emotions-3/train/relaxed/00000381_029_png.rf.55d61df9d5587a0ecf374f4e3aab481e.jpg,0,relaxed,1.6839711276713196,0.0,0.02034197255743259,0.010444739019379123,,1,0,-0.0063990305200870845,attentive,uncomfortable,uncomfortable,uncomfortable,uncomfortable,attentive
1475,/home/glyc/Documents/PyProjects/catface/data/cat-emotions-3/train/relaxed/00000382_004_png.rf.fd9a846a4ac3c703ed659ae93e6e68c4.jpg,1,relaxed,1.3130967361111248,36.47639446347197,0.14162462585360616,0.1248042412557173,0.1915597019989772,0,2,-0.02561994738809492,relaxed,relaxed,attentive,relaxed,relaxed,uncomfortable
1476,/home/glyc/Documents/PyProjects/catface/data/cat-emotions-3/train/relaxed/00000382_010_png.rf.78ba931bd24c06e5687d881f4acdf75c.jpg,4,relaxed,1.4236728585158362,29.329706261292003,0.0011335752881670637,-0.005097509263915842,0.0020175556459608203,0,0,0.0002716674978483491,attentive,attentive,attentive,attentive,uncomfortable,uncomfortable
1477,/home/glyc/Documents/PyProjects/catface/data/cat-emotions-3/train/relaxed/00000383_001_png.rf.01a890fa42fd06b82a050c55514b2810.jpg,1,relaxed,1.3300248113114854,35.465196104761255,-0.002006821329645361,0.007791593543068018,0.0028170778016513294,0,2,0.0022974937156237663,attentive,attentive,attentive,attentive,relaxed,attentive
1478,/home/glyc/Documents/PyProjects/catface/data/cat-emotions-3/train/relaxed/00000383_029_png.rf.71767b1e228eead26ef57797f142c5b7.jpg,2,relaxed,1.227355535469417,41.27114157509409,0.12638923657985077,0.06793624371290846,0.14401207315387093,0,3,-0.014197520112503664,relaxed,relaxed,relaxed,relaxed,relaxed,relaxed
1479,/home/glyc/Documents/PyProjects/catface/data/cat-emotions-3/train/relaxed/00000384_006_png.rf.2883b710e69ea47b86563525f07bfce5.jpg,4,relaxed,1.2589763208226252,39.5598161938813,-0.043441954621365415,-0.042297161583878265,0.05258735220862732,0,3,0.007602683453465819,relaxed,relaxed,attentive,relaxed,relaxed,relaxed
1480,/home/glyc/Documents/PyProjects/catface/data/cat-emotions-3/train/relaxed/00000384_018_png.rf.29697987f9fea5a0c82db0e9ed29d3ee.jpg,0,relaxed,1.2772847667822245,38.54015730866709,-0.05025326995220734,-0.01850913770094286,0.06308621078429491,0,2,0.009393482510241108,uncomfortable,uncomfortable,uncomfortable,uncomfortable,relaxed,relaxed
1481,/home/glyc/Documents/PyProjects/catface/data/cat-emotions-3/train/relaxed/00000384_025_png.rf.8ab39637855f33420d8973f766d96692.jpg,3,relaxed,1.3621817337686122,33.47152041713666,0.0794595207034037,0.07064768924478552,0.12017998941327944,0,1,-0.010548893584096913,relaxed,relaxed,relaxed,relaxed,attentive,relaxed
1482,/home/glyc/Documents/PyProjects/catface/data/cat-emotions-3/train/relaxed/00000385_002_png.rf.dff3abc27eacebbd13299b5839dd66e3.jpg,3,relaxed,1.4788052951782522,25.098904678499103,-0.06915962076931817,-0.0921108805626038,0.14764732867551808,0,0,0.016315751489073715,attentive,attentive,attentive,attentive,uncomfortable,relaxed
1483,/home/glyc/Documents/PyProjects/catface/data/cat-emotions-3/train/relaxed/00000385_014_png.rf.45e3fa2fb25ae386f77abf72cd036330.jpg,3,relaxed,1.516092141627559,21.81165305318223,-0.06716966717286825,-0.09362619508224403,0.1678371425956245,0,0,0.012784734785564716,uncomfortable,uncomfortable,relaxed,attentive,uncomfortable,uncomfortable
1484,/home/glyc/Documents/PyProjects/catface/data/cat-emotions-3/train/relaxed/00000386_015_png.rf.1e2397d801b740830e59efe12f36dfff.jpg,0,relaxed,1.1577453674200893,44.84888814166841,-0.05821379493910209,-0.05178482426455407,0.058521673715732414,0,3,0.009524551817143817,attentive,relaxed,attentive,attentive,relaxed,attentive
1485,/home/glyc/Documents/PyProjects/catface/data/cat-emotions-3/train/relaxed/00000387_000_png.rf.73339dfd8d91ec743cd9a2a6ebd304d1.jpg,3,relaxed,1.1904185273895247,43.19927194539246,0.0017029747359945486,0.010884639268753564,0.0018135300800867318,0,3,-0.00199656821926239,uncomfortable,relaxed,relaxed,relaxed,relaxed,relaxed
1486,/home/glyc/Documents/PyProjects/catface/data/cat-emotions-3/train/relaxed/00000388_028_png.rf.030010bfaa33575a69826da38b79de0c.jpg,3,relaxed,1.3090236469885501,36.71610624866179,-0.053735165652977306,-0.0738058649366365,0.07204897786616689,0,2,0.006950301400148684,attentive,attentive,relaxed,attentive,relaxed,relaxed
1487,/home/glyc/Documents/PyProjects/catface/data/cat-emotions-3/train/relaxed/00000389_029_png.rf.843519720aabc0c10f6565f8db46caec.jpg,4,relaxed,1.3731223770042846,32.768976515944026,-0.03132278564403746,-0.03153301991215404,0.04866129387827287,0,1,0.002007304371934693,attentive,relaxed,relaxed,relaxed,attentive,uncomfortable
1488,/home/glyc/Documents/PyProjects/catface/data/cat-emotions-3/train/relaxed/00000390_021_png.rf.c68e43cae1dd64de43925cbd8b46a969.jpg,3,relaxed,1.10377157746743,47.47457717936166,0.038842528437912166,0.02203875534159465,0.0356243389760592,0,3,-0.0020300180984183513,attentive,relaxed,attentive,attentive,relaxed,relaxed
1489,/home/glyc/Documents/PyProjects/catface/data/cat-emotions-3/train/relaxed/00000390_027_png.rf.51cf7efbef591e30925dd3a232a3f459.jpg,1,relaxed,1.3356977686289462,35.12068607022856,-0.06660875076705174,-0.05531966594466368,0.09470196825075687,0,1,0.01314364239940874,relaxed,relaxed,relaxed,relaxed,relaxed,relaxed
1490,/home/glyc/Documents/PyProjects/catface/data/cat-emotions-3/train/relaxed/00000390_028_png.rf.2389c882f37e5932b94bddfe63ad1d25.jpg,3,relaxed,1.230704645108562,41.092680924701334,-0.06102647332770853,-0.0435322469948495,0.06997400195876502,0,3,0.007183978606956742,relaxed,relaxed,relaxed,relaxed,relaxed,uncomfortable
1491,/home/glyc/Documents/PyProjects/catface/data/cat-emotions-3/train/relaxed/00000391_000_png.rf.1ce37b801340d61cf39afaf68b83d852.jpg,0,relaxed,1.3720951744249332,32.835504036009354,-0.04631943137186987,-0.06259495247237709,0.0717759713851459,0,1,0.008886390205436023,attentive,relaxed,relaxed,relaxed,attentive,relaxed
1492,/home/glyc/Documents/PyProjects/catface/data/cat-emotions-3/train/relaxed/00000392_019_png.rf.66ae51475d7a5da861d4f914dba15215.jpg,0,relaxed,1.3485602601679783,34.328419511720746,-0.013440129484595423,-0.010232924679277411,0.019681515515157642,0,1,-0.0003451875878934252,uncomfortable,attentive,attentive,attentive,relaxed,relaxed
1493,/home/glyc/Documents/PyProjects/catface/data/cat-emotions-3/train/relaxed/00000393_017_png.rf.fc9e41e953ffdad9ed620ab1ceaa44b0.jpg,4,relaxed,1.3419145648533233,34.7397346726134,-0.010780401854640768,0.004083736267661729,0.01554583143525067,0,1,0.0025429208476472343,uncomfortable,relaxed,relaxed,relaxed,relaxed,uncomfortable
1494,/home/glyc/Documents/PyProjects/catface/data/cat-emotions-3/train/relaxed/00000393_018_png.rf.53ec48e842f3092097128b9daa2a1aaa.jpg,4,relaxed,1.2985532540121503,37.3262414500279,0.10763516413588907,0.0931975142776871,0.14115718713487202,0,2,-0.019589008560262494,attentive,relaxed,attentive,relaxed,relaxed,relaxed
1495,/home/glyc/Documents/PyProjects/catface/data/cat-emotions-3/train/relaxed/00000393_022_png.rf.0864bbf09154e06e113a4d9318f33947.jpg,4,relaxed,1.478958948001232,25.08619226407875,0.003695149692365104,0.0032040081352608667,0.007893251166116722,0,0,-0.00014494222693470227,relaxed,uncomfortable,uncomfortable,uncomfortable,uncomfortable,uncomfortable
1496,/home/glyc/Documents/PyProjects/catface/data/cat-emotions-3/train/relaxed/00000394_003_png.rf.f4d1036e101323a7947066a0d040aaef.jpg,4,relaxed,1.3237174275844734,35.84485214322271,0.018119095997950665,0.014078607039206704,0.02508133885922903,0,2,-0.003951193199543124,relaxed,uncomfortable,uncomfortable,uncomfortable,relaxed,uncomfortable
1497,/home/glyc/Documents/PyProjects/catface/data/cat-emotions-3/train/relaxed/00000394_012_png.rf.375c2cc03c92e7a9a47e6f03718c3d95.jpg,2,relaxed,1.2193582740259234,41.69474636050824,-0.011701666400355694,-0.022422297678271266,0.013136087307901499,0,3,0.004009089129928284,uncomfortable,attentive,attentive,attentive,relaxed,relaxed
1498,/home/glyc/Documents/PyProjects/catface/data/cat-emotions-3/train/relaxed/00000395_013_png.rf.985dbf1a925228e02b114e023a14b914.jpg,2,relaxed,1.4415348928073546,28.02366520336485,-0.22164260928567706,-0.18596983636019274,0.41643408579659635,0,0,0.03586837590075259,uncomfortable,attentive,attentive,attentive,uncomfortable,uncomfortable
1499,/home/glyc/Documents/PyProjects/catface/data/cat-emotions-3/train/relaxed/00000395_024_png.rf.85352eb412036d6a6a62f993c1339872.jpg,4,relaxed,1.273631319518339,38.745430976453264,-0.03415253572798487,-0.01585922470177436,0.042560129828932085,0,2,0.003945849732085616,attentive,attentive,attentive,attentive,relaxed,attentive
1500,/home/glyc/Documents/PyProjects/catface/data/cat-emotions-3/train/relaxed/00000396_000_png.rf.270c7214aaaf48d4b40f5850ba670fbb.jpg,0,relaxed,1.320097450350897,36.061181259937186,0.0309423953111705,0.02893626860454139,0.04249305979012422,0,2,-0.0028869560719671783,attentive,attentive,attentive,attentive,relaxed,uncomfortable
1501,/home/glyc/Documents/PyProjects/catface/data/cat-emotions-3/train/relaxed/00000396_012_png.rf.5aec6a3e33c5333ebd492008c5a81f8a.jpg,1,relaxed,1.415967564329966,29.87698349786476,-0.10039812224853215,-0.06067359263748125,0.17476010483723087,0,1,0.014249042791180916,uncomfortable,attentive,attentive,attentive,uncomfortable,attentive
1502,/home/glyc/Documents/PyProjects/catface/data/cat-emotions-3/train/relaxed/00000396_021_png.rf.95f5f478fd0daee788fb939cb002d018.jpg,0,relaxed,1.388646380734597,31.748474149741277,-0.01203373728393148,-0.020195097398755413,0.019447460158163437,0,1,0.0019294248515971113,relaxed,uncomfortable,uncomfortable,relaxed,attentive,attentive
1503,/home/glyc/Documents/PyProjects/catface/data/cat-emotions-3/train/relaxed/00000397_023_png.rf.7a89307ead1f1f5bb54b07e0720f009b.jpg,0,relaxed,1.113780420161344,46.99623625687029,0.019936829725919255,0.01103273688367045,0.018593843130195627,0,3,0.00101848782997091,uncomfortable,attentive,attentive,relaxed,relaxed,uncomfortable
1504,/home/glyc/Documents/PyProjects/catface/data/cat-emotions-3/train/relaxed/00000398_007_png.rf.a1fa5f409ce510a36d6a5d721b3fc937.jpg,3,relaxed,1.2690783578680707,38.99996966535821,-0.020234458304731646,-0.026618554766925297,0.0249875020743675,0,2,-0.004035313759112008,relaxed,relaxed,attentive,relaxed,relaxed,attentive
1505,/home/glyc/Documents/PyProjects/catface/data/cat-emotions-3/train/relaxed/00000398_025_png.rf.8b0a09d81eacd0530b02eb6f805a661a.jpg,3,relaxed,1.448323210069689,27.512437872830674,0.006676794061198065,0.002583476244771653,0.012819206904643719,0,0,-0.0026679562773404275,attentive,uncomfortable,uncomfortable,attentive,uncomfortable,relaxed
1506,/home/glyc/Documents/PyProjects/catface/data/cat-emotions-3/train/relaxed/00000399_017_png.rf.7924a125aae40ac3a9a448e967fb4bf1.jpg,1,relaxed,1.4168286143562225,29.816279799938716,0.04862065732200204,0.05574329293631767,0.08484054664787266,0,1,-0.006201809794834201,relaxed,uncomfortable,uncomfortable,uncomfortable,uncomfortable,relaxed
1507,/home/glyc/Documents/PyProjects/catface/data/cat-emotions-3/train/relaxed/00000399_029_png.rf.8c4dd0a36641e9aa09df433acd5bcf29.jpg,4,relaxed,1.3792666529584658,32.36850164432888,-0.021500044452480594,-0.022305383584546857,0.03391985235180282,0,1,0.0066106077804876096,attentive,attentive,attentive,attentive,attentive,relaxed
1508,/home/glyc/Documents/PyProjects/catface/data/cat-emotions-3/train/relaxed/00000400_015_png.rf.b953df0d17b9d8cdf9fa93e507fc8e84.jpg,0,relaxed,1.3261371178461923,35.69961945762776,0.015453649286219274,0.011484625805445035,0.021506330080201353,0,2,-0.0015703145036823907,uncomfortable,attentive,relaxed,relaxed,relaxed,attentive
1509,/home/glyc/Documents/PyProjects/catface/data/cat-emotions-3/train/relaxed/00000400_019_png.rf.455ecd728a70a58433805e2194283ee7.jpg,4,relaxed,1.3099809021180087,36.65989051221398,-0.023529255386569532,-0.027883054267683397,0.031613079647624956,0,2,0.004935748494156983,attentive,attentive,attentive,attentive,relaxed,relaxed
1510,/home/glyc/Documents/PyProjects/catface/data/cat-emotions-3/train/relaxed/00000401_007_png.rf.b5477021c54e9e7a9fd947a84f78cf09.jpg,4,relaxed,1.3361938205704487,35.09042164503264,-0.002596820989231359,-0.004495260410253624,0.003696215844856589,0,1,-8.756262754738842e-05,attentive,attentive,attentive,attentive,relaxed,relaxed
1511,/home/glyc/Documents/PyProjects/catface/data/cat-emotions-3/train/relaxed/00000401_008_png.rf.1b03e3f004e89a4136d2244105465777.jpg,1,relaxed,1.277355632795836,38.53616648988497,0.011502441492807871,0.012081869722998113,0.014441829765540358,0,2,-0.0025356671144219634,relaxed,relaxed,attentive,relaxed,relaxed,relaxed
1512,/home/glyc/Documents/PyProjects/catface/data/cat-emotions-3/train/relaxed/00000401_016_png.rf.8bb11868f16b349abd6611cfa96d3cf5.jpg,0,relaxed,1.308051218156362,36.77313745496483,-0.023871230549316464,-0.003964836204548109,0.031940541753548275,0,2,0.007789604266923655,uncomfortable,relaxed,relaxed,relaxed,relaxed,uncomfortable
1513,/home/glyc/Documents/PyProjects/catface/data/cat-emotions-3/train/relaxed/00000401_021_png.rf.7d747b9a46d6bca7f3d67531415125d1.jpg,1,relaxed,1.3145011659797343,36.39342524035759,-0.04410698208716905,-0.05078218493575875,0.05983963020362538,0,2,0.009130909264853243,relaxed,uncomfortable,relaxed,relaxed,relaxed,uncomfortable
1514,/home/glyc/Documents/PyProjects/catface/data/cat-emotions-3/train/relaxed/00000401_022_png.rf.7a547d176c6ca3e69dc1e41192e6ba07.jpg,2,relaxed,1.1356221544203742,45.939174223414064,0.3652386166380352,0.31301246599340754,0.3534569322091818,0,3,-0.04707516255481582,relaxed,relaxed,attentive,relaxed,relaxed,attentive
1515,/home/glyc/Documents/PyProjects/catface/data/cat-emotions-3/train/relaxed/00000402_000_png.rf.603e482538efa4077be7652417476909.jpg,4,relaxed,1.259860892474587,39.51105954703385,0.09585849498481809,0.05195121508255085,0.11623993136012041,0,3,-0.009669051300419812,attentive,relaxed,relaxed,relaxed,relaxed,uncomfortable
1516,/home/glyc/Documents/PyProjects/catface/data/cat-emotions-3/train/relaxed/00000402_015_png.rf.935a3f361a807b664e45948e35c4fc55.jpg,3,relaxed,1.244169886895565,40.368627028881015,0.0033923883263289375,0.004654715118632014,0.00399046773931381,0,3,0.0021875596652647378,uncomfortable,relaxed,attentive,relaxed,relaxed,attentive
1517,/home/glyc/Documents/PyProjects/catface/data/cat-emotions-3/train/relaxed/00000402_025_png.rf.8d4412bcb6884679a9e6094888527279.jpg,1,relaxed,1.3461900583803859,34.47560908098226,0.012827847791077889,-0.0031761291221396957,0.01868166661875969,0,1,-0.0014499457995974518,attentive,attentive,attentive,attentive,relaxed,attentive
1518,/home/glyc/Documents/PyProjects/catface/data/cat-emotions-3/train/relaxed/00000404_003_png.rf.36b8b0c174015fb80538696bc5b1281a.jpg,2,relaxed,1.2615293915859571,39.418956407939106,-0.00722421358280324,-0.038262569239900984,0.00878897134102496,0,3,0.008801026669147866,attentive,attentive,attentive,relaxed,relaxed,uncomfortable
1519,/home/glyc/Documents/PyProjects/catface/data/cat-emotions-3/train/relaxed/00000404_004_png.rf.d6269113471157e5c4d17344f2a27234.jpg,2,relaxed,1.1973874266993216,42.840882340519165,0.007128918724162311,0.02730884946969049,0.007687521639086402,0,3,-0.012125210442151563,uncomfortable,relaxed,relaxed,relaxed,relaxed,attentive
1520,/home/glyc/Documents/PyProjects/catface/data/cat-emotions-3/train/relaxed/00000406_003_png.rf.8708c52c9e3b0a29ca437f889f2ee2f7.jpg,0,relaxed,1.3575981750979789,33.76200063285532,0.07602097068868573,0.0724282898374761,0.1137218523707489,0,1,-0.016241882872285562,relaxed,uncomfortable,uncomfortable,relaxed,relaxed,attentive
1521,/home/glyc/Documents/PyProjects/catface/data/cat-emotions-3/train/relaxed/00000406_014_png.rf.12ba4c98b2836f94fd85322c8b036229.jpg,1,relaxed,1.181923587767909,43.63293976243266,-0.06132412892534768,-0.01902377748375986,0.06432259126913493,0,3,0.007375008520757037,attentive,attentive,attentive,attentive,relaxed,uncomfortable
1522,/home/glyc/Documents/PyProjects/catface/data/cat-emotions-3/train/relaxed/00000406_022_png.rf.72e12ca69bd0e0184a755a74828d41f0.jpg,4,relaxed,1.419416081093162,29.633185003439426,-0.031455458936733786,-0.024263621497060132,0.055297024491879086,0,0,0.001846386055095961,attentive,relaxed,attentive,attentive,uncomfortable,relaxed
1523,/home/glyc/Documents/PyProjects/catface/data/cat-emotions-3/train/relaxed/00000407_009_png.rf.022e77134f209fc337b776f6dff5e40e.jpg,4,relaxed,1.4030448302890046,30.77497875079304,-0.005578503615224769,-0.0006690753602067713,0.009367325306854751,0,1,-0.0020556981559673726,relaxed,attentive,attentive,attentive,attentive,relaxed
1524,/home/glyc/Documents/PyProjects/catface/data/cat-emotions-3/train/relaxed/00000407_015_png.rf.28057348136603a043576bd2f5c4c225.jpg,4,relaxed,1.418818535883324,29.67555976101373,-0.03599986463670969,-0.03330032288506053,0.06317708425126431,0,0,0.00352428011996897,attentive,uncomfortable,uncomfortable,uncomfortable,uncomfortable,relaxed
1525,/home/glyc/Documents/PyProjects/catface/data/cat-emotions-3/train/relaxed/00000407_017_png.rf.29d65f46f46789aff7e3bb8a6294510b.jpg,4,relaxed,1.3888507000393904,31.734847590613207,0.029692332381017414,0.024016008422056184,0.04801064478069625,0,1,-0.002628932626192071,relaxed,relaxed,relaxed,relaxed,attentive,uncomfortable
1526,/home/glyc/Documents/PyProjects/catface/data/cat-emotions-3/train/relaxed/00000407_019_png.rf.9a21ae1feecae390722b5a398a27fc75.jpg,3,relaxed,1.4688569334105914,25.90956795934709,-0.06737287937534919,-0.05594770834440584,0.13869002159679716,0,0,0.010142481607083198,attentive,attentive,relaxed,attentive,uncomfortable,relaxed
1527,/home/glyc/Documents/PyProjects/catface/data/cat-emotions-3/train/relaxed/00000408_012_png.rf.34135b12415ba4144f12252120439924.jpg,3,relaxed,1.5573546604100847,17.507375996594753,0.0018962345475427033,0.016055368349619247,0.006011389092690938,0,0,-0.0027399668187013393,uncomfortable,uncomfortable,uncomfortable,uncomfortable,uncomfortable,relaxed
1528,/home/glyc/Documents/PyProjects/catface/data/cat-emotions-3/train/relaxed/00000408_016_png.rf.dcec772fde69e92db7dd9e252c9e538d.jpg,2,relaxed,1.5059231117740692,22.752653340229806,0.021162179161102353,0.013798542336843899,0.05045951674827445,0,0,-0.0013312659237970093,uncomfortable,uncomfortable,uncomfortable,uncomfortable,uncomfortable,uncomfortable
1529,/home/glyc/Documents/PyProjects/catface/data/cat-emotions-3/train/relaxed/00000408_024_png.rf.0d3dfce54c05076bcf3f6800bddf0b0a.jpg,3,relaxed,1.3458099578161136,34.499162102016264,-0.047398252340705375,-0.051939125553639325,0.06896704574706627,0,1,0.010078780625201955,uncomfortable,relaxed,relaxed,relaxed,relaxed,uncomfortable
1530,/home/glyc/Documents/PyProjects/catface/data/cat-emotions-3/train/relaxed/00000409_014_png.rf.ff5ed67b3c9b88eefc2aead2ee159a98.jpg,2,relaxed,1.2107771657968434,42.145401537977115,-0.18108620240378118,-0.1253165885241612,0.20009310097993796,0,3,0.013090275980539495,uncomfortable,relaxed,relaxed,relaxed,relaxed,attentive
1531,/home/glyc/Documents/PyProjects/catface/data/cat-emotions-3/train/relaxed/00000410_005_png.rf.5ccca260137cb90a1dffb3de8ce9cc35.jpg,3,relaxed,1.3932056007613587,31.44315078948466,-0.0238293198653499,-0.03644364944780348,0.03897266136280714,0,1,0.005247908619056163,relaxed,relaxed,relaxed,relaxed,attentive,attentive
1532,/home/glyc/Documents/PyProjects/catface/data/cat-emotions-3/train/relaxed/00000410_020_png.rf.33763bb959fd7c9d410224c0d18e05de.jpg,0,relaxed,1.2973789294979008,37.39414032354241,-0.010881130308453738,0.00499946355583051,0.014234944596030885,0,2,-0.003936583047312148,uncomfortable,relaxed,relaxed,uncomfortable,relaxed,uncomfortable
1533,/home/glyc/Documents/PyProjects/catface/data/cat-emotions-3/train/relaxed/00000411_016_png.rf.9c95885143c673e4389c3bf02aca72bb.jpg,1,relaxed,1.2268938283740949,41.29569440781994,-0.1169753265918439,-0.08246944398098566,0.1331704015420669,0,3,0.01126687903614601,uncomfortable,attentive,attentive,attentive,relaxed,attentive
1534,/home/glyc/Documents/PyProjects/catface/data/cat-emotions-3/train/relaxed/00000411_023_png.rf.cef87978842e9f4a7b50e17d405cc332.jpg,3,relaxed,1.6984548926116319,0.0,-0.053669175465587776,-0.04723954120247645,,1,0,-0.0015732329631523156,attentive,uncomfortable,uncomfortable,attentive,uncomfortable,uncomfortable
1535,/home/glyc/Documents/PyProjects/catface/data/cat-emotions-3/train/relaxed/00000412_001_png.rf.009f48679e617b5297e9b30be2522e90.jpg,2,relaxed,1.4369601976187714,28.363402108682028,0.03476220878548735,0.05967691351232318,0.0643896314163715,0,0,-0.006736785239264381,attentive,attentive,attentive,attentive,uncomfortable,uncomfortable
1536,/home/glyc/Documents/PyProjects/catface/data/cat-emotions-3/train/relaxed/00000412_004_png.rf.f4b085c0aad013670f50dd8550a28237.jpg,4,relaxed,1.5178464746062836,21.645387631973474,0.04184275831107579,0.054995311137415716,0.10543863823046123,0,0,-0.006410086258288206,attentive,attentive,relaxed,attentive,uncomfortable,attentive
1537,/home/glyc/Documents/PyProjects/catface/data/cat-emotions-3/train/relaxed/00000412_019_png.rf.de8556586b96e8d4362f9802d7efcc99.jpg,1,relaxed,1.533637498945984,20.089946476751216,0.16177764286215948,0.1556012316371289,0.44231865883063504,0,0,-0.03719201629550159,relaxed,uncomfortable,uncomfortable,uncomfortable,uncomfortable,uncomfortable
1538,/home/glyc/Documents/PyProjects/catface/data/cat-emotions-3/train/relaxed/00000412_024_png.rf.f936af5d92c94cc7817d89e149da2f2f.jpg,1,relaxed,1.2882740991840664,37.91705458588126,-0.014357887731352114,-0.0004907699289015115,0.01843219743004837,0,2,0.0015853475762143965,attentive,attentive,attentive,attentive,relaxed,attentive
1539,/home/glyc/Documents/PyProjects/catface/data/cat-emotions-3/train/relaxed/00000413_001_png.rf.470e0b3288e4e60538a51a5b035230bf.jpg,4,relaxed,1.4472068160226823,27.597112304011105,-0.09061462170229045,-0.10023521016796785,0.173351063866998,0,0,0.017942300348830736,attentive,attentive,attentive,attentive,uncomfortable,relaxed
1540,/home/glyc/Documents/PyProjects/catface/data/cat-emotions-3/train/relaxed/00000413_026_png.rf.73c7500252ec365d0fa17dcb4b461471.jpg,3,relaxed,1.0301301824893547,50.889246078845424,0.04330325935137842,0.06019132277252254,0.03520510184667641,0,3,-0.00033401351041750793,attentive,attentive,attentive,attentive,relaxed,attentive
1541,/home/glyc/Documents/PyProjects/catface/data/cat-emotions-3/train/relaxed/00000413_028_png.rf.ea255f6a59086c670261504ed541a042.jpg,2,relaxed,1.4823207850659337,24.806526821722194,0.02212566124803799,0.026729162153674338,0.04786999618540863,0,0,-0.006033327512377645,relaxed,uncomfortable,uncomfortable,relaxed,uncomfortable,attentive
1542,/home/glyc/Documents/PyProjects/catface/data/cat-emotions-3/train/relaxed/00000414_013_png.rf.b0f2f2f692eece5d8deef0cd6ffdd17e.jpg,2,relaxed,1.2561190305858214,39.71696516785381,0.016305696165831416,0.005677473903051135,0.019628477345113412,0,3,-0.004543782249323808,attentive,relaxed,relaxed,attentive,relaxed,attentive
1543,/home/glyc/Documents/PyProjects/catface/data/cat-emotions-3/train/relaxed/00000415_009_png.rf.588d5657197b315ab4843cf4122bca81.jpg,4,relaxed,1.2226890313810879,41.518750392211366,-0.053235590608915334,-0.04612983162758863,0.06013222489574942,0,3,0.008819235861699942,attentive,attentive,attentive,attentive,relaxed,attentive
1544,/home/glyc/Documents/PyProjects/catface/data/cat-emotions-3/train/relaxed/00000416_016_png.rf.536b8fbb8da5f8609df6e8fd40ce3b1d.jpg,0,relaxed,1.2903765183890634,37.79685422603087,-0.09054887789116263,-0.09013891289355452,0.11674814514211651,0,2,0.014045898165082088,uncomfortable,relaxed,relaxed,uncomfortable,relaxed,attentive
1545,/home/glyc/Documents/PyProjects/catface/data/cat-emotions-3/train/relaxed/00000416_017_png.rf.efb9a368ca19060f2d1f4a86bd205328.jpg,0,relaxed,1.4392084096362299,28.19690959607226,0.021956259785725022,0.01982328936046811,0.04095355538106729,0,0,-0.0036993297635682654,relaxed,uncomfortable,uncomfortable,uncomfortable,uncomfortable,attentive
1546,/home/glyc/Documents/PyProjects/catface/data/cat-emotions-3/train/relaxed/00000417_008_png.rf.93e33a6064d560778e4b2276af4d84e4.jpg,4,relaxed,1.324224023703018,35.814487880502725,-0.11192359907451808,-0.12058583710222617,0.15510321690355552,0,2,0.020604497503589975,attentive,relaxed,relaxed,relaxed,relaxed,relaxed
1547,/home/glyc/Documents/PyProjects/catface/data/cat-emotions-3/train/relaxed/00000417_017_png.rf.0feb3cef07bcc737a910753b17283e71.jpg,4,relaxed,1.2122347141404688,42.069132587215165,0.20862153106844408,0.20085048546999484,0.23113622673746956,0,3,-0.03514485742843898,relaxed,attentive,attentive,attentive,relaxed,relaxed
1548,/home/glyc/Documents/PyProjects/catface/data/cat-emotions-3/train/relaxed/00000417_018_png.rf.0d1e3f1aff510796272f9f0bf3ff67bf.jpg,3,relaxed,1.1979391751706576,42.81240442578721,0.30432508651227913,0.24923518108299772,0.32849851077625825,0,3,-0.038929418659840606,attentive,attentive,attentive,attentive,relaxed,uncomfortable
1549,/home/glyc/Documents/PyProjects/catface/data/cat-emotions-3/train/relaxed/00000417_026_png.rf.aac3b35c2d23145f1706e93078e65fde.jpg,4,relaxed,1.0386235525250596,50.504134051616695,0.16164606522375824,0.08042227379323624,0.13323114562277746,0,3,-0.016217172341878222,relaxed,relaxed,attentive,relaxed,relaxed,uncomfortable
1550,/home/glyc/Documents/PyProjects/catface/data/cat-emotions-3/train/relaxed/00000418_006_png.rf.47352d02bbc603d75bb86e979318fe13.jpg,4,relaxed,1.4647198084156738,26.23981232136354,0.22074678882928792,0.23576383361607356,0.44783092698206756,0,0,-0.03483859947673813,attentive,attentive,attentive,attentive,uncomfortable,attentive
1551,/home/glyc/Documents/PyProjects/catface/data/cat-emotions-3/train/relaxed/00000418_024_png.rf.e42fe10155affc039d9fb90c2fea074c.jpg,2,relaxed,1.3608224788051213,33.5578938277111,-0.1045644282053061,-0.09013600195713468,0.15763331831619215,0,1,0.016262360311498497,attentive,attentive,attentive,attentive,relaxed,attentive
1552,/home/glyc/Documents/PyProjects/catface/data/cat-emotions-3/train/relaxed/00000419_004_png.rf.953af2b5c7bb5babf17b7c4cd1ef2176.jpg,2,relaxed,1.1861925356128102,43.41544303151388,-0.005986238388005826,0.004152775510423867,0.006326852834636051,0,3,0.0010710719869690133,relaxed,relaxed,attentive,relaxed,relaxed,attentive
1553,/home/glyc/Documents/PyProjects/catface/data/cat-emotions-3/train/relaxed/00000420_020_png.rf.d2b199be157d2624f2420a2d4d8f9144.jpg,3,relaxed,1.30190935592907,37.13160860963194,-0.027414064470897562,-0.021337398276757083,0.03620635660480971,0,2,0.00549861492630635,relaxed,uncomfortable,uncomfortable,uncomfortable,relaxed,attentive
1554,/home/glyc/Documents/PyProjects/catface/data/cat-emotions-3/train/relaxed/00000421_013_png.rf.7718ea9ef6fc6518f89376b5ae45b480.jpg,1,relaxed,1.291328834769557,37.742300919994946,0.0031995527071266507,0.0027121824656928277,0.004133426862904021,0,2,0.001278641798451191,uncomfortable,attentive,attentive,relaxed,relaxed,uncomfortable
1555,/home/glyc/Documents/PyProjects/catface/data/cat-emotions-3/train/relaxed/00000421_016_png.rf.36d987e412c2a4a4d8e581639bc3ecf9.jpg,2,relaxed,1.3025493670757116,37.09439282589958,0.09025664683621704,0.08227124961412541,0.11936495779343846,0,2,-0.015824487196575393,relaxed,uncomfortable,uncomfortable,uncomfortable,relaxed,relaxed
1556,/home/glyc/Documents/PyProjects/catface/data/cat-emotions-3/train/relaxed/00000422_003_png.rf.84f78b58b5bdbe15053885a27bd44789.jpg,1,relaxed,1.3709154654873763,32.91176137335174,0.032527859650345804,0.011629746738107032,0.05025779138519103,0,1,-0.003608159780686432,attentive,uncomfortable,relaxed,relaxed,attentive,attentive
1557,/home/glyc/Documents/PyProjects/catface/data/cat-emotions-3/train/relaxed/00000422_028_png.rf.1042e8f301c3119ae6122c2fdb26946a.jpg,1,relaxed,1.2103114864289857,42.16974544273696,0.0807847772148333,0.073429828493615,0.08918779235960365,0,3,-0.009682109534060263,relaxed,attentive,attentive,attentive,relaxed,attentive
1558,/home/glyc/Documents/PyProjects/catface/data/cat-emotions-3/train/relaxed/00000423_006_png.rf.a786cc54d9cefd78d9d262d3938260c9.jpg,4,relaxed,1.3445661502045032,34.57613666935085,0.0005983524406670686,-0.009216337419365865,0.0008681345798372567,0,1,-0.0004344504167124452,relaxed,attentive,attentive,attentive,relaxed,uncomfortable
1559,/home/glyc/Documents/PyProjects/catface/data/cat-emotions-3/train/relaxed/00000423_024_png.rf.385af80d999b2c3db6733831f26dceb9.jpg,3,relaxed,1.3273065966192865,35.62924205063718,0.03501372881065042,0.03327422813468513,0.04885396205918985,0,2,-0.007082612101166369,uncomfortable,relaxed,relaxed,relaxed,relaxed,uncomfortable
1560,/home/glyc/Documents/PyProjects/catface/data/cat-emotions-3/train/relaxed/00000424_005_png.rf.e7045f639788f9da62e6f26f1893b51b.jpg,4,relaxed,1.3174583746499537,36.21818742395678,-0.014269405368465691,-0.02638975954415102,0.01948369012751169,0,2,0.002963487737834891,attentive,attentive,attentive,attentive,relaxed,attentive
1561,/home/glyc/Documents/PyProjects/catface/data/cat-emotions-3/train/relaxed/00000424_027_png.rf.072956f1f4b10eb1f9807eec4eccfada.jpg,0,relaxed,1.5321386023586365,20.242496046366515,-0.027543811714209443,-0.017445187864026455,0.07469089171073905,0,0,0.007714492748412238,uncomfortable,uncomfortable,relaxed,relaxed,uncomfortable,attentive
1562,/home/glyc/Documents/PyProjects/catface/data/cat-emotions-3/train/relaxed/00000425_012_png.rf.1e8b0baf72721101b3d1fae24c16376d.jpg,4,relaxed,1.4169100363240295,29.810533774535056,-0.0023612779218198793,-0.0103756614358916,0.00412126655168792,0,1,-0.0001813780203053228,attentive,attentive,attentive,attentive,uncomfortable,uncomfortable
1563,/home/glyc/Documents/PyProjects/catface/data/cat-emotions-3/train/relaxed/00000425_024_png.rf.217493cd926b662b32cf2a10ff344734.jpg,2,relaxed,1.369001118478423,33.03517377428308,0.013528580780768434,-0.007106881255773186,0.020804215732759118,0,1,-0.0016939649758321296,relaxed,attentive,attentive,relaxed,relaxed,uncomfortable
1564,/home/glyc/Documents/PyProjects/catface/data/cat-emotions-3/train/relaxed/00000427_001_png.rf.fa2b1509669a880d1e232e38639a4f36.jpg,3,relaxed,1.2584538737634279,39.58858933922428,-0.018378305294793406,-0.02034078787703814,0.022224565198078024,0,3,0.002688205992347842,relaxed,relaxed,relaxed,relaxed,relaxed,attentive
1565,/home/glyc/Documents/PyProjects/catface/data/cat-emotions-3/train/relaxed/00000427_010_png.rf.68f0ef9e0b282cffe20c84da395884a1.jpg,4,relaxed,1.3162626780906121,36.289129713188004,-0.03914776765914533,-0.09868190395325638,0.05331442472724338,0,2,0.01591704130501448,uncomfortable,uncomfortable,uncomfortable,relaxed,relaxed,attentive
1566,/home/glyc/Documents/PyProjects/catface/data/cat-emotions-3/train/relaxed/00000428_005_png.rf.ad2177c287c86829d1ecfbfb6ea2ddca.jpg,2,relaxed,1.2787639600205343,38.45678401992359,0.006420054823015279,0.0005340145463021541,0.008083622665037366,0,2,-0.0006073437543007987,relaxed,relaxed,relaxed,relaxed,relaxed,attentive
1567,/home/glyc/Documents/PyProjects/catface/data/cat-emotions-3/train/relaxed/00000429_022_png.rf.67071a04dd8a7537b72312ee5244e264.jpg,2,relaxed,1.193623568743085,43.03474452660984,-0.03762753727225854,-0.02895377784654292,0.040301568264570355,0,3,0.0078049594847815484,relaxed,attentive,attentive,relaxed,relaxed,attentive
1568,/home/glyc/Documents/PyProjects/catface/data/cat-emotions-3/train/relaxed/00000429_023_png.rf.73947628b184a325ab42f396ca59f687.jpg,4,relaxed,1.3276465019666488,35.608764447954826,-0.057683905385420946,-0.05621389767659497,0.08054599287847553,0,2,0.01024901443289672,attentive,relaxed,attentive,attentive,relaxed,uncomfortable
1569,/home/glyc/Documents/PyProjects/catface/data/cat-emotions-3/train/relaxed/00000430_024_png.rf.7bb81e0e125490d6b8faa9a50a7be347.jpg,2,relaxed,1.2735878054658443,38.74787034209592,0.010174149673824184,0.003434924148727823,0.012677693067570142,0,2,-0.0017558150351124624,relaxed,relaxed,attentive,relaxed,relaxed,relaxed
1570,/home/glyc/Documents/PyProjects/catface/data/cat-emotions-3/train/relaxed/00000431_001_png.rf.af238d25d9d136055ca16c1a4204e57d.jpg,0,relaxed,1.3257851695550975,35.72077561345854,0.006433486323210634,0.011082193458604795,0.00894629636440962,0,2,-0.0028514343917658558,uncomfortable,attentive,attentive,relaxed,relaxed,attentive
1571,/home/glyc/Documents/PyProjects/catface/data/cat-emotions-3/train/relaxed/00000431_012_png.rf.7c0202e6acf6de74b6f86abe0878b2c0.jpg,3,relaxed,1.8191420054375693,0.0,-0.0680512506394069,-0.10249559394760784,,1,0,0.014156276583589283,uncomfortable,uncomfortable,uncomfortable,uncomfortable,uncomfortable,attentive
1572,/home/glyc/Documents/PyProjects/catface/data/cat-emotions-3/train/relaxed/00000431_013_png.rf.57e10661b965d8e01f98b83a5d97eabc.jpg,3,relaxed,1.2525654642333113,39.91168801011558,0.0721958489693324,0.0615935249090503,0.08630948173622638,0,3,-0.012125070366007296,uncomfortable,relaxed,attentive,relaxed,relaxed,attentive
1573,/home/glyc/Documents/PyProjects/catface/data/cat-emotions-3/train/relaxed/00000431_024_png.rf.4dd88d76a848965ad3e37380ee29ab51.jpg,3,relaxed,1.4221944852860497,29.435426801559707,0.010044267561580425,0.0001676420218716378,0.017799960252588107,0,0,-0.003235882277880381,relaxed,relaxed,relaxed,relaxed,uncomfortable,attentive
1574,/home/glyc/Documents/PyProjects/catface/data/cat-emotions-3/train/relaxed/00000432_005_png.rf.6f11ff61834458dac3ecef77fa297156.jpg,2,relaxed,1.3325361916850658,35.31304460066341,-0.09284028770536508,-0.0996279439598605,0.1310597609329851,0,2,0.011030960557126518,uncomfortable,relaxed,relaxed,relaxed,relaxed,uncomfortable
1575,/home/glyc/Documents/PyProjects/catface/data/cat-emotions-3/train/relaxed/00000432_018_png.rf.ea882c020f1f31fd9959b90a117d23bf.jpg,3,relaxed,1.7021556698684188,0.0,-0.027856377459728583,-0.03192253432859194,,1,0,0.009387027103617218,uncomfortable,uncomfortable,uncomfortable,uncomfortable,uncomfortable,relaxed
1576,/home/glyc/Documents/PyProjects/catface/data/cat-emotions-3/train/relaxed/00000432_028_png.rf.3989b99f43b4c9f4861187ac9798a3f1.jpg,0,relaxed,1.398062483310104,31.114938382755515,0.12615577709590134,0.10276128623659606,0.20900759522469306,0,1,-0.021490099349417785,relaxed,uncomfortable,uncomfortable,uncomfortable,attentive,relaxed
1577,/home/glyc/Documents/PyProjects/catface/data/cat-emotions-3/train/relaxed/00000433_023_png.rf.b8fbce7887839226c2f9af613af6a902.jpg,4,relaxed,1.3944706418499053,31.357960715881255,-0.023168529561476924,-0.013319825126246817,0.03801884372402278,0,1,0.006064008998735854,relaxed,uncomfortable,uncomfortable,uncomfortable,attentive,attentive
1578,/home/glyc/Documents/PyProjects/catface/data/cat-emotions-3/train/relaxed/00000433_025_png.rf.fa86ea581550af0846316d2d48e3a2fe.jpg,3,relaxed,1.573868906748305,15.465526321425163,-0.18666682501834833,-0.14339062433111688,0.6746749043161472,0,0,0.04102187826744211,relaxed,uncomfortable,uncomfortable,uncomfortable,uncomfortable,uncomfortable
1579,/home/glyc/Documents/PyProjects/catface/data/cat-emotions-3/train/relaxed/00000434_019_png.rf.5429c5f1a601924f45173469ec3c9487.jpg,0,relaxed,1.3449997296522707,34.549321124382196,0.0013602709252803775,0.006397927818724551,0.001975561153229298,0,1,-0.0007700177446431644,uncomfortable,relaxed,relaxed,relaxed,relaxed,uncomfortable
1580,/home/glyc/Documents/PyProjects/catface/data/cat-emotions-3/train/relaxed/00000435_006_png.rf.726078b41ed7b74125bfda8ed494dcfc.jpg,3,relaxed,1.5609845091183356,17.078937173833037,-0.016530361126706566,-0.028488562528550476,0.05380314768328122,0,0,0.0030733782008532107,attentive,uncomfortable,uncomfortable,attentive,uncomfortable,attentive
1581,/home/glyc/Documents/PyProjects/catface/data/cat-emotions-3/train/relaxed/00000436_005_png.rf.50a4034d384679d61fd2a6efae08ebb8.jpg,3,relaxed,1.3049699786834519,36.9533473467668,-0.02324602643162408,-0.01796811866687981,0.03090083638259042,0,2,0.0030537445573049216,relaxed,attentive,attentive,attentive,relaxed,attentive
1582,/home/glyc/Documents/PyProjects/catface/data/cat-emotions-3/train/relaxed/00000437_003_png.rf.bb97b07f7ce7202bf91225f0e004bdab.jpg,2,relaxed,1.6434352199379323,0.0,0.09459323094776245,0.096620501997572,,1,0,-0.023787429620953204,attentive,uncomfortable,relaxed,attentive,uncomfortable,relaxed
1583,/home/glyc/Documents/PyProjects/catface/data/cat-emotions-3/train/relaxed/00000437_004_png.rf.99b340315c07b2eca4f5470b92046279.jpg,0,relaxed,1.552834122158302,18.027148727433598,-0.37921863462718564,-0.3317383025305686,1.1652359826877832,0,0,0.07179506880483556,uncomfortable,relaxed,attentive,relaxed,uncomfortable,attentive
1584,/home/glyc/Documents/PyProjects/catface/data/cat-emotions-3/train/relaxed/00000437_017_png.rf.31f6203c69a0a6a045c455e2326dde8b.jpg,1,relaxed,1.292479983546264,37.67626781001359,-0.1000325493458987,-0.09042961726655799,0.12953785058883918,0,2,0.02266747727484464,relaxed,attentive,attentive,relaxed,relaxed,attentive
1585,/home/glyc/Documents/PyProjects/catface/data/cat-emotions-3/train/relaxed/00000437_020_png.rf.34e2c7b5847b3ae6e65daae0cf0e9986.jpg,0,relaxed,1.386222452977452,31.90973427973594,-0.08273931552537096,-0.07154213613794944,0.13287594394348237,0,1,0.01874912730190681,uncomfortable,relaxed,attentive,relaxed,attentive,attentive
1586,/home/glyc/Documents/PyProjects/catface/data/cat-emotions-3/train/relaxed/00000438_017_png.rf.52c2a58e1c71401bbfb6ea018ec7a450.jpg,1,relaxed,1.4113750799276854,30.198881002866056,0.05628817649323286,0.07711366385216432,0.09671711515098219,0,1,-0.008464022453829073,relaxed,uncomfortable,uncomfortable,relaxed,uncomfortable,attentive
1587,/home/glyc/Documents/PyProjects/catface/data/cat-emotions-3/train/relaxed/00000439_006_png.rf.e5c0a783904b6599067627bb75033a47.jpg,4,relaxed,1.266565053112041,39.13988222959645,0.014212428384999332,0.04280725003133091,0.017463538371921185,0,2,-0.0027237956840662214,uncomfortable,relaxed,attentive,relaxed,relaxed,attentive
1588,/home/glyc/Documents/PyProjects/catface/data/cat-emotions-3/train/relaxed/00000439_012_png.rf.882e283ae4b3a813952ed842f2a59b8f.jpg,4,relaxed,1.269800107129962,38.95971276896147,-0.06620195054664958,-0.0558437980578092,0.08187023893964034,0,2,0.012817391187375349,uncomfortable,relaxed,relaxed,relaxed,relaxed,attentive
1589,/home/glyc/Documents/PyProjects/catface/data/cat-emotions-3/train/relaxed/00000439_017_png.rf.a0f3e8f94e674ad1c2a854e7d56e9815.jpg,1,relaxed,1.3703024117399618,32.951327799726926,-0.03285899692896303,-0.02636678044215488,0.05069264258558371,0,1,0.004837160636645965,uncomfortable,relaxed,relaxed,relaxed,attentive,relaxed
1590,/home/glyc/Documents/PyProjects/catface/data/cat-emotions-3/train/relaxed/00000439_018_png.rf.f472cfd4ed06c42e3e5c4f4d7675bbb9.jpg,2,relaxed,1.2971840045583096,37.40540060243738,0.06584550136080412,0.0664947154219034,0.086105518679954,0,2,-0.009635149588462288,attentive,attentive,attentive,attentive,relaxed,attentive
1591,/home/glyc/Documents/PyProjects/catface/data/cat-emotions-3/train/relaxed/00000440_002_png.rf.7986ee1136636fdfd5cff9e4965733f8.jpg,2,relaxed,1.5422308871620503,19.1929415803226,-0.20789980896164417,-0.1867317765916139,0.5972438228154462,0,0,0.04390103503234791,relaxed,uncomfortable,uncomfortable,relaxed,uncomfortable,attentive
1592,/home/glyc/Documents/PyProjects/catface/data/cat-emotions-3/train/relaxed/00000440_011_png.rf.c9812bbb94a141ae642e3d91fd8dd270.jpg,0,relaxed,1.5225896565117474,21.18964142474942,-0.08057923055433465,-0.05855505227368834,0.20785711055380696,0,0,0.021360368201483015,attentive,uncomfortable,uncomfortable,uncomfortable,uncomfortable,relaxed
1593,/home/glyc/Documents/PyProjects/catface/data/cat-emotions-3/train/relaxed/00000440_012_png.rf.70e8aa7fe98adb05af50a8817c79447c.jpg,1,relaxed,1.3457543421376195,34.50260715917496,0.046184472750117875,0.037624407561560984,0.06719227461270794,0,1,-0.006687414359690225,relaxed,uncomfortable,uncomfortable,uncomfortable,relaxed,uncomfortable
1594,/home/glyc/Documents/PyProjects/catface/data/cat-emotions-3/train/relaxed/00000441_007_png.rf.0e60c3eae0ed4c6ac9751f2fe49e7e66.jpg,2,relaxed,1.29214267027806,37.69562724093457,-0.016328368294284062,-0.016163598191045243,0.021129772511104875,0,2,0.00392553553119937,attentive,relaxed,attentive,relaxed,relaxed,attentive
1595,/home/glyc/Documents/PyProjects/catface/data/cat-emotions-3/train/relaxed/00000441_010_png.rf.1c27d7bf6c42a8af5dead36eeaaea40e.jpg,1,relaxed,1.377424875427362,32.48900705516015,-0.13956053635533458,-0.109047411649831,0.2191589405068234,0,1,0.026506968701214523,attentive,attentive,attentive,attentive,attentive,attentive
1596,/home/glyc/Documents/PyProjects/catface/data/cat-emotions-3/train/relaxed/00000441_011_png.rf.b91dddae30beb55800bcf1592e4a7e62.jpg,3,relaxed,1.2770168521000693,38.555241768857314,0.0022036864435265122,0.0010098809169503777,0.0027649374739567995,0,2,0.0005981195654889693,uncomfortable,relaxed,relaxed,relaxed,relaxed,relaxed
1597,/home/glyc/Documents/PyProjects/catface/data/cat-emotions-3/train/relaxed/00000441_013_png.rf.517f1cd0f166196b7018effe0d23a4e4.jpg,2,relaxed,1.4328590131721097,28.664832371310226,0.06193139282472341,0.021891171635305448,0.11328502147614272,0,0,-0.010448318814681778,attentive,relaxed,relaxed,relaxed,uncomfortable,attentive
1598,/home/glyc/Documents/PyProjects/catface/data/cat-emotions-3/train/relaxed/00000441_024_png.rf.45aee23a0531766fab2c372052694033.jpg,2,relaxed,1.3562434441504958,33.847434687564416,0.012227530331602898,-0.0035021832019574853,0.01823259560392254,0,1,0.0036085897429957436,uncomfortable,uncomfortable,uncomfortable,uncomfortable,relaxed,attentive
1599,/home/glyc/Documents/PyProjects/catface/data/cat-emotions-3/train/relaxed/00000442_004_png.rf.a72c2b2fc7c046c9ea301c30c31a76c1.jpg,4,relaxed,1.4445951849954632,27.79426641885641,-0.08036068985712853,-0.0697412297379071,0.15245458821482902,0,0,0.011614563388737897,relaxed,attentive,attentive,relaxed,uncomfortable,attentive
1600,/home/glyc/Documents/PyProjects/catface/data/cat-emotions-3/train/relaxed/00000442_023_png.rf.c93aa0071b915d6f3528aafa09d49dfa.jpg,1,relaxed,1.3927179316158227,31.47593599963533,-0.06645965581010953,-0.06086225800501724,0.10855461446883617,0,1,0.010177412398132996,relaxed,attentive,attentive,relaxed,attentive,attentive
1601,/home/glyc/Documents/PyProjects/catface/data/cat-emotions-3/train/relaxed/00000443_002_png.rf.0c00b5a01ce6a436fc0bbbffc5bd890c.jpg,3,relaxed,1.3835446162959297,32.08704339855371,-0.020180082221155086,-0.015295109309895343,0.032185973702786266,0,1,0.004837399551763599,relaxed,uncomfortable,uncomfortable,uncomfortable,attentive,uncomfortable
1602,/home/glyc/Documents/PyProjects/catface/data/cat-emotions-3/train/relaxed/00000443_015_png.rf.64104f616e6e77e8d91b7e6f4976d1ab.jpg,2,relaxed,1.2317493349642348,41.036883105995734,0.030944665366972046,0.041730690477983154,0.03555151842967458,0,3,-0.004417193546458614,attentive,attentive,attentive,attentive,relaxed,relaxed
1603,/home/glyc/Documents/PyProjects/catface/data/cat-emotions-3/train/relaxed/00000443_016_png.rf.75b82e7bf8a4c855480e74a823dbb540.jpg,1,relaxed,1.288997823717935,37.87571411350583,-0.011172575403360282,0.0031845461928030456,0.014364361911460665,0,2,0.0020297229777649084,attentive,uncomfortable,uncomfortable,relaxed,relaxed,relaxed
1604,/home/glyc/Documents/PyProjects/catface/data/cat-emotions-3/train/relaxed/00000444_009_png.rf.b8bc14b6fa37fa33b4053c6752ab4d10.jpg,0,relaxed,1.6515667227474722,0.0,0.12298452996310165,0.08877186759510758,,1,0,-0.03243126509001926,attentive,attentive,attentive,attentive,uncomfortable,uncomfortable
1605,/home/glyc/Documents/PyProjects/catface/data/cat-emotions-3/train/relaxed/00000444_015_png.rf.446579ed260bb501ac56bb884c902e19.jpg,0,relaxed,1.3258962979075564,35.71409669021793,0.09941123268580797,0.08047172819943267,0.13827356712901753,0,2,-0.01306957625550545,attentive,attentive,attentive,attentive,relaxed,relaxed
1606,/home/glyc/Documents/PyProjects/catface/data/cat-emotions-3/train/relaxed/00000444_020_png.rf.895aa6299819d0bcb8d1991b11716511.jpg,4,relaxed,1.615874719677608,8.304600069236443,0.02760925996636038,0.008611565424702705,0.18914828468221861,0,0,-0.004986442255451529,attentive,uncomfortable,uncomfortable,uncomfortable,uncomfortable,relaxed
1607,/home/glyc/Documents/PyProjects/catface/data/cat-emotions-3/train/relaxed/00000446_002_png.rf.3ee22d5cf1f16b1b2b5c7849ec4a7500.jpg,0,relaxed,1.3296522403454778,35.4877199341383,-0.02088837152652386,-0.015223466803346774,0.029297697050669202,0,2,0.0023780806028950996,uncomfortable,relaxed,relaxed,relaxed,relaxed,attentive
1608,/home/glyc/Documents/PyProjects/catface/data/cat-emotions-3/train/relaxed/00000446_007_png.rf.b9e3d9258611486b844dabbbc0216a29.jpg,0,relaxed,1.3210737032699573,36.00295132434866,0.014289269242064865,0.026523677168880183,0.019665361564083005,0,2,0.0009417745518671694,uncomfortable,relaxed,attentive,relaxed,relaxed,attentive
1609,/home/glyc/Documents/PyProjects/catface/data/cat-emotions-3/train/relaxed/00000446_026_png.rf.862ea89dade65ec92f2c7976649f7151.jpg,0,relaxed,1.2762677649759726,38.597391373666326,0.013982513744926988,0.013360612603257823,0.017517228117493334,0,2,0.0016173701106753924,uncomfortable,attentive,attentive,attentive,relaxed,attentive
1610,/home/glyc/Documents/PyProjects/catface/data/cat-emotions-3/train/relaxed/00000447_011_png.rf.f7d6e3e499b1aa7dc4f47b1d499a8116.jpg,1,relaxed,1.4295074656351991,28.909028010238977,-0.057092667347031785,-0.01836558332258152,0.10338468288538541,0,0,0.01262941680140639,uncomfortable,uncomfortable,uncomfortable,uncomfortable,uncomfortable,uncomfortable
1611,/home/glyc/Documents/PyProjects/catface/data/cat-emotions-3/train/relaxed/00000447_018_png.rf.58e26191f2594cb8760367eb47526f3d.jpg,3,relaxed,1.1843520035445834,43.509322122581615,-0.1039682797341031,-0.059617593191725174,0.10952401292907377,0,3,0.010848988175212737,uncomfortable,relaxed,relaxed,relaxed,relaxed,relaxed
1612,/home/glyc/Documents/PyProjects/catface/data/cat-emotions-3/train/relaxed/00000447_019_png.rf.79bb9e9c519df53e11e0c88e80fdebf8.jpg,3,relaxed,1.5912647615010749,12.98121093690464,0.01899029790198523,0.018962437349379396,0.08237925830079856,0,0,-0.005532590751074484,uncomfortable,uncomfortable,uncomfortable,uncomfortable,uncomfortable,attentive
1613,/home/glyc/Documents/PyProjects/catface/data/cat-emotions-3/train/relaxed/00000448_010_png.rf.c24a9b1d9f23df8c65c8cef06c383c40.jpg,0,relaxed,1.2920149905654723,37.702952958464564,0.0008883524988011109,-0.03064918155041542,0.001149271400979564,0,2,-0.0038827804520530362,attentive,attentive,attentive,attentive,relaxed,attentive
1614,/home/glyc/Documents/PyProjects/catface/data/cat-emotions-3/train/relaxed/00000448_022_png.rf.7fc70bec3912274df4c25b36f000dd4c.jpg,1,relaxed,1.0810759653302966,48.54595265319028,0.09957147533729005,0.09477807044564217,0.08795113335730326,0,3,-0.013781605037155253,relaxed,attentive,attentive,attentive,relaxed,relaxed
1615,/home/glyc/Documents/PyProjects/catface/data/cat-emotions-3/train/relaxed/00000449_015_png.rf.ce9e279126b26384f3cbbd84b0100163.jpg,2,relaxed,1.273723296478558,38.74027439004199,-0.0027189074860947586,-0.006547169293609782,0.0033888667688050387,0,2,0.0002750507379462308,attentive,attentive,attentive,attentive,relaxed,attentive
1616,/home/glyc/Documents/PyProjects/catface/data/cat-emotions-3/train/relaxed/00000450_002_png.rf.6e396cb5442806141f706472def1f54b.jpg,3,relaxed,1.4417603965311427,28.00682046861579,0.015117612562319247,0.02785100209866098,0.02842393086592518,0,0,-0.001368629910797392,uncomfortable,uncomfortable,uncomfortable,uncomfortable,uncomfortable,attentive
1617,/home/glyc/Documents/PyProjects/catface/data/cat-emotions-3/train/relaxed/00000450_005_png.rf.431ce6982c690a56028710b7cd54a035.jpg,3,relaxed,1.400918646899542,30.92046610992643,0.04187631753494859,0.046169761061193214,0.06991354250865313,0,1,-0.006258619763943818,attentive,attentive,attentive,attentive,attentive,attentive
1618,/home/glyc/Documents/PyProjects/catface/data/cat-emotions-3/train/relaxed/00000450_024_png.rf.c2a0e0e5939149fd64a8de92cb06a5cb.jpg,3,relaxed,1.3542845256416551,33.970636119528876,-0.006645038831764856,0.01190004723989366,0.009862574420213323,0,1,-0.007290212418816666,attentive,relaxed,relaxed,relaxed,relaxed,attentive
1619,/home/glyc/Documents/PyProjects/catface/data/cat-emotions-3/train/relaxed/00000451_009_png.rf.0a05346d19e07a7541828bd578fa661a.jpg,2,relaxed,1.3312481917744614,35.39114887699973,0.013576256045589298,0.01228625800348565,0.019109899409940848,0,2,-0.00346003712993187,attentive,attentive,attentive,attentive,relaxed,uncomfortable
1620,/home/glyc/Documents/PyProjects/catface/data/cat-emotions-3/train/relaxed/00000451_028_png.rf.4a39103f6e0367c3ddcef567c387ff8a.jpg,1,relaxed,1.4382321877463604,28.269314721995883,0.11002138923001643,0.07880958185143926,0.2045943148051396,0,0,-0.01982685027011899,attentive,attentive,attentive,attentive,uncomfortable,attentive
1621,/home/glyc/Documents/PyProjects/catface/data/cat-emotions-3/train/relaxed/00000452_011_png.rf.e9b00004dad9bc7b862cf97171f75d73.jpg,3,relaxed,1.4113079600179994,30.20356252650439,-5.8814810252984156e-05,0.003957128467999613,0.00010103951057536864,0,1,0.009604143950427108,attentive,attentive,attentive,attentive,uncomfortable,attentive
1622,/home/glyc/Documents/PyProjects/catface/data/cat-emotions-3/train/relaxed/00000452_029_png.rf.2cfb54c4b867517601ed60f47678d695.jpg,2,relaxed,1.2934986677161566,37.61775094204269,-0.02027231118431865,-0.024873185917755215,0.026307268580717736,0,2,0.001872266875766443,relaxed,relaxed,attentive,relaxed,relaxed,uncomfortable
1623,/home/glyc/Documents/PyProjects/catface/data/cat-emotions-3/train/relaxed/00000453_007_png.rf.41c3101ee440ff41ec1fbafa93948b57.jpg,2,relaxed,1.4972645838239336,23.525741511868134,-0.031076981681664565,-0.036231028288911345,0.07138444394669913,0,0,0.00461432887139851,relaxed,uncomfortable,uncomfortable,uncomfortable,uncomfortable,uncomfortable
1624,/home/glyc/Documents/PyProjects/catface/data/cat-emotions-3/train/relaxed/00000454_015_png.rf.73c2ac35db36312891e3d1946bd49005.jpg,1,relaxed,1.2511478211827471,39.98914929267477,0.00024494246332212524,0.001065586291872893,0.00029202335619106344,0,3,0.001203707885833849,relaxed,relaxed,relaxed,relaxed,relaxed,attentive
1625,/home/glyc/Documents/PyProjects/catface/data/cat-emotions-3/train/relaxed/00000454_016_png.rf.0dce2c8d06b75110c4f7727af40522f3.jpg,2,relaxed,1.2374558630376309,40.73098226486593,-0.0279079737100263,-0.015050443169747952,0.032410546138989166,0,3,0.0034596466193291264,attentive,attentive,relaxed,attentive,relaxed,attentive
1626,/home/glyc/Documents/PyProjects/catface/data/cat-emotions-3/train/relaxed/00000455_017_png.rf.f6b9ac1491809fec01b35ff9774c5343.jpg,1,relaxed,1.333341877127382,35.26411136200864,-0.007556341327874767,-0.0009395769609342328,0.01068639050591184,0,1,0.001146507614489034,attentive,attentive,attentive,attentive,relaxed,attentive
1627,/home/glyc/Documents/PyProjects/catface/data/cat-emotions-3/train/relaxed/00000455_026_png.rf.dfab1ad5559a7a30821a4769bd8cf632.jpg,3,relaxed,1.1730200314591765,44.08380292774639,0.048991077128861145,0.054299343522807214,0.05058347522112457,0,3,-0.005003230909761597,uncomfortable,relaxed,relaxed,relaxed,relaxed,relaxed
1628,/home/glyc/Documents/PyProjects/catface/data/cat-emotions-3/train/relaxed/00000455_027_png.rf.61baf382d3f09bc4610da4d24249fd0d.jpg,2,relaxed,1.1949671435001423,42.965622889819926,0.04026405450475594,0.028687086265539202,0.043229885113721306,0,3,-0.0039498671614522085,uncomfortable,relaxed,attentive,relaxed,relaxed,attentive
1629,/home/glyc/Documents/PyProjects/catface/data/cat-emotions-3/train/relaxed/CAT_01_00000100_007_png.rf.3634ec687f5583b39fa0a5edb8af09a7.jpg,2,relaxed,1.3239415647749904,35.83142059938609,0.002034230855103812,0.008379323184552194,0.002817272925780267,0,2,0.0007325314941523664,relaxed,relaxed,attentive,relaxed,relaxed,uncomfortable
1630,/home/glyc/Documents/PyProjects/catface/data/cat-emotions-3/train/relaxed/CAT_01_00000100_014_png.rf.bff9c87c642863f7210b2a16e0031291.jpg,3,relaxed,1.4589275232716734,26.695797179964053,-0.09237149896524331,-0.06581640696421008,0.1836938494198326,0,0,0.015606412215744075,relaxed,uncomfortable,uncomfortable,relaxed,uncomfortable,attentive
1631,/home/glyc/Documents/PyProjects/catface/data/cat-emotions-3/train/relaxed/CAT_01_00000100_021_png.rf.d00e975718711be84b12c87a9137fb7f.jpg,2,relaxed,1.4704818816452996,25.77878091724925,-0.013725856822627915,-0.0010773498330698386,0.02842015426760843,0,0,0.0016806379862667475,attentive,uncomfortable,uncomfortable,uncomfortable,uncomfortable,attentive
1632,/home/glyc/Documents/PyProjects/catface/data/cat-emotions-3/train/relaxed/CAT_01_00000101_006_png.rf.a9456d2c74182f15ac836f2d316335c7.jpg,1,relaxed,1.3654956171076922,33.26011041451943,-0.14787089974817602,-0.1266984753055153,0.2254538309274338,0,1,0.013658285735587194,relaxed,relaxed,relaxed,relaxed,relaxed,attentive
1633,/home/glyc/Documents/PyProjects/catface/data/cat-emotions-3/train/relaxed/CAT_01_00000102_019_png.rf.48336ee1adeb2e2a2013ecee266d7d88.jpg,0,relaxed,1.6032429589004535,10.9543562196066,0.06732311724921142,0.05552181906480325,0.3478265527034744,0,0,-0.018904919435750428,attentive,uncomfortable,relaxed,attentive,uncomfortable,attentive
1634,/home/glyc/Documents/PyProjects/catface/data/cat-emotions-3/train/relaxed/CAT_01_00000103_004_png.rf.3a3115899d4b281284e146812dcfbb25.jpg,0,relaxed,1.208968663549815,42.23987915857817,-0.16790012311585845,-0.13648468589199275,0.18490923721033137,0,3,0.02328821073606681,uncomfortable,relaxed,attentive,relaxed,relaxed,relaxed
1635,/home/glyc/Documents/PyProjects/catface/data/cat-emotions-3/train/relaxed/CAT_01_00000103_026_png.rf.f3581e93f2f11449b687bbe523ecc3b0.jpg,0,relaxed,1.1894548786378458,43.24864149003749,0.02779993485590453,0.029439872341497968,0.029553605137546162,0,3,-0.006815385253418099,uncomfortable,relaxed,relaxed,relaxed,relaxed,attentive
1636,/home/glyc/Documents/PyProjects/catface/data/cat-emotions-3/train/relaxed/CAT_01_00000103_029_png.rf.8bfa91f389ebb0e2d745c5dd8cec785e.jpg,1,relaxed,1.1648705433656075,44.49329308105366,0.08865931594483963,0.0492280272793234,0.09024150309621039,0,3,-0.021991632889851148,attentive,relaxed,attentive,relaxed,relaxed,attentive
1637,/home/glyc/Documents/PyProjects/catface/data/cat-emotions-3/train/relaxed/CAT_01_00000104_001_png.rf.e3aee8804e1e1c285db0c1a86cb07d37.jpg,1,relaxed,1.3085670625495442,36.74289357650925,0.04057771161171268,0.019667970352771433,0.05435420692356771,0,2,-0.010239227997091926,uncomfortable,attentive,attentive,relaxed,relaxed,relaxed
1638,/home/glyc/Documents/PyProjects/catface/data/cat-emotions-3/train/relaxed/CAT_01_00000104_022_png.rf.cad5d87bf5cea02c26dbb4e2344c3108.jpg,4,relaxed,1.347930988715229,34.367551174249705,-0.010303395396507653,-0.019864361678641654,0.015066026038842564,0,1,4.62029552190657e-05,attentive,uncomfortable,relaxed,attentive,relaxed,uncomfortable
1639,/home/glyc/Documents/PyProjects/catface/data/cat-emotions-3/train/relaxed/CAT_01_00000104_028_png.rf.f4584fa77c6fe9d6d44566b5a29a2a1d.jpg,4,relaxed,1.2784154551813556,38.476440899181064,0.005135347264244996,0.011815720322175313,0.006461468018329267,0,2,-0.006395263898370834,relaxed,attentive,attentive,relaxed,relaxed,attentive
1640,/home/glyc/Documents/PyProjects/catface/data/cat-emotions-3/train/relaxed/CAT_01_00000105_016_png.rf.88a39b238139d3dab480f478b12e975a.jpg,0,relaxed,1.4338488281565804,28.592349107330342,-0.03064511139005381,-0.028952544667675047,0.05622497295778819,0,0,0.0034898112883255394,attentive,attentive,attentive,attentive,uncomfortable,uncomfortable
1641,/home/glyc/Documents/PyProjects/catface/data/cat-emotions-3/train/relaxed/CAT_01_00000106_002_png.rf.56512aef92b0164776a121007e07f5ca.jpg,2,relaxed,1.8850179814890786,0.0,-2.248542413081769e-06,-0.000490907056124177,,1,0,0.0003803055838404179,relaxed,uncomfortable,uncomfortable,uncomfortable,uncomfortable,uncomfortable
1642,/home/glyc/Documents/PyProjects/catface/data/cat-emotions-3/train/relaxed/CAT_01_00000106_009_png.rf.3da5f5eecfa0856260e0a7184da27fa6.jpg,1,relaxed,1.4817014239377433,24.85827171384068,-0.028339197253191343,-0.030187559120569127,0.061168185255634035,0,0,0.00750348075547233,relaxed,relaxed,uncomfortable,relaxed,uncomfortable,attentive
1643,/home/glyc/Documents/PyProjects/catface/data/cat-emotions-3/train/relaxed/CAT_01_00000106_015_png.rf.0283a331f21c82c99e7d77af30f1f68f.jpg,4,relaxed,1.3082513888528597,36.76140401482323,0.028731484954198347,0.04416726051774349,0.0384601546109141,0,2,-0.001200045072029532,attentive,relaxed,relaxed,attentive,relaxed,attentive
1644,/home/glyc/Documents/PyProjects/catface/data/cat-emotions-3/train/relaxed/CAT_01_00000107_002_png.rf.8dca5de7f1ae68bf4921d1eabcfcdc95.jpg,4,relaxed,1.6505754567291646,0.0,-0.04589234544078401,-0.04255077435053242,,1,0,0.0006358042748250137,attentive,uncomfortable,uncomfortable,uncomfortable,uncomfortable,relaxed
1645,/home/glyc/Documents/PyProjects/catface/data/cat-emotions-3/train/relaxed/CAT_01_00000107_027_png.rf.55a8628e30dd22f3b434e02bb9639610.jpg,4,relaxed,1.2601623199957976,39.49443368779626,0.00013041136602206038,-0.0022545941778589354,0.00015823295516790984,0,3,-0.0018446718337916113,relaxed,attentive,attentive,relaxed,relaxed,uncomfortable
1646,/home/glyc/Documents/PyProjects/catface/data/cat-emotions-3/train/relaxed/CAT_01_00000108_008_png.rf.35def2af0f54188df82c5376ca0669a6.jpg,4,relaxed,1.3445253994279687,34.57865604242483,0.05687778814441086,0.07857152523207042,0.08251479402434753,0,1,-0.010228569878166976,relaxed,uncomfortable,uncomfortable,uncomfortable,relaxed,relaxed
1647,/home/glyc/Documents/PyProjects/catface/data/cat-emotions-3/train/relaxed/CAT_01_00000109_005_png.rf.09cd7c95718ad55c3414ab56ed7d1a45.jpg,4,relaxed,1.2400511210325071,40.59123366958437,-0.018496575151300317,-0.009002803455377545,0.021587008008945332,0,3,0.0008044949400740908,uncomfortable,relaxed,attentive,relaxed,relaxed,attentive
1648,/home/glyc/Documents/PyProjects/catface/data/cat-emotions-3/train/relaxed/CAT_01_00000109_008_png.rf.6fe8b6f3f3b5d704a5a20824ddb918c9.jpg,1,relaxed,1.1956641171898574,42.929731049346415,0.016452591523043753,0.017761207236529256,0.017686683392199243,0,3,-0.002919925800918932,relaxed,attentive,relaxed,relaxed,relaxed,uncomfortable
1649,/home/glyc/Documents/PyProjects/catface/data/cat-emotions-3/train/relaxed/CAT_01_00000109_016_png.rf.f1f276fb9f9558cbdc8aa0344c421b38.jpg,0,relaxed,1.1844397584082431,43.50484973559171,0.04634193177155494,0.044311750897213176,0.04882592903016504,0,3,-0.0074528877190074005,uncomfortable,attentive,attentive,attentive,relaxed,uncomfortable
1650,/home/glyc/Documents/PyProjects/catface/data/cat-emotions-3/train/relaxed/CAT_01_00000109_024_png.rf.5a79ab489508ddec0e2645354b92a3ff.jpg,3,relaxed,1.3910238856672144,31.589586710823486,0.015767387596638524,-0.0173467313614677,0.025639963077096865,0,1,-0.0049375104836161254,attentive,attentive,relaxed,relaxed,attentive,uncomfortable
1651,/home/glyc/Documents/PyProjects/catface/data/cat-emotions-3/train/relaxed/CAT_01_00000110_001_png.rf.4ac01200d8c9a6302ac86e796e398270.jpg,3,relaxed,1.3848654883448372,31.999693495193434,-0.053722670244528196,-0.05840125622819323,0.08597526761085061,0,1,0.009201900815845265,attentive,attentive,attentive,attentive,attentive,uncomfortable
1652,/home/glyc/Documents/PyProjects/catface/data/cat-emotions-3/train/relaxed/CAT_01_00000110_011_png.rf.dc91f6b40cb16ca1280070d6cdb2a56f.jpg,0,relaxed,1.304358426305188,36.989025108523855,0.030644555052478394,0.031993450155922296,0.04068290929782043,0,2,-0.004195519744435272,attentive,relaxed,relaxed,attentive,relaxed,uncomfortable
1653,/home/glyc/Documents/PyProjects/catface/data/cat-emotions-3/train/relaxed/CAT_01_00000110_014_png.rf.ca879c4edda42d94ed5b6dba0d01a44f.jpg,1,relaxed,1.324289318359874,35.81057263935768,0.0371171617755667,0.041123308953932104,0.05144420271071083,0,2,-0.00573725462611982,attentive,relaxed,attentive,attentive,relaxed,uncomfortable
1654,/home/glyc/Documents/PyProjects/catface/data/cat-emotions-3/train/relaxed/CAT_01_00000111_008_png.rf.47b189fde6e6e7b63d78e8e17d9b0f78.jpg,2,relaxed,1.241329575321185,40.522245481784296,0.09737118522975904,0.03004394890205097,0.11391741917115025,0,3,-0.011317911511146639,attentive,relaxed,relaxed,relaxed,relaxed,uncomfortable
1655,/home/glyc/Documents/PyProjects/catface/data/cat-emotions-3/train/relaxed/CAT_01_00000111_009_png.rf.75ced510abb8b3b07c7edad54e21b13c.jpg,3,relaxed,1.2447259079986237,40.33849788264818,0.004861753574149368,-0.000540587033099167,0.0057249804816755885,0,3,-0.001442253846118402,relaxed,attentive,attentive,relaxed,relaxed,uncomfortable
1656,/home/glyc/Documents/PyProjects/catface/data/cat-emotions-3/train/relaxed/CAT_01_00000111_011_png.rf.1e1d46417d113a77cb6de8c929333145.jpg,3,relaxed,1.182143394320801,43.62176211387299,0.21754118937803166,0.16922728660219982,0.2282670821433966,0,3,-0.02940680531579659,relaxed,attentive,relaxed,uncomfortable,relaxed,attentive
1657,/home/glyc/Documents/PyProjects/catface/data/cat-emotions-3/train/relaxed/CAT_01_00000113_001_png.rf.377639fc960dbcb23e783e84c686eb8e.jpg,3,relaxed,1.4608269728003402,26.547068001185732,0.024570800977070706,0.02396805541802244,0.04918018582526392,0,0,0.00283267060851633,attentive,attentive,attentive,attentive,uncomfortable,attentive
1658,/home/glyc/Documents/PyProjects/catface/data/cat-emotions-3/train/relaxed/CAT_01_00000113_002_png.rf.f85f6806f9a6e72b791dcfdd00d5da5f.jpg,2,relaxed,1.442468645885021,27.953854819080206,0.023536968550039474,0.021445474630508672,0.04435273752816863,0,0,0.005409790313382484,attentive,attentive,attentive,attentive,uncomfortable,attentive
1659,/home/glyc/Documents/PyProjects/catface/data/cat-emotions-3/train/relaxed/CAT_01_00000113_003_png.rf.79f7c4304ef030847c9997f71ef12256.jpg,1,relaxed,1.2252793788745329,41.38145422658144,0.03385886664599756,0.04368560460185562,0.03843041477289714,0,3,-0.0003011258026603958,attentive,attentive,attentive,attentive,relaxed,uncomfortable
1660,/home/glyc/Documents/PyProjects/catface/data/cat-emotions-3/train/relaxed/CAT_01_00000113_015_png.rf.aad49fcb8cabb61ec941c3125d9dcd74.jpg,3,relaxed,1.3920368179030007,31.52167495952713,-0.04034716745391458,-0.06170007409570869,0.06578471918435982,0,1,0.0035055392327796864,attentive,attentive,attentive,attentive,attentive,uncomfortable
1661,/home/glyc/Documents/PyProjects/catface/data/cat-emotions-3/train/relaxed/CAT_01_00000113_024_png.rf.05a6a8b82dbf9b88f228b7934c1db52d.jpg,3,relaxed,1.2497319686873685,40.06638832075093,-0.021885807600404233,-0.04510233871865184,0.026021198717857384,0,3,0.0005582158093429268,uncomfortable,attentive,attentive,attentive,relaxed,attentive
1662,/home/glyc/Documents/PyProjects/catface/data/cat-emotions-3/train/relaxed/CAT_01_00000113_029_png.rf.7931df023348f8c0297dd57705f42e37.jpg,1,relaxed,1.3071869281830737,36.82376282798114,-0.07608314298788861,-0.05928113519246714,0.10161454715793278,0,2,0.010193202758813441,attentive,attentive,attentive,attentive,relaxed,attentive
1663,/home/glyc/Documents/PyProjects/catface/data/cat-emotions-3/train/relaxed/CAT_01_00000115_001_png.rf.d3b202d5ea49035b2dec1faa9741940a.jpg,0,relaxed,1.2862963938229564,38.02983000187173,0.004305047257631272,0.0035136788567732727,0.005504299923035552,0,2,-0.00018015587414943468,attentive,attentive,attentive,attentive,relaxed,attentive
1664,/home/glyc/Documents/PyProjects/catface/data/cat-emotions-3/train/relaxed/CAT_01_00000115_017_png.rf.368c6813068ff77943c08bc749d3bca2.jpg,4,relaxed,1.2367664401863638,40.76803954925063,-0.005261353750557973,0.006921351355455234,0.00610221531487401,0,3,0.0020771648332956194,relaxed,relaxed,attentive,relaxed,relaxed,attentive
1665,/home/glyc/Documents/PyProjects/catface/data/cat-emotions-3/train/relaxed/CAT_01_00000115_018_png.rf.d9d7a78e4c1f21404f4377c289065033.jpg,4,relaxed,1.3576255908125325,33.76026973561922,-0.07469141576461505,-0.06115067480766381,0.11174024089553475,0,1,0.014683073812359893,relaxed,attentive,attentive,relaxed,relaxed,attentive
1666,/home/glyc/Documents/PyProjects/catface/data/cat-emotions-3/train/relaxed/CAT_01_00000115_020_png.rf.6a645ddcdb8c88cad2d71ca2c225183a.jpg,3,relaxed,1.3170563655695988,36.24205253518661,-0.0014335077973617388,0.01008553789842715,0.001955626747292522,0,2,-0.0015126357631533027,relaxed,relaxed,attentive,relaxed,relaxed,uncomfortable
1667,/home/glyc/Documents/PyProjects/catface/data/cat-emotions-3/train/relaxed/CAT_01_00000116_001_png.rf.3a923f589c99ada1fc30cde62721e824.jpg,3,relaxed,1.284343074231183,38.14093696278547,-0.09587811068991298,-0.07961009765853536,0.12209812592870145,0,2,0.019487167486033685,relaxed,relaxed,relaxed,relaxed,relaxed,uncomfortable
1668,/home/glyc/Documents/PyProjects/catface/data/cat-emotions-3/train/relaxed/CAT_01_00000116_020_png.rf.ac1f0f477d37016b992908ba2de54e8f.jpg,0,relaxed,1.4083755992542206,30.40745360123755,-0.008758140968085143,0.016466079147696284,0.01492344150843993,0,1,0.0011966946203526008,uncomfortable,relaxed,relaxed,relaxed,uncomfortable,attentive
1669,/home/glyc/Documents/PyProjects/catface/data/cat-emotions-3/train/relaxed/CAT_01_00000117_028_png.rf.271525c8df25d84d5f021a3bee1c50c8.jpg,3,relaxed,1.4077855445130198,30.448331600715186,-0.029933992808501637,-0.035759030706874376,0.050922788585369076,0,1,-0.002143681928282931,attentive,attentive,attentive,attentive,attentive,attentive
1670,/home/glyc/Documents/PyProjects/catface/data/cat-emotions-3/train/relaxed/CAT_01_00000118_004_png.rf.b6eb5ad08b5a8656eb17d0a8ff1b8131.jpg,1,relaxed,1.3636852610605323,33.37574928070528,-0.09046176137690672,-0.0775617972470209,0.13731889567629874,0,1,0.014940887540201231,uncomfortable,attentive,relaxed,relaxed,relaxed,attentive
1671,/home/glyc/Documents/PyProjects/catface/data/cat-emotions-3/train/relaxed/CAT_01_00000119_004_png.rf.2db2ffbc30565d4b977d299b4e51f8a0.jpg,4,relaxed,1.1590890995627303,44.781997072134295,-0.1399766259190669,-0.023606171512085623,0.14104588488215433,0,3,0.009839962405084446,attentive,attentive,attentive,attentive,relaxed,attentive
1672,/home/glyc/Documents/PyProjects/catface/data/cat-emotions-3/train/relaxed/CAT_01_00000119_007_png.rf.c72cb98d020c3cd3c95d298769c9ba85.jpg,4,relaxed,1.2833726057880084,38.196036347687496,-0.002812945796144402,0.010943299623082936,0.0035751253716408836,0,2,-0.001964928386642084,attentive,attentive,attentive,attentive,relaxed,attentive
1673,/home/glyc/Documents/PyProjects/catface/data/cat-emotions-3/train/relaxed/CAT_01_00000119_010_png.rf.ae4e6b3d5432d577d76e0a4194e8ad97.jpg,0,relaxed,1.2248900717126048,41.402112485204825,-0.0035387453527910176,-0.018361182146042748,0.004013620373512364,0,3,0.0030677833643537045,relaxed,relaxed,relaxed,relaxed,relaxed,uncomfortable
1674,/home/glyc/Documents/PyProjects/catface/data/cat-emotions-3/train/relaxed/CAT_01_00000121_000_png.rf.bde95efd71de4116d214d80cb48d33a2.jpg,3,relaxed,1.1439706169357535,45.5301381617758,0.08465874985264202,0.07286043690787632,0.08310643196802903,0,3,-0.01772619675820805,attentive,attentive,attentive,attentive,relaxed,relaxed
1675,/home/glyc/Documents/PyProjects/catface/data/cat-emotions-3/train/relaxed/CAT_01_00000121_005_png.rf.499d08c947bdb94b67958c62f1f4198d.jpg,0,relaxed,1.0866404196814272,48.28493391735301,-0.03398934008915375,-0.1049500239671158,0.03029943357822756,0,3,0.004227781177003481,attentive,attentive,attentive,relaxed,relaxed,attentive
1676,/home/glyc/Documents/PyProjects/catface/data/cat-emotions-3/train/relaxed/CAT_01_00000121_006_png.rf.99547d3a6c7bf03ff0da5851fba18a2d.jpg,4,relaxed,1.3718971463787644,32.848315705513855,-0.05319115868232709,-0.046342649982333284,0.08238386854215046,0,1,0.005062503088570591,attentive,attentive,attentive,attentive,attentive,relaxed
1677,/home/glyc/Documents/PyProjects/catface/data/cat-emotions-3/train/relaxed/CAT_01_00000121_011_png.rf.0b01e557e7eaa54e009302a85a6d3448.jpg,3,relaxed,1.3793893264962969,32.36046105349505,-0.13658386109697854,-0.10788151532073499,0.2155503707251075,0,1,0.020366538855848798,uncomfortable,uncomfortable,uncomfortable,uncomfortable,attentive,relaxed
1678,/home/glyc/Documents/PyProjects/catface/data/cat-emotions-3/train/relaxed/CAT_01_00000121_017_png.rf.b0f7af9524dc7ce7245e4afbf6f8047c.jpg,4,relaxed,1.4979838239965688,23.46243997130587,-0.004823728128774376,-0.014783244731982795,0.01111373301877543,0,0,0.001266791327135669,relaxed,uncomfortable,uncomfortable,uncomfortable,uncomfortable,attentive
1679,/home/glyc/Documents/PyProjects/catface/data/cat-emotions-3/train/relaxed/CAT_01_00000122_023_png.rf.3f08b5f739ee03ce45fa8343065eaca6.jpg,2,relaxed,1.2466129348114015,40.23610601269044,-0.05442252327502998,-0.033768968715360635,0.06431810186435606,0,3,0.012440551444573511,uncomfortable,relaxed,attentive,uncomfortable,relaxed,relaxed
1680,/home/glyc/Documents/PyProjects/catface/data/cat-emotions-3/train/relaxed/CAT_01_00000123_001_png.rf.8baee308c8dddfabfce1630502ad56c2.jpg,3,relaxed,1.5317580310411434,20.28105348581771,-0.09548981980353737,-0.07648326379843118,0.2584051013002094,0,0,0.017556049421076747,attentive,attentive,attentive,attentive,uncomfortable,relaxed
1681,/home/glyc/Documents/PyProjects/catface/data/cat-emotions-3/train/relaxed/CAT_01_00000123_004_png.rf.add8d34f8d0740eb95dbda8f9916c455.jpg,0,relaxed,1.204243595346325,42.485915286820514,0.12222299554904256,0.09890351538174168,0.13344883987804027,0,3,-0.017267098430477384,relaxed,attentive,attentive,relaxed,relaxed,uncomfortable
1682,/home/glyc/Documents/PyProjects/catface/data/cat-emotions-3/train/relaxed/CAT_01_00000123_008_png.rf.e52d2758a0999f39cc37f6112cd5f175.jpg,4,relaxed,1.2547290704834333,39.79322463909552,0.048027988001931275,0.04367425879619894,0.057658844600606995,0,3,-0.00016841888286336926,relaxed,relaxed,uncomfortable,uncomfortable,relaxed,uncomfortable
1683,/home/glyc/Documents/PyProjects/catface/data/cat-emotions-3/train/relaxed/CAT_01_00000124_001_png.rf.4f4ec7d3b51ab7a3e8b588398cf7f47e.jpg,4,relaxed,1.3035583223869427,37.03565841864947,-0.001709658026878483,-0.014422382411918667,0.00226585745240305,0,2,-0.0011525228063047066,attentive,attentive,attentive,attentive,relaxed,uncomfortable
1684,/home/glyc/Documents/PyProjects/catface/data/cat-emotions-3/train/relaxed/CAT_01_00000124_005_png.rf.a9eda979884efa5d8a727b75e21986be.jpg,1,relaxed,1.2910065211378523,37.760772116379314,0.126267479474105,0.09052338002958513,0.16301338768466467,0,2,-0.016548181543862756,uncomfortable,relaxed,relaxed,uncomfortable,relaxed,uncomfortable
1685,/home/glyc/Documents/PyProjects/catface/data/cat-emotions-3/train/relaxed/CAT_01_00000124_012_png.rf.8587f55e526d2bbae66c8e19d5367d13.jpg,2,relaxed,1.191835057900942,43.126618052186984,-0.05446643752966302,-0.05908948939500771,0.05814993201587807,0,3,0.00719455091139351,uncomfortable,attentive,attentive,relaxed,relaxed,relaxed
1686,/home/glyc/Documents/PyProjects/catface/data/cat-emotions-3/train/relaxed/CAT_01_00000124_019_png.rf.8d39d5363bfe98e0b562277e74196e12.jpg,2,relaxed,1.305392009923412,36.92870895385256,-0.07556728755167634,-0.01829283330738855,0.10054121637394275,0,2,0.0036667730715049807,uncomfortable,attentive,relaxed,uncomfortable,relaxed,relaxed
1687,/home/glyc/Documents/PyProjects/catface/data/cat-emotions-3/train/relaxed/CAT_01_00000125_001_png.rf.d4eab452d3504d77f94c2b4d935d1c89.jpg,2,relaxed,1.486075275230249,24.490664019128626,0.034202588251217705,0.010713372451976505,0.07508314906098885,0,0,-0.00358155265456378,relaxed,attentive,uncomfortable,uncomfortable,uncomfortable,attentive
1688,/home/glyc/Documents/PyProjects/catface/data/cat-emotions-3/train/relaxed/CAT_01_00000125_027_png.rf.a0a090c4919323ec541b4fcde230473a.jpg,4,relaxed,1.5360762780656803,19.839338348705695,0.030234974440621072,0.0198654997280932,0.08380030119520686,0,0,-0.004638907786573929,attentive,uncomfortable,uncomfortable,uncomfortable,uncomfortable,uncomfortable
1689,/home/glyc/Documents/PyProjects/catface/data/cat-emotions-3/train/relaxed/CAT_01_00000126_001_png.rf.e32946a6356cf416b34f7d5d2110bdba.jpg,4,relaxed,1.3585367480368686,33.7026990417591,-0.08777541723115433,-0.09299380015090904,0.13160025554958976,0,1,0.013378805696372453,relaxed,attentive,relaxed,relaxed,relaxed,attentive
1690,/home/glyc/Documents/PyProjects/catface/data/cat-emotions-3/train/relaxed/CAT_01_00000126_006_png.rf.ae2b6f727950ef5b1c5b6c99e31cffe5.jpg,2,relaxed,1.4192531103124362,29.644747493401958,-0.11757833026540157,-0.0981838269145643,0.20659943268646142,0,0,0.017112480376761885,attentive,attentive,attentive,attentive,uncomfortable,attentive
1691,/home/glyc/Documents/PyProjects/catface/data/cat-emotions-3/train/relaxed/CAT_01_00000126_015_png.rf.62c25799a913520d11a0e99023c64ac8.jpg,4,relaxed,1.3031821090544942,37.0575682813553,-0.06692010739675143,-0.04510882294324924,0.0886205807263861,0,2,0.011979467272015237,attentive,attentive,attentive,attentive,relaxed,attentive
1692,/home/glyc/Documents/PyProjects/catface/data/cat-emotions-3/train/relaxed/CAT_01_00000126_028_png.rf.c34089b758ca8d64aa388b5ccb949687.jpg,2,relaxed,1.26804181596734,39.05772367963827,-0.008454431225299965,-0.027265897837969167,0.010418873176469827,0,2,0.002103375083286202,relaxed,relaxed,attentive,relaxed,relaxed,relaxed
1693,/home/glyc/Documents/PyProjects/catface/data/cat-emotions-3/train/relaxed/CAT_01_00000127_016_png.rf.3aafd7ea3b182419ffc655fffa556745.jpg,0,relaxed,1.6484732741054284,0.0,0.04167344625483932,0.06072820284330083,,1,0,-0.00349790147330932,uncomfortable,uncomfortable,uncomfortable,uncomfortable,uncomfortable,uncomfortable
1694,/home/glyc/Documents/PyProjects/catface/data/cat-emotions-3/train/relaxed/CAT_01_00000127_019_png.rf.5cf31bb0583de0cd6a8c8d76324078f9.jpg,1,relaxed,1.2527443632150808,39.90190391460604,-0.015588455381305344,-0.0001222591145427235,0.018642324572797988,0,3,0.0009924693170637877,relaxed,relaxed,relaxed,relaxed,relaxed,attentive
1695,/home/glyc/Documents/PyProjects/catface/data/cat-emotions-3/train/relaxed/CAT_01_00000127_021_png.rf.99537c787fcaf1ba27e614dc641b0a7b.jpg,1,relaxed,1.3534181412036976,34.025000006865035,-0.008859284737494163,-0.030312259072514322,0.013122075634620277,0,1,-0.0054817283777610915,relaxed,relaxed,attentive,relaxed,relaxed,uncomfortable
1696,/home/glyc/Documents/PyProjects/catface/data/cat-emotions-3/train/relaxed/CAT_01_00000128_003_png.rf.1a8b22d1f0658b95869bedc7a047adc0.jpg,1,relaxed,1.4436089961174916,27.86838054294919,0.05163713741718436,0.06202355453572142,0.09765586391072156,0,0,-0.00546213976956883,relaxed,uncomfortable,uncomfortable,uncomfortable,uncomfortable,uncomfortable
1697,/home/glyc/Documents/PyProjects/catface/data/cat-emotions-3/train/relaxed/CAT_01_00000128_006_png.rf.24c2b26db321480d5925843065e81ca1.jpg,1,relaxed,1.4634304143411883,26.341950724945992,0.004103761905578133,-0.013449093608707937,0.008288048225102158,0,0,0.0017578846753567023,attentive,uncomfortable,uncomfortable,uncomfortable,uncomfortable,attentive
1698,/home/glyc/Documents/PyProjects/catface/data/cat-emotions-3/train/relaxed/CAT_01_00000128_015_png.rf.acb43c58af94d37b59d0a10ef80d9b56.jpg,0,relaxed,1.229854473109638,41.13804342582704,0.051707876227940236,0.036317158939250735,0.059194463055832355,0,3,-0.009264060737963709,attentive,attentive,attentive,attentive,relaxed,attentive
1699,/home/glyc/Documents/PyProjects/catface/data/cat-emotions-3/train/relaxed/CAT_01_00000128_019_png.rf.cc93bdbb56181f3579b713de780fe232.jpg,0,relaxed,1.1344697075502073,45.99541655843899,-0.048484903097105264,-0.062031908042555955,0.046828822865115916,0,3,0.005465839862748151,attentive,attentive,attentive,attentive,relaxed,relaxed
1700,/home/glyc/Documents/PyProjects/catface/data/cat-emotions-3/train/relaxed/CAT_01_00000128_026_png.rf.46452338e3fc1c2d1eb37eb67e8c639a.jpg,2,relaxed,1.0842612397630746,48.39666623090607,-0.22130779702848,-0.16579699930165712,0.19650928499956688,0,3,0.022384151062852603,uncomfortable,attentive,attentive,attentive,relaxed,attentive
1701,/home/glyc/Documents/PyProjects/catface/data/cat-emotions-3/train/relaxed/CAT_01_00000128_028_png.rf.a268b15de363a92d84b95df78db3088e.jpg,2,relaxed,1.549456449397856,18.406245465420984,-0.018285760624552498,-0.021972972072283298,0.05494902558997175,0,0,0.003392700371972479,relaxed,uncomfortable,uncomfortable,uncomfortable,uncomfortable,attentive
1702,/home/glyc/Documents/PyProjects/catface/data/cat-emotions-3/train/relaxed/CAT_01_00000129_000_png.rf.85daa0c3aa12b9ad05cdab3bbaf09a7b.jpg,0,relaxed,1.3002323596119987,37.22897263469257,0.0001463392287014794,0.00030902010428801314,0.000192592511102078,0,2,-0.0010711232199095977,uncomfortable,relaxed,relaxed,relaxed,relaxed,relaxed
1703,/home/glyc/Documents/PyProjects/catface/data/cat-emotions-3/train/relaxed/CAT_01_00000129_006_png.rf.a59daaacad2a754ae3a45369f2ae749d.jpg,2,relaxed,1.272652424158607,38.80027587994765,-0.06071842562668348,-0.06300226102685494,0.07551774634553732,0,2,0.008353029513105098,attentive,relaxed,relaxed,relaxed,relaxed,relaxed
1704,/home/glyc/Documents/PyProjects/catface/data/cat-emotions-3/train/relaxed/CAT_01_00000129_009_png.rf.a0e2865dfce0fb04ed1c13009f696814.jpg,2,relaxed,1.3286970804449922,35.5454076144733,-0.09951902270448067,-0.09461067897511863,0.1392868977498679,0,2,0.010107405164107935,uncomfortable,attentive,attentive,attentive,relaxed,uncomfortable
1705,/home/glyc/Documents/PyProjects/catface/data/cat-emotions-3/train/relaxed/CAT_01_00000129_015_png.rf.58a097792a748d7eacfaa84a9fd1bfa0.jpg,1,relaxed,1.3151681057276938,36.35396744823348,-0.09182406995234847,-0.06817640946947968,0.12475686348518009,0,2,0.016500999966196195,attentive,relaxed,uncomfortable,attentive,relaxed,relaxed
1706,/home/glyc/Documents/PyProjects/catface/data/cat-emotions-3/train/relaxed/CAT_01_00000129_018_png.rf.c564ad2dc2d837da3686bf72eda80c5c.jpg,0,relaxed,1.2603272455464551,39.485334399457926,0.055277161897188024,0.02908546543891976,0.06709154086012452,0,3,-0.00945107987832608,relaxed,attentive,attentive,attentive,relaxed,relaxed
1707,/home/glyc/Documents/PyProjects/catface/data/cat-emotions-3/train/relaxed/CAT_01_00000131_008_png.rf.4cec6df102796f0362c0e03636353598.jpg,4,relaxed,1.3869428635107806,31.861882775793475,0.008827499391064739,0.013749175211970267,0.01420302375601582,0,1,-0.0005250430899922665,relaxed,relaxed,relaxed,relaxed,attentive,uncomfortable
1708,/home/glyc/Documents/PyProjects/catface/data/cat-emotions-3/train/relaxed/CAT_01_00000131_009_png.rf.72a0d971f6cf50e3050908ec4527e6cb.jpg,4,relaxed,1.4053867257213322,30.614009598807925,0.013518348610306026,0.029865412447252288,0.022845528255250148,0,1,-0.009312527757326439,relaxed,uncomfortable,uncomfortable,relaxed,attentive,attentive
1709,/home/glyc/Documents/PyProjects/catface/data/cat-emotions-3/train/relaxed/CAT_01_00000131_010_png.rf.8476ca2126caadf2922967ba60d7e1b3.jpg,4,relaxed,1.3434062144278744,34.64778576361583,-0.0455650503329396,-0.054238323790971724,0.06593258734501611,0,1,0.006218081351701904,attentive,attentive,attentive,attentive,relaxed,uncomfortable
1710,/home/glyc/Documents/PyProjects/catface/data/cat-emotions-3/train/relaxed/CAT_01_00000131_016_png.rf.efaa9b85763e2e9334d2e4979bb15e08.jpg,2,relaxed,1.3700684032277075,32.96641957292831,-0.012634630390837275,0.010223634321235285,0.0194806109018146,0,1,0.0031334747190772116,relaxed,relaxed,uncomfortable,relaxed,relaxed,uncomfortable
1711,/home/glyc/Documents/PyProjects/catface/data/cat-emotions-3/train/relaxed/CAT_01_00000131_023_png.rf.f5ba698d9261c41ff0c44420d561fe77.jpg,1,relaxed,1.4239036882381357,29.313167960533377,-0.03710635083559338,-0.06602132543936443,0.06608714610172137,0,0,0.007623357777727324,attentive,attentive,attentive,attentive,uncomfortable,relaxed
1712,/home/glyc/Documents/PyProjects/catface/data/cat-emotions-3/train/relaxed/CAT_01_00000132_000_png.rf.19ff91040a51c5cd6bd4251d0f5ce588.jpg,3,relaxed,1.333035169317322,35.28274619739058,0.03702276394649214,0.04932884261547466,0.05232252676471726,0,1,-0.011822258304277272,attentive,attentive,attentive,attentive,relaxed,attentive
1713,/home/glyc/Documents/PyProjects/catface/data/cat-emotions-3/train/relaxed/CAT_01_00000132_005_png.rf.1b761f7b9825d0ab4df635a741200838.jpg,2,relaxed,1.374312541884624,32.69174422941932,0.028739722936045063,0.041764241332441034,0.04478091110482798,0,1,-0.002209050680220176,attentive,attentive,relaxed,attentive,attentive,attentive
1714,/home/glyc/Documents/PyProjects/catface/data/cat-emotions-3/train/relaxed/CAT_01_00000132_016_png.rf.c000313319c76ed1dec64695ae3b8252.jpg,4,relaxed,1.1655511037476658,44.45921107915507,0.13431794638788258,0.03943250371680613,0.1368777154638371,0,3,-0.014972391151966746,uncomfortable,attentive,attentive,attentive,relaxed,uncomfortable
1715,/home/glyc/Documents/PyProjects/catface/data/cat-emotions-3/train/relaxed/CAT_01_00000132_018_png.rf.666345b8455b9a051cb7a939f8671339.jpg,3,relaxed,1.3451929428937413,34.5373656118704,0.014529569017344394,0.0319238851541314,0.02111114647464644,0,1,-0.0013916321221222328,uncomfortable,relaxed,relaxed,relaxed,relaxed,attentive
1716,/home/glyc/Documents/PyProjects/catface/data/cat-emotions-3/train/relaxed/CAT_01_00000132_021_png.rf.0d54deaaf7e52e2162b22b1ccc64950a.jpg,2,relaxed,1.1340792200212273,46.01446124839377,-0.9232995146586546,-1.0378538006718172,0.891169729135234,0,3,0.1264596584847305,relaxed,relaxed,attentive,relaxed,relaxed,uncomfortable
1717,/home/glyc/Documents/PyProjects/catface/data/cat-emotions-3/train/relaxed/CAT_01_00000133_007_png.rf.1874ca44a6fa2bc4b6523d2a40200239.jpg,3,relaxed,1.3655324079176525,33.257756665370415,0.03631163855536972,0.04605948059622988,0.05536810434994922,0,1,-0.007991660067275252,attentive,uncomfortable,relaxed,attentive,attentive,relaxed
1718,/home/glyc/Documents/PyProjects/catface/data/cat-emotions-3/train/relaxed/CAT_01_00000133_008_png.rf.25bd99efa5489d2626e6d2db0f832558.jpg,0,relaxed,1.180255154231272,43.71770886751575,-0.008526863071264292,-0.007159393313949896,0.00891733289900279,0,3,0.00392132908432874,uncomfortable,relaxed,attentive,relaxed,relaxed,attentive
1719,/home/glyc/Documents/PyProjects/catface/data/cat-emotions-3/train/relaxed/CAT_01_00000133_009_png.rf.0432f27e52d709fd305a88a03d662f7a.jpg,0,relaxed,1.2559488895421838,39.72630643046945,0.014052493009277883,0.016759042336404576,0.01691050565981134,0,3,-0.0040296302876974555,uncomfortable,attentive,attentive,relaxed,relaxed,attentive
1720,/home/glyc/Documents/PyProjects/catface/data/cat-emotions-3/train/relaxed/CAT_01_00000133_013_png.rf.71095d2d31de972cff16b4c57d1e045a.jpg,4,relaxed,1.3549988614127009,33.92575533311698,-0.034485932405904605,-0.04103550168791716,0.051270682069492354,0,1,0.006325543642420661,attentive,attentive,attentive,attentive,relaxed,attentive
1721,/home/glyc/Documents/PyProjects/catface/data/cat-emotions-3/train/relaxed/CAT_01_00000133_025_png.rf.fa93925b5c76802f513c7fb3c42f3dac.jpg,4,relaxed,1.3703451783245477,32.94856901674235,0.008500643495278461,0.0015114077137916473,0.013115602580708659,0,1,-0.001446314114141256,relaxed,relaxed,uncomfortable,relaxed,attentive,relaxed
1722,/home/glyc/Documents/PyProjects/catface/data/cat-emotions-3/train/relaxed/CAT_01_00000134_005_png.rf.5b06f8ac25598e616aaa8e61b461b2c0.jpg,2,relaxed,1.2849753280463372,38.10500374879142,0.10649406310462095,0.08344644064395126,0.1357924884978981,0,2,-0.029562058826742982,relaxed,relaxed,relaxed,relaxed,relaxed,relaxed
1723,/home/glyc/Documents/PyProjects/catface/data/cat-emotions-3/train/relaxed/CAT_01_00000134_010_png.rf.60637b2786ddce0052be4a04567bac01.jpg,3,relaxed,1.3197805836628063,36.08006374023442,-0.00996656793581942,-0.009560420215799625,0.013677570463771055,0,2,0.0022169937306876775,attentive,attentive,attentive,attentive,relaxed,attentive
1724,/home/glyc/Documents/PyProjects/catface/data/cat-emotions-3/train/relaxed/CAT_01_00000134_021_png.rf.0af63e7175e07edaa44598d47f3ac331.jpg,1,relaxed,1.3401586404684098,34.8477022028312,0.03893076585314607,0.04891023083878135,0.05591463895731805,0,1,-0.005816561500277373,attentive,attentive,attentive,attentive,relaxed,relaxed
1725,/home/glyc/Documents/PyProjects/catface/data/cat-emotions-3/train/relaxed/CAT_01_00000134_023_png.rf.cb9d26d96c43e2542afe9624ef40a3ac.jpg,4,relaxed,1.2220171781379061,41.55429994162103,-0.15890448993248663,-0.10560936172283343,0.1792662280394504,0,3,0.018326842547808322,uncomfortable,attentive,relaxed,uncomfortable,relaxed,relaxed
1726,/home/glyc/Documents/PyProjects/catface/data/cat-emotions-3/train/relaxed/CAT_01_00000135_005_png.rf.0d0ce93a4d2a37ad23d21a19da8d3b60.jpg,4,relaxed,1.4246562508017133,29.259189816721562,0.05458437150073992,0.05747402956732604,0.09743074933176242,0,0,-0.007053214525945872,attentive,attentive,attentive,attentive,uncomfortable,relaxed
1727,/home/glyc/Documents/PyProjects/catface/data/cat-emotions-3/train/relaxed/CAT_01_00000135_015_png.rf.f8540a16d6138e4fefc447daf78d9429.jpg,4,relaxed,1.30014428962837,37.23407983320959,0.0744194392990032,0.07141212515217929,0.09792299032296548,0,2,-0.012175255282894426,uncomfortable,relaxed,attentive,relaxed,relaxed,attentive
1728,/home/glyc/Documents/PyProjects/catface/data/cat-emotions-3/train/relaxed/CAT_01_00000136_020_png.rf.ef41d08a84e172371032de6b45fbb3f7.jpg,3,relaxed,1.3334973665992744,35.254660917590364,0.015384195734162963,0.027472778737884607,0.02176437679824498,0,1,-0.0027464555688307135,relaxed,uncomfortable,uncomfortable,uncomfortable,relaxed,attentive
1729,/home/glyc/Documents/PyProjects/catface/data/cat-emotions-3/train/relaxed/CAT_01_00000136_021_png.rf.0d07758eb878f2eca9c125f7da45afd8.jpg,1,relaxed,1.280219771918978,38.37457917547118,0.016088725812431825,0.0011198920516142094,0.0203174316057435,0,2,0.0009473118361672528,relaxed,relaxed,relaxed,relaxed,relaxed,attentive
1730,/home/glyc/Documents/PyProjects/catface/data/cat-emotions-3/train/relaxed/CAT_01_00000137_017_png.rf.8403db80b5d3f25d55d8f8feb83e5c05.jpg,3,relaxed,1.3082786873124364,36.75980360708919,-0.024046447470424986,-0.0012796988671384922,0.03219060793719708,0,2,0.0023333361062642943,relaxed,relaxed,relaxed,relaxed,relaxed,relaxed
1731,/home/glyc/Documents/PyProjects/catface/data/cat-emotions-3/train/relaxed/CAT_01_00000138_001_png.rf.65cdc930ad04f863a30da6596cd9fb19.jpg,2,relaxed,1.68293639458274,0.0,-0.024402850540127818,-0.021757534440085526,,1,0,0.0058805117708071175,relaxed,uncomfortable,uncomfortable,relaxed,uncomfortable,relaxed
1732,/home/glyc/Documents/PyProjects/catface/data/cat-emotions-3/train/relaxed/CAT_01_00000138_002_png.rf.46f57b5b6239d3171a05aede3e94d58b.jpg,1,relaxed,1.3007437314002759,37.199306219117396,0.04646388654064738,0.02764600515893096,0.06121544906287216,0,2,0.0021041028393266603,relaxed,attentive,attentive,attentive,relaxed,attentive
1733,/home/glyc/Documents/PyProjects/catface/data/cat-emotions-3/train/relaxed/CAT_01_00000138_004_png.rf.0965c931e86b67f936cc9a617c8d9406.jpg,4,relaxed,1.3277848980749563,35.60042384436365,0.21673459584440774,0.18574344960305003,0.3027269489050989,0,2,-0.027394321110186637,attentive,attentive,attentive,attentive,relaxed,attentive
1734,/home/glyc/Documents/PyProjects/catface/data/cat-emotions-3/train/relaxed/CAT_01_00000138_007_png.rf.a864c9a564b75e45a807b9aa66a0cae3.jpg,4,relaxed,1.3875334190079116,31.82260856352582,-0.012372408576175201,-0.011927869688430136,0.019937081906414574,0,1,0.00460780459549906,relaxed,uncomfortable,uncomfortable,uncomfortable,attentive,relaxed
1735,/home/glyc/Documents/PyProjects/catface/data/cat-emotions-3/train/relaxed/CAT_01_00000138_009_png.rf.c62bdb96aae59372c3acdd75c529fbeb.jpg,3,relaxed,1.2382413530325314,40.68872730669615,-0.026145908599984356,-0.027485954292084776,0.030409522966967716,0,3,0.0020521861946326825,relaxed,attentive,attentive,relaxed,relaxed,uncomfortable
1736,/home/glyc/Documents/PyProjects/catface/data/cat-emotions-3/train/relaxed/CAT_01_00000138_011_png.rf.e2944a5388600154f954bef3949491b8.jpg,2,relaxed,1.6087674011282054,9.882469936165643,0.09978179089125541,0.10784651350993898,0.5727584898319402,0,0,-0.02230874780111876,uncomfortable,uncomfortable,uncomfortable,uncomfortable,uncomfortable,uncomfortable
1737,/home/glyc/Documents/PyProjects/catface/data/cat-emotions-3/train/relaxed/CAT_01_00000138_026_png.rf.00cdd4c3a3dc506aa00b4e2b66c2a879.jpg,4,relaxed,1.4634514338543574,26.34028862917338,-0.08299386303912663,-0.062310550996549106,0.16762846817746826,0,0,0.01822633709519883,attentive,attentive,attentive,attentive,uncomfortable,attentive
1738,/home/glyc/Documents/PyProjects/catface/data/cat-emotions-3/train/relaxed/CAT_01_00000139_014_png.rf.0d44354e542b6c3ec66346ae7a0ba7bb.jpg,0,relaxed,1.3182979235114212,36.16830410802257,-0.028495124476683904,0.007344524712786111,0.038978875900298686,0,2,0.006338272923128052,attentive,attentive,attentive,attentive,relaxed,relaxed
1739,/home/glyc/Documents/PyProjects/catface/data/cat-emotions-3/train/relaxed/CAT_01_00000139_022_png.rf.004ef9c85af01d98eabf2062752da265.jpg,1,relaxed,1.1425141733431277,45.60170274734873,-0.11019687893881053,-0.021737776726305766,0.10790634143995773,0,3,0.010442888622077179,relaxed,relaxed,relaxed,relaxed,relaxed,relaxed
1740,/home/glyc/Documents/PyProjects/catface/data/cat-emotions-3/train/relaxed/CAT_01_00000139_025_png.rf.31f27057bb86b8809d7161b153ab16aa.jpg,3,relaxed,1.3497489170937471,34.25439508903209,0.031125833022009747,0.031366460240466604,0.045706871697533014,0,1,-0.015910303962146433,relaxed,uncomfortable,uncomfortable,relaxed,relaxed,uncomfortable
1741,/home/glyc/Documents/PyProjects/catface/data/cat-emotions-3/train/relaxed/CAT_01_00000140_008_png.rf.aa6488e0f4502c51ea196effa9600c65.jpg,4,relaxed,1.3248836436688223,35.774918248827184,-0.012655612770053344,-0.029730896961940135,0.017563640543451622,0,2,0.004623953345504583,relaxed,relaxed,relaxed,relaxed,relaxed,attentive
1742,/home/glyc/Documents/PyProjects/catface/data/cat-emotions-3/train/relaxed/CAT_01_00000140_009_png.rf.3ae24fe5a89eac45aa41db4946dd3a7b.jpg,2,relaxed,1.2871706782412966,37.98001042693243,0.04279964136979725,0.03404411228087961,0.054820455066293454,0,2,-0.008442307663012627,relaxed,uncomfortable,uncomfortable,uncomfortable,relaxed,relaxed
1743,/home/glyc/Documents/PyProjects/catface/data/cat-emotions-3/train/relaxed/CAT_01_00000140_020_png.rf.4d94225ea1fdc105fc88fe67cea4c3f1.jpg,1,relaxed,1.3283930445954655,35.56375306226861,0.06910403335857719,0.0436981419573273,0.09665261634103617,0,2,-0.011613721819742101,attentive,uncomfortable,uncomfortable,uncomfortable,relaxed,attentive
1744,/home/glyc/Documents/PyProjects/catface/data/cat-emotions-3/train/relaxed/CAT_01_00000141_001_png.rf.858f9c368e5577786da4851d11876924.jpg,4,relaxed,1.4339768075939543,28.582965004181194,-0.022755047318639133,-0.006299814641451052,0.041765249920814415,0,0,0.0011360000089702949,relaxed,relaxed,uncomfortable,relaxed,uncomfortable,relaxed
1745,/home/glyc/Documents/PyProjects/catface/data/cat-emotions-3/train/relaxed/CAT_01_00000142_026_png.rf.021ac8b6a622c329d83964c8856581cc.jpg,0,relaxed,1.1915902924170965,43.13917910591916,0.050465191471630144,0.013544133486939025,0.05385441824418726,0,3,-0.008611685765953725,attentive,attentive,attentive,attentive,relaxed,attentive
1746,/home/glyc/Documents/PyProjects/catface/data/cat-emotions-3/train/relaxed/CAT_01_00000143_005_png.rf.b50f89ee69d5e140c4405f7b58bb3cb0.jpg,2,relaxed,1.3343512864708063,35.202721429785534,0.05141773950085096,0.06819752163980741,0.07288194261864404,0,1,-0.014907348234052903,relaxed,relaxed,relaxed,relaxed,relaxed,uncomfortable
1747,/home/glyc/Documents/PyProjects/catface/data/cat-emotions-3/train/relaxed/CAT_01_00000143_008_png.rf.4f29688b86777b0c64974179be0b0b9f.jpg,1,relaxed,1.6588536028409655,0.0,0.11316922121828624,0.1115702391355105,,1,0,-0.024015553407126272,attentive,attentive,attentive,attentive,uncomfortable,attentive
1748,/home/glyc/Documents/PyProjects/catface/data/cat-emotions-3/train/relaxed/CAT_01_00000143_026_png.rf.f470986e9a92232c4704951ab4e911e9.jpg,4,relaxed,1.4245394291557179,29.267574890254014,0.02581373069006396,0.0353995330342804,0.046060586271625424,0,0,-0.007259481163631842,relaxed,relaxed,attentive,attentive,uncomfortable,uncomfortable
1749,/home/glyc/Documents/PyProjects/catface/data/cat-emotions-3/train/relaxed/CAT_01_00000144_008_png.rf.74b442a37a526e74ae877e978383a032.jpg,3,relaxed,1.4162262278103923,29.85875959473817,0.057318311297090314,0.051844529025172455,0.09984583583025697,0,1,-0.009296061482044732,relaxed,uncomfortable,relaxed,uncomfortable,uncomfortable,attentive
1750,/home/glyc/Documents/PyProjects/catface/data/cat-emotions-3/train/relaxed/CAT_01_00000144_013_png.rf.57229e442d9fd4ab69280050b7203042.jpg,3,relaxed,1.3788830261143015,32.39363484177555,0.18762576120878072,0.12331907539094956,0.2957235033349506,0,1,-0.023991270232406825,relaxed,relaxed,uncomfortable,relaxed,attentive,uncomfortable
1751,/home/glyc/Documents/PyProjects/catface/data/cat-emotions-3/train/relaxed/CAT_01_00000144_019_png.rf.07273178f8634392d223a4669eeadb90.jpg,3,relaxed,1.5773620873185261,14.999033586199898,0.0033648115813126084,-0.0028975144135963203,0.012558495077232862,0,0,-0.0027625702245743233,relaxed,uncomfortable,uncomfortable,uncomfortable,uncomfortable,relaxed
1752,/home/glyc/Documents/PyProjects/catface/data/cat-emotions-3/train/relaxed/CAT_01_00000145_003_png.rf.7fdc09f2cdbf5c940ae58cea45c6c3b3.jpg,3,relaxed,1.1230888430286847,46.548003185059066,0.1962654770033362,0.16919377241707712,0.18593671937869935,0,3,-0.019199627808346803,uncomfortable,relaxed,attentive,attentive,relaxed,relaxed
1753,/home/glyc/Documents/PyProjects/catface/data/cat-emotions-3/train/relaxed/CAT_01_00000145_004_png.rf.17eb7d7d6a4f287043b6f9ecbad00179.jpg,4,relaxed,1.313894503745417,36.429284874965646,-0.01763683563029797,-0.023980024964139687,0.023896440891165674,0,2,0.002946138470732357,attentive,attentive,attentive,attentive,relaxed,uncomfortable
1754,/home/glyc/Documents/PyProjects/catface/data/cat-emotions-3/train/relaxed/CAT_01_00000145_006_png.rf.1cd82c88168183406ff21c05e1c52575.jpg,1,relaxed,1.434337112861312,28.556530425366,-0.0036141681869514023,0.005388411343329345,0.00664083632929777,0,0,0.0027384112979538244,attentive,attentive,attentive,attentive,uncomfortable,relaxed
1755,/home/glyc/Documents/PyProjects/catface/data/cat-emotions-3/train/relaxed/CAT_01_00000146_017_png.rf.c6c2f0ce8a0af2ab1872dcceef7e0221.jpg,0,relaxed,1.3091186190324597,36.71053222916311,0.018490567857665667,0.00603077067277546,0.024797485454867346,0,2,-0.002456021834617822,attentive,attentive,attentive,attentive,relaxed,attentive
1756,/home/glyc/Documents/PyProjects/catface/data/cat-emotions-3/train/relaxed/CAT_01_00000146_018_png.rf.b85e64beb9af055f3a04616a8f7983dc.jpg,3,relaxed,1.2500630840425968,40.0483360783776,0.21277173510349004,0.2026106357732886,0.2531374780350873,0,3,-0.026559253947472106,relaxed,relaxed,attentive,relaxed,relaxed,uncomfortable
1757,/home/glyc/Documents/PyProjects/catface/data/cat-emotions-3/train/relaxed/CAT_01_00000146_019_png.rf.c0bb179d80e8b876f1636d57839e94be.jpg,1,relaxed,1.4083044667275992,30.412384176502435,-0.04731494063616311,-0.029864625101007358,0.08060644077716111,0,1,0.01316494532004081,relaxed,relaxed,relaxed,relaxed,uncomfortable,uncomfortable
1758,/home/glyc/Documents/PyProjects/catface/data/cat-emotions-3/train/relaxed/CAT_01_00000146_020_png.rf.992d791b5045137a5830326f11539f31.jpg,0,relaxed,1.2520514626406334,39.9397879677345,0.07866525290991153,0.08018851789087184,0.09394993100981643,0,3,-0.010685286758188917,uncomfortable,relaxed,relaxed,relaxed,relaxed,relaxed
1759,/home/glyc/Documents/PyProjects/catface/data/cat-emotions-3/train/relaxed/CAT_01_00000146_023_png.rf.6b626c85338b24ccc9036f8c62e57c89.jpg,3,relaxed,1.5274129875443145,20.716397613805466,-0.009586350871095524,-0.06668570892453876,0.025347599986975194,0,0,-0.0018784622900337444,attentive,uncomfortable,uncomfortable,attentive,uncomfortable,relaxed
1760,/home/glyc/Documents/PyProjects/catface/data/cat-emotions-3/train/relaxed/CAT_01_00000147_009_png.rf.83bf06dcfc56586d9b61dfe3b7918d34.jpg,1,relaxed,1.297191934053941,37.40494259370316,-0.014734885433003,-0.0003841178585768768,0.01926898490262297,0,2,0.0027087362835351847,attentive,attentive,attentive,attentive,relaxed,uncomfortable
1761,/home/glyc/Documents/PyProjects/catface/data/cat-emotions-3/train/relaxed/CAT_01_00000147_020_png.rf.926ead121673cc538ab0b043295c2dbb.jpg,3,relaxed,1.1139475543543482,46.988217080367995,0.11078607109258241,0.11959321699246678,0.10335228598423238,0,3,-0.01601047230035224,attentive,attentive,attentive,attentive,relaxed,uncomfortable
1762,/home/glyc/Documents/PyProjects/catface/data/cat-emotions-3/train/relaxed/CAT_01_00000147_025_png.rf.1f149cf4147cb79d3da0b2db53dec0ab.jpg,2,relaxed,1.8286583801341794,0.0,0.032218906370812365,0.025767690777683205,,1,0,-0.007272643517896998,attentive,uncomfortable,uncomfortable,uncomfortable,uncomfortable,uncomfortable
1763,/home/glyc/Documents/PyProjects/catface/data/cat-emotions-3/train/relaxed/CAT_01_00000148_028_png.rf.35a9d6eb38401e62aa9461479af9650e.jpg,1,relaxed,1.2886470347413073,37.89575660878127,0.05306215966480559,0.06624309301316514,0.0681717608156465,0,2,-0.008874952233492356,relaxed,relaxed,uncomfortable,relaxed,relaxed,attentive
1764,/home/glyc/Documents/PyProjects/catface/data/cat-emotions-3/train/relaxed/CAT_01_00000149_001_png.rf.8fd85a54dc4e42b0aea7b6cd44b81d27.jpg,0,relaxed,1.5305867216358147,20.3992861608913,0.03546681884419682,0.02949691280677169,0.09537103878107649,0,0,-0.006606172345953787,uncomfortable,attentive,relaxed,attentive,uncomfortable,uncomfortable
1765,/home/glyc/Documents/PyProjects/catface/data/cat-emotions-3/train/relaxed/CAT_01_00000149_010_png.rf.420cbefe4d7525950a0c1984a8474a1d.jpg,1,relaxed,1.2610496235238737,39.44545860625178,-0.2258053895201551,-0.18026608330978305,0.2744557278147193,0,3,0.03428492330458252,uncomfortable,attentive,attentive,attentive,relaxed,uncomfortable
1766,/home/glyc/Documents/PyProjects/catface/data/cat-emotions-3/train/relaxed/CAT_01_00000149_011_png.rf.38b4dc358332060d672eca04562ac8cf.jpg,2,relaxed,1.3110352402205017,36.59788759667727,0.03462244110023204,0.029064889500890284,0.046622747472014676,0,2,-0.0033679331617018915,relaxed,uncomfortable,uncomfortable,relaxed,relaxed,relaxed
1767,/home/glyc/Documents/PyProjects/catface/data/cat-emotions-3/train/relaxed/CAT_01_00000149_013_png.rf.4a33f282204c56f688664e12c6dd1e21.jpg,2,relaxed,1.2880319082612453,37.930880425690724,-0.023837341416396724,-0.032183044097389195,0.03058638993199648,0,2,0.0014546902796012118,uncomfortable,relaxed,uncomfortable,uncomfortable,relaxed,uncomfortable
1768,/home/glyc/Documents/PyProjects/catface/data/cat-emotions-3/train/relaxed/CAT_01_00000150_013_png.rf.0eadf492af13812c8ae906e8a0472a52.jpg,0,relaxed,1.315565848208869,36.330418444431366,0.007533918362934704,-0.00016281532720250076,0.010244782986188049,0,2,0.00020102416267556156,relaxed,attentive,relaxed,relaxed,relaxed,uncomfortable
1769,/home/glyc/Documents/PyProjects/catface/data/cat-emotions-3/train/relaxed/CAT_01_00000150_020_png.rf.924166d7857fa5c2f9c567f9d9eafbc8.jpg,4,relaxed,1.4575221435532328,26.80534774091046,0.009690034202687435,-0.0004217607095731261,0.019178559089836806,0,0,0.0001349129182974529,attentive,attentive,relaxed,attentive,uncomfortable,attentive
1770,/home/glyc/Documents/PyProjects/catface/data/cat-emotions-3/train/relaxed/CAT_01_00000150_029_png.rf.df00d6fff93483657f46d54badd3fd0c.jpg,1,relaxed,1.2159941926485753,41.871889279431635,-0.012145970633372269,0.01371218222238668,0.013550274023976619,0,3,-0.0030916321679702874,relaxed,relaxed,relaxed,relaxed,relaxed,relaxed
1771,/home/glyc/Documents/PyProjects/catface/data/cat-emotions-3/train/relaxed/CAT_01_00000151_007_png.rf.103826e99b537e241e5992f3ca37b766.jpg,2,relaxed,1.2529694496080568,39.88959096188932,0.025051979807666016,-0.08526624374416636,0.02997289535183827,0,3,0.0009437687574342657,uncomfortable,relaxed,relaxed,relaxed,relaxed,attentive
1772,/home/glyc/Documents/PyProjects/catface/data/cat-emotions-3/train/relaxed/CAT_01_00000151_025_png.rf.498f71216aeee89746951aa0ce7821f1.jpg,0,relaxed,1.4741144850417371,25.484143361924605,-0.014195892350451576,0.002709817725292567,0.029783516941794996,0,0,0.00899216246923601,attentive,attentive,attentive,attentive,uncomfortable,attentive
1773,/home/glyc/Documents/PyProjects/catface/data/cat-emotions-3/train/relaxed/CAT_01_00000152_010_png.rf.1f9804f3007c865e1bc84147a8804c9c.jpg,0,relaxed,1.2625644070519826,39.36173170125278,0.023114248980824325,0.025751420621386863,0.028178097739013006,0,3,-0.003433886105616235,attentive,relaxed,relaxed,attentive,relaxed,uncomfortable
1774,/home/glyc/Documents/PyProjects/catface/data/cat-emotions-3/train/relaxed/CAT_01_00000152_013_png.rf.f43d3772894246d7734844b82cff73e7.jpg,0,relaxed,1.2904815884517336,37.79083859091068,0.09165411401864405,0.07016937910951412,0.11819879222095676,0,2,-0.011417181112863828,uncomfortable,attentive,attentive,relaxed,relaxed,relaxed
1775,/home/glyc/Documents/PyProjects/catface/data/cat-emotions-3/train/relaxed/CAT_01_00000153_012_png.rf.4dbeb477a6d0ba39b58d31e69c883008.jpg,2,relaxed,1.4764398429336116,25.29385553537083,0.012208545207223125,0.003924031513933094,0.02583454741510297,0,0,0.002829385147033306,attentive,attentive,relaxed,uncomfortable,uncomfortable,attentive
1776,/home/glyc/Documents/PyProjects/catface/data/cat-emotions-3/train/relaxed/CAT_01_00000153_028_png.rf.b3b8859600136ffa31c7ba8d82ce5ce5.jpg,2,relaxed,1.2896153237490355,37.84041103672027,0.05445028293698358,0.06153474047547561,0.07009474230613849,0,2,-0.009961108075380504,relaxed,attentive,attentive,relaxed,relaxed,uncomfortable
1777,/home/glyc/Documents/PyProjects/catface/data/cat-emotions-3/train/relaxed/CAT_01_00000154_005_png.rf.21c3ed66923563dd765532fa38a4c2d6.jpg,1,relaxed,1.406651155017635,30.526781157768816,-0.061316969825455946,-0.04351260162109865,0.10398438375822883,0,1,0.01027099690375477,relaxed,uncomfortable,uncomfortable,uncomfortable,uncomfortable,relaxed
1778,/home/glyc/Documents/PyProjects/catface/data/cat-emotions-3/train/relaxed/CAT_01_00000154_011_png.rf.cd2fac2741f1b389b698c5293fc0eafa.jpg,4,relaxed,1.2902313340802574,37.805165204758154,-0.0492313452401661,-0.030569985619122227,0.06345685466169845,0,2,0.009546041180926196,attentive,relaxed,relaxed,relaxed,relaxed,uncomfortable
1779,/home/glyc/Documents/PyProjects/catface/data/cat-emotions-3/train/relaxed/CAT_01_00000154_023_png.rf.1414a82f3e334364f56120f5f58f3177.jpg,1,relaxed,1.1930402682191554,43.06472524962204,0.003204334729031329,-0.029891305515773594,0.0034284551559702905,0,3,-0.00811053419304339,attentive,attentive,attentive,attentive,relaxed,uncomfortable
1780,/home/glyc/Documents/PyProjects/catface/data/cat-emotions-3/train/relaxed/CAT_01_00000154_027_png.rf.3a0e5fe820574cb1338220a10a4c45a4.jpg,0,relaxed,1.3905256122170906,31.622945319526902,0.03425449027000581,0.020327111545872086,0.05562994861404477,0,1,-0.010197334555799631,attentive,attentive,relaxed,attentive,attentive,relaxed
1781,/home/glyc/Documents/PyProjects/catface/data/cat-emotions-3/train/relaxed/CAT_01_00000155_012_png.rf.70c413748c7e03208b28979e06057287.jpg,2,relaxed,1.3290067597324717,35.526713187584605,-0.015543969374576333,-0.02084936716840229,0.0217703643749792,0,2,0.0024677155110828797,uncomfortable,relaxed,attentive,relaxed,relaxed,relaxed
1782,/home/glyc/Documents/PyProjects/catface/data/cat-emotions-3/train/relaxed/CAT_01_00000156_008_png.rf.1223e0ee210b1044ec3a00928d357d4c.jpg,0,relaxed,1.4665285798694554,26.09590603100306,-0.02431453545611886,-0.041489330833386025,0.04964111967695938,0,0,0.007399922886478255,uncomfortable,uncomfortable,uncomfortable,relaxed,uncomfortable,uncomfortable
1783,/home/glyc/Documents/PyProjects/catface/data/cat-emotions-3/train/relaxed/CAT_01_00000156_011_png.rf.f1d50e1e1bf2bbd7c64be6627577545b.jpg,3,relaxed,1.3470513765657512,34.422185041514496,0.039479463358741536,0.032950760917085105,0.05761043712950902,0,1,-0.006716114256244576,uncomfortable,uncomfortable,uncomfortable,uncomfortable,relaxed,uncomfortable
1784,/home/glyc/Documents/PyProjects/catface/data/cat-emotions-3/train/relaxed/CAT_01_00000156_027_png.rf.5e05e3383092228be83ded4581965864.jpg,4,relaxed,1.6041151565053666,10.792128335781527,-0.0017144982188412627,-0.007393499833383652,0.008994427793726703,0,0,-0.001296819178481845,relaxed,uncomfortable,uncomfortable,uncomfortable,uncomfortable,relaxed
1785,/home/glyc/Documents/PyProjects/catface/data/cat-emotions-3/train/relaxed/CAT_01_00000157_023_png.rf.c5076a8e4da8adc24d292d681aa7b5d5.jpg,3,relaxed,1.3478046324052688,34.37540401411154,-0.03284250073873809,-0.011314274544956718,0.04800946074030487,0,1,0.005164126394722635,attentive,attentive,attentive,relaxed,relaxed,relaxed
1786,/home/glyc/Documents/PyProjects/catface/data/cat-emotions-3/train/relaxed/CAT_01_00000157_027_png.rf.414444c47594c5744ad9948f5949018f.jpg,1,relaxed,1.4567641654900572,26.86426101539131,0.018751980371929818,-0.007500136072961881,0.037019384778436554,0,0,-0.002208566974906956,relaxed,uncomfortable,relaxed,relaxed,uncomfortable,relaxed
1787,/home/glyc/Documents/PyProjects/catface/data/cat-emotions-3/train/relaxed/CAT_01_00000158_026_png.rf.0d5032397fa749ebdd9cd20660d20927.jpg,0,relaxed,1.3823145335858806,32.16819878680786,-0.02651102808258622,-0.02493862847503395,0.0421506635736887,0,1,0.0036459415072876145,uncomfortable,attentive,relaxed,relaxed,attentive,relaxed
1788,/home/glyc/Documents/PyProjects/catface/data/cat-emotions-3/train/relaxed/CAT_01_00000158_028_png.rf.9d0e750ddb8727ecc935fd693aeb9667.jpg,1,relaxed,1.253556994386528,39.85743543585276,-0.09914278855581883,-0.07109434573990904,0.11875260746245077,0,3,0.014111172269364869,uncomfortable,relaxed,attentive,relaxed,relaxed,uncomfortable
1789,/home/glyc/Documents/PyProjects/catface/data/cat-emotions-3/train/relaxed/CAT_01_00000159_019_png.rf.389a58d50971b79f152e8ef220ebdf67.jpg,1,relaxed,1.4593541048890948,26.66246229108416,0.03129946809669198,0.017181924027839666,0.06233376946261108,0,0,-0.0046721214600470296,attentive,attentive,relaxed,attentive,uncomfortable,uncomfortable
1790,/home/glyc/Documents/PyProjects/catface/data/cat-emotions-3/train/relaxed/CAT_01_00000159_027_png.rf.7ba95671d9059665549a861937cba2c4.jpg,3,relaxed,1.2323640470131705,41.00402159587787,-0.021891975245891458,-0.021145115800992164,0.025180266927750238,0,3,0.008358702756858488,attentive,relaxed,relaxed,relaxed,relaxed,uncomfortable
1791,/home/glyc/Documents/PyProjects/catface/data/cat-emotions-3/train/relaxed/CAT_01_00000160_003_png.rf.ac076a685b7e74edf09a6cb5443c8f9c.jpg,4,relaxed,1.3802856194955384,32.30165973296968,0.07899962564576389,0.08826460315153871,0.12495703633855587,0,1,-0.015146853570672192,uncomfortable,relaxed,uncomfortable,relaxed,attentive,relaxed
1792,/home/glyc/Documents/PyProjects/catface/data/cat-emotions-3/train/relaxed/CAT_01_00000160_026_png.rf.0d341465339be03b33d2a4076ae247f1.jpg,1,relaxed,1.0890687727074315,48.17069165261762,-0.062452990279602744,-0.0366439085144673,0.05589692922369676,0,3,0.0008087325149008784,attentive,uncomfortable,relaxed,relaxed,relaxed,relaxed
1793,/home/glyc/Documents/PyProjects/catface/data/cat-emotions-3/train/relaxed/CAT_01_00000162_015_png.rf.41dbf39766d5e07d00e79c7db4ce9d0d.jpg,4,relaxed,1.329154012462387,35.51782097640518,0.014939072804740548,0.008505874805492622,0.020930034431457942,0,2,-0.0025104423896895045,attentive,attentive,attentive,attentive,relaxed,uncomfortable
1794,/home/glyc/Documents/PyProjects/catface/data/cat-emotions-3/train/relaxed/CAT_01_00000163_006_png.rf.b4b0fb4fc401edcc0435f53d67a0495b.jpg,2,relaxed,1.5210672633072286,21.33693075320041,0.05231942949768342,0.043781095031364396,0.13393724660767536,0,0,-0.010964752247566212,attentive,attentive,attentive,attentive,uncomfortable,relaxed
1795,/home/glyc/Documents/PyProjects/catface/data/cat-emotions-3/train/relaxed/CAT_01_00000163_022_png.rf.26ea1fd3759226d0b6511fa1acc44f92.jpg,4,relaxed,1.2678275571156605,39.06965280155469,0.015011844447400516,0.0015957226893768103,0.018492073715341922,0,2,-0.004190425726194658,attentive,attentive,attentive,relaxed,relaxed,relaxed
1796,/home/glyc/Documents/PyProjects/catface/data/cat-emotions-3/train/relaxed/CAT_01_00000164_001_png.rf.fe56b345e8277e6cbd57c2a1b6d9ca64.jpg,3,relaxed,1.3290372743307504,35.52487064876775,-0.03120803065985533,-0.0284384502013751,0.04371189784982272,0,2,0.00296433816340394,attentive,relaxed,relaxed,relaxed,relaxed,attentive
1797,/home/glyc/Documents/PyProjects/catface/data/cat-emotions-3/train/relaxed/CAT_01_00000164_006_png.rf.f97ff07a700663f85d28e001c1b906fb.jpg,2,relaxed,1.3328527882566394,35.29382317581453,0.0050941311552158445,-0.04402920039024203,0.007196344327730022,0,1,0.001469212642520673,attentive,attentive,attentive,attentive,relaxed,uncomfortable
1798,/home/glyc/Documents/PyProjects/catface/data/cat-emotions-3/train/relaxed/CAT_01_00000164_025_png.rf.ee4f7259430d1ffa1e2d99db72115bc9.jpg,3,relaxed,1.7424951944273321,0.0,-0.03217793676917239,-0.04693036820440464,,1,0,0.0001422845484875812,relaxed,uncomfortable,uncomfortable,uncomfortable,uncomfortable,attentive
1799,/home/glyc/Documents/PyProjects/catface/data/cat-emotions-3/train/relaxed/CAT_01_00000165_002_png.rf.eab0bab489e97cdce04f640f58cbd317.jpg,4,relaxed,1.4527780428293802,27.172133438398163,0.021456712997499735,0.025252827852561055,0.041800241951873866,0,0,-0.014067910339231937,uncomfortable,uncomfortable,uncomfortable,uncomfortable,uncomfortable,uncomfortable
1800,/home/glyc/Documents/PyProjects/catface/data/cat-emotions-3/train/relaxed/CAT_01_00000165_017_png.rf.e6f0f6fdae6971ea7241b37fa39ffcf4.jpg,0,relaxed,1.33535728939882,35.14144576364129,-0.028101700547619308,-0.020482915964062518,0.03992325682593401,0,1,0.00799632171059933,uncomfortable,relaxed,uncomfortable,relaxed,relaxed,uncomfortable
1801,/home/glyc/Documents/PyProjects/catface/data/cat-emotions-3/train/relaxed/CAT_01_00000166_003_png.rf.4938eca4603971e23f5a9bb6f4e4a375.jpg,3,relaxed,1.2988168129003264,37.310988102067135,0.1017053234599747,0.08842754924972622,0.1334542192865959,0,2,-0.016246864886551,attentive,attentive,attentive,attentive,relaxed,uncomfortable
1802,/home/glyc/Documents/PyProjects/catface/data/cat-emotions-3/train/relaxed/CAT_01_00000166_011_png.rf.b282a3a0f5864659c0d434ea819590e1.jpg,3,relaxed,1.3048920509670012,36.95789526510499,-0.13892009651096265,-0.12639896423587524,0.18463533890269468,0,2,0.01994509552444959,attentive,relaxed,attentive,relaxed,relaxed,relaxed
1803,/home/glyc/Documents/PyProjects/catface/data/cat-emotions-3/train/relaxed/CAT_01_00000166_021_png.rf.46f1020a47f82486da718b3c78887275.jpg,0,relaxed,1.553045844461422,18.003128992164825,0.031307963168720816,0.006101808056301348,0.09633810093450591,0,0,-0.004984207052348755,attentive,uncomfortable,uncomfortable,uncomfortable,uncomfortable,uncomfortable
1804,/home/glyc/Documents/PyProjects/catface/data/cat-emotions-3/train/relaxed/CAT_01_00000166_026_png.rf.411c29f4dfea3cbf102736097c4f0406.jpg,3,relaxed,1.241982132142943,40.48699460682791,-0.025946646910491915,-0.016096726562007096,0.030393587456503404,0,3,-0.0003814845675927936,relaxed,relaxed,relaxed,relaxed,relaxed,relaxed
1805,/home/glyc/Documents/PyProjects/catface/data/cat-emotions-3/train/relaxed/CAT_01_00000167_002_png.rf.bb7ac69d7025ebe876894025abe505ba.jpg,2,relaxed,1.3427297456095773,34.689511364603426,-0.03544043476384792,-0.030536088523843347,0.051202512163532596,0,1,0.004983072533931432,attentive,attentive,attentive,attentive,relaxed,uncomfortable
1806,/home/glyc/Documents/PyProjects/catface/data/cat-emotions-3/train/relaxed/CAT_01_00000167_028_png.rf.523e168a593ef408c7fc78d3ab205681.jpg,1,relaxed,1.1794974912737501,43.75616061919113,-0.007560338971048216,0.01027975456623463,0.007895933339098646,0,3,0.002104988099658228,uncomfortable,attentive,attentive,attentive,relaxed,uncomfortable
1807,/home/glyc/Documents/PyProjects/catface/data/cat-emotions-3/train/relaxed/CAT_01_00000167_029_png.rf.08d31024629813e985da83611d8c8a34.jpg,1,relaxed,1.2605756779226376,39.47162455260232,-0.06408753985406612,-0.08217515164454113,0.07782289609126679,0,3,0.0009522292676605593,relaxed,relaxed,attentive,relaxed,relaxed,attentive
1808,/home/glyc/Documents/PyProjects/catface/data/cat-emotions-3/train/relaxed/CAT_01_00000168_004_png.rf.295a0abd967f1cba94434326ffa6bd7c.jpg,4,relaxed,1.3751371658893856,32.63813739190195,0.04065996952493974,0.04687053490646104,0.06348508252701376,0,1,-0.006397176871361349,relaxed,relaxed,relaxed,relaxed,attentive,uncomfortable
1809,/home/glyc/Documents/PyProjects/catface/data/cat-emotions-3/train/relaxed/CAT_01_00000168_024_png.rf.e2553b8e4386ae60bb0dc6e0fd478faa.jpg,0,relaxed,1.0855841352933882,48.33456363767544,0.07672894239422186,0.0135787913984983,0.06828000845941387,0,3,-0.003234284859958303,attentive,relaxed,relaxed,relaxed,relaxed,relaxed
1810,/home/glyc/Documents/PyProjects/catface/data/cat-emotions-3/train/relaxed/CAT_01_00000168_025_png.rf.ba883dd45c8f4816090a614f8c2b9193.jpg,1,relaxed,1.1735188553761358,44.058640378575134,0.1857826097662564,0.12253150179626443,0.19198990454613504,0,3,-0.022047259678770137,attentive,relaxed,attentive,attentive,relaxed,attentive
1811,/home/glyc/Documents/PyProjects/catface/data/cat-emotions-3/train/relaxed/CAT_01_00000169_006_png.rf.bff0a179b046fc60a573a1fbd4eb8ec0.jpg,0,relaxed,1.363735359668395,33.372553935453936,0.015690050555162895,-0.008573645629899034,0.02382003132275211,0,1,0.006156510744983135,uncomfortable,relaxed,uncomfortable,relaxed,relaxed,uncomfortable
1812,/home/glyc/Documents/PyProjects/catface/data/cat-emotions-3/train/relaxed/CAT_01_00000169_011_png.rf.9e262f943ebc8a644cb105f144a26fee.jpg,0,relaxed,1.315915017209272,36.30973446035397,-0.0011879920869063702,-0.015322061320419474,0.0016166794932333816,0,2,0.0009697830746726865,attentive,attentive,attentive,attentive,relaxed,attentive
1813,/home/glyc/Documents/PyProjects/catface/data/cat-emotions-3/train/relaxed/CAT_01_00000169_016_png.rf.281af09d53f9a5f7ee9db3a6fc2cd125.jpg,1,relaxed,1.3989303773467523,31.055960628290546,-0.018458770131779673,-0.015276987340019258,0.03065269787618855,0,1,0.0031820172176635075,attentive,attentive,attentive,attentive,uncomfortable,uncomfortable
1814,/home/glyc/Documents/PyProjects/catface/data/cat-emotions-3/train/relaxed/CAT_01_00000169_023_png.rf.23f290a08bd53e559bc6435d96b9d37f.jpg,0,relaxed,1.2916883409315902,37.721689208743385,-0.04561841649845822,-0.039832256857475906,0.05897717903440462,0,2,0.007088807842170225,uncomfortable,attentive,attentive,attentive,relaxed,attentive
1815,/home/glyc/Documents/PyProjects/catface/data/cat-emotions-3/train/relaxed/CAT_01_00000169_024_png.rf.c57cdd3ae563dc478187ef6bbe4f061f.jpg,1,relaxed,1.308541967979846,36.744365362081965,-0.03541450744850404,-0.027287729509000252,0.047435506955619586,0,2,0.004759133549896044,relaxed,relaxed,relaxed,relaxed,relaxed,relaxed
1816,/home/glyc/Documents/PyProjects/catface/data/cat-emotions-3/train/relaxed/CAT_01_00000170_001_png.rf.9cf1b97fd107cf8ee88eac61f5461573.jpg,0,relaxed,1.2157592017919838,41.88424038209581,-0.014225045669281797,-0.012781475205591083,0.015862848035042273,0,3,-0.0008783289753641066,attentive,attentive,attentive,attentive,relaxed,uncomfortable
1817,/home/glyc/Documents/PyProjects/catface/data/cat-emotions-3/train/relaxed/CAT_01_00000170_011_png.rf.7dad0b92195d5a2ea04952816442d39e.jpg,1,relaxed,1.3340072952469793,35.22365264088413,0.00011794171775834248,-0.007136552300273808,0.00016704659816674694,0,1,-6.645900301741059e-05,relaxed,relaxed,relaxed,relaxed,relaxed,relaxed
1818,/home/glyc/Documents/PyProjects/catface/data/cat-emotions-3/train/relaxed/CAT_01_00000170_023_png.rf.e2088e7203128350688077c646977dea.jpg,3,relaxed,1.2514978097030829,39.97003722442216,-0.07380994697813041,-0.06076043140413401,0.08805674762775907,0,3,-0.0014579787802298239,relaxed,attentive,attentive,attentive,relaxed,uncomfortable
1819,/home/glyc/Documents/PyProjects/catface/data/cat-emotions-3/train/relaxed/CAT_01_00000171_005_png.rf.8677746ef5fa3d9b1869fdb042b5ab67.jpg,4,relaxed,1.4182442266684354,29.71623497645097,0.0003860895811996258,-0.018294198978866343,0.0006764416554071046,0,0,0.0039515731248373764,relaxed,relaxed,relaxed,relaxed,uncomfortable,relaxed
1820,/home/glyc/Documents/PyProjects/catface/data/cat-emotions-3/train/relaxed/CAT_01_00000171_010_png.rf.d443fe8f411509257523406c775200c5.jpg,0,relaxed,1.141464297355558,45.65323576400123,0.2299286118088084,0.1353947783111036,0.22474460561004433,0,3,-0.031786072255974046,relaxed,attentive,attentive,attentive,relaxed,relaxed
1821,/home/glyc/Documents/PyProjects/catface/data/cat-emotions-3/train/relaxed/CAT_01_00000171_011_png.rf.4f3da2c22d6cccaf0454c52696036e8c.jpg,3,relaxed,1.9973592803671005,0.0,-0.11240395828619919,-0.14313815399175858,,1,0,0.031536035734874665,uncomfortable,uncomfortable,uncomfortable,uncomfortable,uncomfortable,uncomfortable
1822,/home/glyc/Documents/PyProjects/catface/data/cat-emotions-3/train/relaxed/CAT_01_00000171_013_png.rf.c61c3c21db5a6169de4b44ce5175ff89.jpg,1,relaxed,1.3723056634119288,32.82188132171525,0.22032931564649422,0.19186959183186778,0.3415976019983315,0,1,-0.03406135864065572,relaxed,relaxed,relaxed,relaxed,attentive,uncomfortable
1823,/home/glyc/Documents/PyProjects/catface/data/cat-emotions-3/train/relaxed/CAT_01_00000171_029_png.rf.6b3b5cedc54785d8bb40cc7662af9444.jpg,2,relaxed,1.20892252609156,42.24228717140256,-0.3863858879712729,-0.32823373551183915,0.4254927592023064,0,3,0.05040814193509022,uncomfortable,attentive,attentive,attentive,relaxed,relaxed
1824,/home/glyc/Documents/PyProjects/catface/data/cat-emotions-3/train/relaxed/CAT_01_00000172_019_png.rf.0e29f600416fd50c76f505557c5f34a0.jpg,4,relaxed,1.3012148070422047,37.1719596007779,-0.1043933477823068,-0.10395298129403345,0.1376730120983926,0,2,0.016398080499337858,relaxed,relaxed,relaxed,relaxed,relaxed,uncomfortable
1825,/home/glyc/Documents/PyProjects/catface/data/cat-emotions-3/train/relaxed/CAT_01_00000173_007_png.rf.5d6073d566ff00cb2b7709b28023096e.jpg,2,relaxed,1.3592506998253258,33.65752793313689,0.0154624445725527,-0.012505905713663357,0.02322223100008133,0,1,0.005390503507892386,relaxed,relaxed,uncomfortable,relaxed,relaxed,attentive
1826,/home/glyc/Documents/PyProjects/catface/data/cat-emotions-3/train/relaxed/CAT_01_00000173_008_png.rf.a88c854d73a49d54d881842b360642ed.jpg,0,relaxed,1.2496444705903154,40.07115754335752,-0.11653650228864482,-0.0981468576652403,0.13853302474699905,0,3,0.020367163843283437,attentive,attentive,attentive,attentive,relaxed,relaxed
1827,/home/glyc/Documents/PyProjects/catface/data/cat-emotions-3/train/relaxed/CAT_01_00000173_011_png.rf.dc3bc56652b1fb8d46a099751ef84866.jpg,4,relaxed,1.3470291440460107,34.42356494736949,0.011555475448188968,-0.007524729903043397,0.016861465506136472,0,1,-0.0050976728413909544,attentive,relaxed,attentive,relaxed,relaxed,attentive
1828,/home/glyc/Documents/PyProjects/catface/data/cat-emotions-3/train/relaxed/CAT_01_00000173_022_png.rf.e4de7fff7415efeb116aa239e7e91aa7.jpg,4,relaxed,1.2814694724318154,38.30389377001693,0.024385383025825068,0.025301805725792957,0.03087293658391593,0,2,-0.00441158256139243,attentive,attentive,attentive,attentive,relaxed,attentive
1829,/home/glyc/Documents/PyProjects/catface/data/cat-emotions-3/train/relaxed/CAT_01_00000174_013_png.rf.8428b462cb3eddc5ef6728508446c74e.jpg,4,relaxed,1.302733576325786,37.08367538116587,0.0982169024870913,0.06562999745801262,0.12994296107328096,0,2,-0.013434765821015188,attentive,attentive,attentive,attentive,relaxed,uncomfortable
1830,/home/glyc/Documents/PyProjects/catface/data/cat-emotions-3/train/relaxed/CAT_01_00000174_024_png.rf.11da927bd022d668586c2c5ca4821395.jpg,0,relaxed,1.2706674805354246,38.91128708921754,-0.009263405728347747,-0.014209316846947779,0.011475638032423092,0,2,0.0021676999580305667,attentive,attentive,attentive,attentive,relaxed,uncomfortable
1831,/home/glyc/Documents/PyProjects/catface/data/cat-emotions-3/train/relaxed/CAT_01_00000174_028_png.rf.c8f7a2034f3db2661466c95e325992d4.jpg,1,relaxed,1.3180189640601645,36.184885574898665,0.14384776530427065,0.15216080378525237,0.19665187337374332,0,2,-0.020379181661469487,relaxed,uncomfortable,uncomfortable,uncomfortable,relaxed,uncomfortable
1832,/home/glyc/Documents/PyProjects/catface/data/cat-emotions-3/train/relaxed/CAT_01_00000175_007_png.rf.e4f7ba3e4f78b51476dfee13288f1796.jpg,4,relaxed,1.4062475063736044,30.554651871171576,0.01241050967073781,0.037471136056205764,0.02102298368330897,0,1,-0.0026486837569745514,attentive,uncomfortable,uncomfortable,uncomfortable,attentive,relaxed
1833,/home/glyc/Documents/PyProjects/catface/data/cat-emotions-3/train/relaxed/CAT_01_00000175_009_png.rf.e5076b47d7617d5b7a6f40c08bc6609c.jpg,2,relaxed,1.4421050478146138,27.981057612859594,0.0269810536204216,0.028321344459738138,0.05078447857730205,0,0,0.0029402831191930323,uncomfortable,uncomfortable,uncomfortable,uncomfortable,uncomfortable,uncomfortable
1834,/home/glyc/Documents/PyProjects/catface/data/cat-emotions-3/train/relaxed/CAT_01_00000175_014_png.rf.c43604f5325234f78ad3b9a7bae97f0c.jpg,2,relaxed,1.2145191292955302,41.94936940511176,-0.07918177551549554,-0.09272575584414483,0.08809670095773721,0,3,0.007450847660848997,attentive,attentive,attentive,relaxed,relaxed,attentive
1835,/home/glyc/Documents/PyProjects/catface/data/cat-emotions-3/train/relaxed/CAT_01_00000175_017_png.rf.c5c52d0cf928764013610c3cf5b33c92.jpg,4,relaxed,1.663466299044173,0.0,-0.2002216465905206,-0.18515994126719906,,1,0,0.05142507280850554,attentive,uncomfortable,uncomfortable,relaxed,uncomfortable,relaxed
1836,/home/glyc/Documents/PyProjects/catface/data/cat-emotions-3/train/relaxed/CAT_01_00000176_000_png.rf.1f6bf5bc870184966ce4b78a60588218.jpg,0,relaxed,1.2772857392137074,38.54010254856017,0.017339546322493102,0.021648895854347077,0.021767507278771057,0,2,-0.003860549723858492,uncomfortable,relaxed,relaxed,relaxed,relaxed,uncomfortable
1837,/home/glyc/Documents/PyProjects/catface/data/cat-emotions-3/train/relaxed/CAT_01_00000176_006_png.rf.e5ea89271782853e43c16f4fc503bf2a.jpg,0,relaxed,1.408532271548568,30.396591257145904,0.0521870320954527,0.0565252980720394,0.08896276872995035,0,1,-0.010817636437316425,uncomfortable,attentive,attentive,relaxed,uncomfortable,relaxed
1838,/home/glyc/Documents/PyProjects/catface/data/cat-emotions-3/train/relaxed/CAT_01_00000176_010_png.rf.ad1964181ce091a64dc3d94dccd00b97.jpg,0,relaxed,1.2981616963448488,37.34889284017494,-0.01776903331422814,0.007649153388729312,0.02328394530518232,0,2,0.004104874302857692,uncomfortable,relaxed,relaxed,uncomfortable,relaxed,attentive
1839,/home/glyc/Documents/PyProjects/catface/data/cat-emotions-3/train/relaxed/CAT_01_00000176_011_png.rf.bc9cba0dbda73c65b73f0afe0c85e0c0.jpg,0,relaxed,1.1836605131615041,43.5445507618742,0.02029365930788291,0.02355382476823894,0.021351780247817642,0,3,0.0001179778895780137,uncomfortable,relaxed,uncomfortable,uncomfortable,relaxed,uncomfortable
1840,/home/glyc/Documents/PyProjects/catface/data/cat-emotions-3/train/relaxed/CAT_01_00000176_017_png.rf.bc45332078fcc41b319013aa9af7e8bc.jpg,3,relaxed,1.563035135682788,16.8322245646611,-0.07005097974309503,-0.07232788181915385,0.23154930085160408,0,0,0.016212601688105677,attentive,uncomfortable,relaxed,attentive,uncomfortable,relaxed
1841,/home/glyc/Documents/PyProjects/catface/data/cat-emotions-3/train/relaxed/CAT_01_00000177_028_png.rf.983a2d1159cf6bcedc9c766163b75ac9.jpg,4,relaxed,1.4908378785810374,24.0844015916225,-0.20033238245124566,-0.17466850059648983,0.44817595293103984,0,0,0.04058124170259701,attentive,attentive,attentive,attentive,uncomfortable,uncomfortable
1842,/home/glyc/Documents/PyProjects/catface/data/cat-emotions-3/train/relaxed/CAT_01_00000178_009_png.rf.39a77174ebbc60d4a38195154825636f.jpg,1,relaxed,1.1631431687624667,44.57970634134744,-0.13493401558479065,-0.09406352902171655,0.13692829958924554,0,3,0.017406611779700043,uncomfortable,attentive,attentive,attentive,relaxed,relaxed
1843,/home/glyc/Documents/PyProjects/catface/data/cat-emotions-3/train/relaxed/CAT_01_00000178_029_png.rf.d8726c60530b0063fa07023e1bea7893.jpg,3,relaxed,1.1508629009324551,45.190276212281056,-0.14056438933732945,-0.08063437910161204,0.13963386254272425,0,3,0.013318895509480622,uncomfortable,relaxed,attentive,relaxed,relaxed,attentive
1844,/home/glyc/Documents/PyProjects/catface/data/cat-emotions-3/train/relaxed/CAT_01_00000179_005_png.rf.fc3122012d27f56f9ec44cf7a58cdd5c.jpg,3,relaxed,1.3162592275646912,36.289334264386724,-0.049030055578435386,-0.03494840976652547,0.06677238070103386,0,2,0.00889888808989775,relaxed,relaxed,relaxed,relaxed,relaxed,uncomfortable
1845,/home/glyc/Documents/PyProjects/catface/data/cat-emotions-3/train/relaxed/CAT_01_00000179_012_png.rf.4f869bce6c687daa4f4edaa2a9048270.jpg,1,relaxed,1.2614822006510713,39.421563877749975,-0.032389999774727715,-0.031182071490682594,0.03940198720277356,0,3,0.005497114161082617,relaxed,relaxed,relaxed,relaxed,relaxed,attentive
1846,/home/glyc/Documents/PyProjects/catface/data/cat-emotions-3/train/relaxed/CAT_01_00000179_019_png.rf.515356383894ca5c24631f2d22f7ca5a.jpg,4,relaxed,1.4805944591780187,24.950503398147386,-0.05671513133130093,-0.0511697120820073,0.12190081939901536,0,0,0.013145085216358127,relaxed,uncomfortable,uncomfortable,uncomfortable,uncomfortable,uncomfortable
1847,/home/glyc/Documents/PyProjects/catface/data/cat-emotions-3/train/relaxed/CAT_01_00000180_000_png.rf.1c043b20b5a68ccc5217bf2bb713347c.jpg,0,relaxed,1.377394856399188,32.490967868405065,-0.016004971228808916,-0.009867031934683185,0.025131514221316893,0,1,0.004299261552491829,attentive,attentive,attentive,attentive,attentive,attentive
1848,/home/glyc/Documents/PyProjects/catface/data/cat-emotions-3/train/relaxed/CAT_01_00000180_011_png.rf.81fd45b8571e068bca22ced392c1807f.jpg,4,relaxed,1.283939998080573,38.163830228618245,-0.03512621391352655,-0.0017470080775506967,0.04469548563805639,0,2,0.008113959221809464,uncomfortable,attentive,attentive,attentive,relaxed,relaxed
1849,/home/glyc/Documents/PyProjects/catface/data/cat-emotions-3/train/relaxed/CAT_01_00000180_014_png.rf.a722b64ebf346c3d9227d388fd0dad43.jpg,1,relaxed,1.5215223652310534,21.29300211831621,0.047702276282997544,0.034708747008652945,0.12239417955539034,0,0,-0.006903020074603222,attentive,attentive,attentive,attentive,uncomfortable,uncomfortable
1850,/home/glyc/Documents/PyProjects/catface/data/cat-emotions-3/train/relaxed/CAT_01_00000181_011_png.rf.b7a75c1e3bceb02d451cbd45ad45f8a9.jpg,0,relaxed,1.3367936235530058,35.053796888109545,-0.01038858695672396,-0.018182792774050587,0.014806830563147091,0,1,0.004656136394083299,relaxed,relaxed,attentive,relaxed,relaxed,uncomfortable
1851,/home/glyc/Documents/PyProjects/catface/data/cat-emotions-3/train/relaxed/CAT_01_00000181_027_png.rf.c5d17eabe0986e6ab23d9b5a45fed3b7.jpg,4,relaxed,1.6034003880498178,10.925250572448983,0.07829756859329787,0.10073324525785,0.40563069566875054,0,0,-0.011125011330928983,uncomfortable,uncomfortable,uncomfortable,uncomfortable,uncomfortable,attentive
1852,/home/glyc/Documents/PyProjects/catface/data/cat-emotions-3/train/relaxed/CAT_01_00000182_014_png.rf.6c163219f8bf5940ec98b541a0a2c35d.jpg,3,relaxed,1.548420035206379,18.521065629681672,-0.07613553748758237,-0.05768622827628363,0.2272674145820669,0,0,0.015674718990197734,uncomfortable,uncomfortable,uncomfortable,uncomfortable,uncomfortable,attentive
1853,/home/glyc/Documents/PyProjects/catface/data/cat-emotions-3/train/relaxed/CAT_01_00000182_017_png.rf.8d07e3a4dc333b5f6260f759f00b645b.jpg,1,relaxed,1.1865173626060137,43.398857869166065,-0.0011709679312004195,-0.043061059114145206,0.0012383133138964757,0,3,0.000849495535415079,attentive,relaxed,attentive,attentive,relaxed,attentive
1854,/home/glyc/Documents/PyProjects/catface/data/cat-emotions-3/train/relaxed/CAT_01_00000182_018_png.rf.358f572b1f0bc61ea1ace6b2eed86eaf.jpg,4,relaxed,1.2688118263039219,39.014827125640856,-0.05670166902511953,-0.0429523565323388,0.06998369182539475,0,2,0.005409955647535686,relaxed,attentive,attentive,relaxed,relaxed,uncomfortable
1855,/home/glyc/Documents/PyProjects/catface/data/cat-emotions-3/train/relaxed/CAT_01_00000183_010_png.rf.159fdd50fcacb061318579c84be534b3.jpg,2,relaxed,1.2799896026443964,38.38758597252581,-0.06414734961761845,0.003462327642142247,0.08096984561869122,0,2,0.00381869380388708,uncomfortable,attentive,attentive,relaxed,relaxed,uncomfortable
1856,/home/glyc/Documents/PyProjects/catface/data/cat-emotions-3/train/relaxed/CAT_01_00000183_023_png.rf.934b846c49c4b0c34126bbc82027bebc.jpg,3,relaxed,1.5682605362069744,16.18706017978611,-0.05059575172206475,-0.05817690859766827,0.1742986382783428,0,0,0.012601394881179145,attentive,uncomfortable,uncomfortable,attentive,uncomfortable,uncomfortable
1857,/home/glyc/Documents/PyProjects/catface/data/cat-emotions-3/train/relaxed/CAT_01_00000183_025_png.rf.3780203a94bd6ac70c05115467271cd5.jpg,4,relaxed,1.3175773827656012,36.21111994990728,0.03264703557915471,0.001162075182734796,0.04458835754908818,0,2,-0.0030497257345045437,uncomfortable,attentive,attentive,attentive,relaxed,attentive
1858,/home/glyc/Documents/PyProjects/catface/data/cat-emotions-3/train/relaxed/CAT_01_00000184_017_png.rf.665215c344f52e510745cd510e0d76bc.jpg,1,relaxed,1.243434553836995,40.408443965618225,0.011431389869411125,0.009742084012765412,0.013427827726436003,0,3,-0.0008396352568679766,relaxed,relaxed,relaxed,relaxed,relaxed,uncomfortable
1859,/home/glyc/Documents/PyProjects/catface/data/cat-emotions-3/train/relaxed/CAT_01_00000184_023_png.rf.d61270a591ad1c58abd5e7aa683b31a3.jpg,4,relaxed,1.2604720894644632,39.47734161005375,-0.061139610435406694,-0.025893373835542393,0.07422806658432322,0,3,0.014399901761079303,relaxed,relaxed,attentive,relaxed,relaxed,uncomfortable
1860,/home/glyc/Documents/PyProjects/catface/data/cat-emotions-3/train/uncomfortable/00000001_000_png.rf.cca08f4f5119ce1d349b132ac138f63b.jpg,4,uncomfortable,1.4236851683097986,29.328824513642623,-0.07212373930921945,-0.05952129710101843,0.12837162469808963,0,0,0.014759399683936747,uncomfortable,uncomfortable,uncomfortable,uncomfortable,uncomfortable,attentive
1861,/home/glyc/Documents/PyProjects/catface/data/cat-emotions-3/train/uncomfortable/00000002_001_png.rf.ff26bfe9e368d9cc054d3d22e2cddd11.jpg,3,uncomfortable,1.2889710322152035,37.87724517666387,-0.04081685405235172,-0.032275315770489595,0.05247453826333734,0,2,0.006124557219325921,attentive,uncomfortable,uncomfortable,relaxed,relaxed,attentive
1862,/home/glyc/Documents/PyProjects/catface/data/cat-emotions-3/train/uncomfortable/00000024_029_png.rf.90c2666d31c4aad2f4859e8f3c2dd9b3.jpg,2,uncomfortable,1.0859185861139034,48.31885354463475,-0.043502321252851806,0.0014868308556240562,0.03873348386222474,0,3,0.0070958691066658475,relaxed,uncomfortable,uncomfortable,uncomfortable,relaxed,attentive
1863,/home/glyc/Documents/PyProjects/catface/data/cat-emotions-3/train/uncomfortable/00000027_020_png.rf.fc457f4d44d224d6343a3a4faafb1e6b.jpg,1,uncomfortable,1.4674631102455211,26.02126473543819,0.13859946876278045,0.1136390905866136,0.2839035473413536,0,0,-0.027965833163497544,relaxed,relaxed,relaxed,relaxed,uncomfortable,attentive
1864,/home/glyc/Documents/PyProjects/catface/data/cat-emotions-3/train/uncomfortable/00000029_003_png.rf.c41dbf27a79f5a35eb3afc3ee9ff2c9e.jpg,3,uncomfortable,1.3868581276462444,31.86751448348447,0.010466817018958224,0.008119148249169013,0.01683691580134111,0,1,-0.001313843313888785,attentive,attentive,attentive,attentive,attentive,uncomfortable
1865,/home/glyc/Documents/PyProjects/catface/data/cat-emotions-3/train/uncomfortable/00000030_004_png.rf.ac8865df35a10ddf5df98e4c813a1fc8.jpg,2,uncomfortable,1.335766453883077,35.1164968978439,0.013590590282507552,0.010327284455386205,0.01932562365973794,0,1,-0.002014555049172445,attentive,attentive,attentive,attentive,relaxed,uncomfortable
1866,/home/glyc/Documents/PyProjects/catface/data/cat-emotions-3/train/uncomfortable/00000030_028_png.rf.c26fb3b61f9fa2eb342c54c6fddf9d9a.jpg,3,uncomfortable,1.6902989639783494,0.0,0.0033120628926620117,0.002363112666073999,,1,0,-0.0018208066878865337,uncomfortable,uncomfortable,uncomfortable,uncomfortable,uncomfortable,relaxed
1867,/home/glyc/Documents/PyProjects/catface/data/cat-emotions-3/train/uncomfortable/00000030_029_png.rf.3f87e6e9512fd842802f3054a7040e2a.jpg,2,uncomfortable,1.3008212933143646,37.19480482134369,0.016306130516880346,0.013958476110709588,0.021486578859714833,0,2,-0.003394373857149635,relaxed,uncomfortable,uncomfortable,uncomfortable,relaxed,relaxed
1868,/home/glyc/Documents/PyProjects/catface/data/cat-emotions-3/train/uncomfortable/00000032_015_png.rf.45ab8705d04a9c00024f9559722fe510.jpg,3,uncomfortable,1.1700388930114312,44.23394568655599,-0.002940185014187889,-0.02633909897856395,0.0030198768026642275,0,3,0.000918863564229655,relaxed,relaxed,relaxed,relaxed,relaxed,uncomfortable
1869,/home/glyc/Documents/PyProjects/catface/data/cat-emotions-3/train/uncomfortable/00000033_009_png.rf.6aafdb3df84e67a4625ef35cd3332ffe.jpg,0,uncomfortable,1.2836217546137365,38.181897085723165,-0.09198260065555815,-0.037061106538274144,0.11696506012412101,0,2,0.014815547664602788,attentive,uncomfortable,uncomfortable,uncomfortable,relaxed,attentive
1870,/home/glyc/Documents/PyProjects/catface/data/cat-emotions-3/train/uncomfortable/00000034_029_png.rf.754ba3c0694f6ae0f9942885bedc1233.jpg,1,uncomfortable,1.583025761295794,14.21094799953884,0.12036731355629365,0.10322476148977432,0.47530507227670354,0,0,-0.02115397472301389,attentive,uncomfortable,relaxed,attentive,uncomfortable,uncomfortable
1871,/home/glyc/Documents/PyProjects/catface/data/cat-emotions-3/train/uncomfortable/00000036_016_png.rf.e95ba9ebb8658cfe7de7dfc80d7e8901.jpg,2,uncomfortable,1.4070092372436842,30.5020374087224,-0.13517856086199995,-0.09390807561756573,0.22946899782565894,0,1,0.016427919890564163,uncomfortable,uncomfortable,uncomfortable,uncomfortable,attentive,uncomfortable
1872,/home/glyc/Documents/PyProjects/catface/data/cat-emotions-3/train/uncomfortable/00000036_024_png.rf.d1d79b04d6e17ea410b876a14d953f2f.jpg,2,uncomfortable,1.3543533527152962,33.96631407632478,0.010384798436813301,0.0044622119218725685,0.015415639294133575,0,1,-0.003168049198692874,relaxed,uncomfortable,uncomfortable,relaxed,relaxed,relaxed
1873,/home/glyc/Documents/PyProjects/catface/data/cat-emotions-3/train/uncomfortable/00000040_023_png.rf.b515cf5c83af2f5c1f1b1c579d9e13be.jpg,4,uncomfortable,1.4135961817639475,30.04358946488521,-0.0016465155254810717,-0.00759417397320432,0.0028468445961405296,0,1,0.004040333161984211,attentive,attentive,attentive,attentive,uncomfortable,uncomfortable
1874,/home/glyc/Documents/PyProjects/catface/data/cat-emotions-3/train/uncomfortable/00000041_001_png.rf.bac9d440ec7ebea223478ed0cd1bf3b3.jpg,3,uncomfortable,1.3355401026905676,35.130300603945656,-0.02172440114013685,-0.024782422971409656,0.030875974072520556,0,1,0.0062937849951439084,relaxed,relaxed,relaxed,relaxed,relaxed,relaxed
1875,/home/glyc/Documents/PyProjects/catface/data/cat-emotions-3/train/uncomfortable/00000041_003_png.rf.a36494f59e4da1e118eab4bc9d33ed82.jpg,4,uncomfortable,1.2844704936368982,38.13369757846965,-0.016079188532157358,-0.022641805048178722,0.020481729736516928,0,2,0.00129890378726355,relaxed,relaxed,attentive,relaxed,relaxed,relaxed
1876,/home/glyc/Documents/PyProjects/catface/data/cat-emotions-3/train/uncomfortable/00000043_020_png.rf.9fec46f0f8b72c99ee40ac0f908c783d.jpg,4,uncomfortable,0.9775797568852085,53.227363309463044,0.11850995876430895,-0.24479326115906305,0.08856853488004586,0,3,-0.006881079137193422,uncomfortable,uncomfortable,uncomfortable,uncomfortable,relaxed,uncomfortable
1877,/home/glyc/Documents/PyProjects/catface/data/cat-emotions-3/train/uncomfortable/00000048_010_png.rf.ded39b7cfe098506cbd5a4dcc3624a10.jpg,2,uncomfortable,1.7523443748946375,0.0,-0.124232318640214,-0.11503255533124424,,1,0,0.02868633346271876,attentive,attentive,attentive,attentive,uncomfortable,attentive
1878,/home/glyc/Documents/PyProjects/catface/data/cat-emotions-3/train/uncomfortable/00000065_026_png.rf.5ae1490efb536c47f442f7e1981eaf31.jpg,4,uncomfortable,1.3236250449756002,35.85038695329838,-0.0100644988936364,-0.0037834040754123376,0.01392893680299087,0,2,0.0029818878685077543,uncomfortable,uncomfortable,uncomfortable,uncomfortable,relaxed,relaxed
1879,/home/glyc/Documents/PyProjects/catface/data/cat-emotions-3/train/uncomfortable/00000069_003_png.rf.3d1378286451bcb1303d74fd6fd702e0.jpg,2,uncomfortable,1.0226469716794968,51.226818649876485,0.012113510810234865,0.030735768246637575,0.009730180863232303,0,3,-0.0013892658214882392,relaxed,uncomfortable,uncomfortable,uncomfortable,relaxed,relaxed
1880,/home/glyc/Documents/PyProjects/catface/data/cat-emotions-3/train/uncomfortable/00000070_013_png.rf.ee85bb5bfb4bea918722c19664a83210.jpg,4,uncomfortable,1.0092729737746262,51.82619017806175,0.002015083673956773,-0.05581435628814758,0.001584223529035361,0,3,0.005920429175781339,uncomfortable,relaxed,relaxed,uncomfortable,relaxed,attentive
1881,/home/glyc/Documents/PyProjects/catface/data/cat-emotions-3/train/uncomfortable/00000077_020_png.rf.359e5eb9549bae3082b0375400b27833.jpg,0,uncomfortable,1.3625503544099276,33.44806258102752,-0.013229966327043013,-0.005562405114275127,0.020027720204653255,0,1,-0.0019914058929162426,relaxed,relaxed,attentive,relaxed,relaxed,uncomfortable
1882,/home/glyc/Documents/PyProjects/catface/data/cat-emotions-3/train/uncomfortable/00000078_003_png.rf.cb84a784220734a7e56ed653fbd78aef.jpg,3,uncomfortable,1.1887750148965583,43.28344500072771,0.02520304342820612,0.04382322671489669,0.026760307279538795,0,3,-0.005242743524895732,relaxed,relaxed,uncomfortable,relaxed,relaxed,attentive
1883,/home/glyc/Documents/PyProjects/catface/data/cat-emotions-3/train/uncomfortable/00000079_005_png.rf.0d89be542c9ab295a517349705badd7c.jpg,0,uncomfortable,1.5094557682174345,22.43000324708885,-0.04950544861940288,-0.030033124088955743,0.11993092723817149,0,0,0.0057338857542926225,uncomfortable,uncomfortable,uncomfortable,uncomfortable,uncomfortable,relaxed
1884,/home/glyc/Documents/PyProjects/catface/data/cat-emotions-3/train/uncomfortable/00000080_023_png.rf.59654fe63033bce8fb8090316f42a27a.jpg,0,uncomfortable,1.067817528214346,49.16369953563815,-0.10079660592513492,-0.09976181913745011,0.08711679942692005,0,3,0.019625703723208265,uncomfortable,uncomfortable,uncomfortable,uncomfortable,relaxed,uncomfortable
1885,/home/glyc/Documents/PyProjects/catface/data/cat-emotions-3/train/uncomfortable/00000090_008_png.rf.bc7c1ea5d4d7aecb5152bf5fd81e8910.jpg,4,uncomfortable,1.356272559384715,33.84560057754009,-0.11726147154964399,-0.10023530109399877,0.1748618804347099,0,1,0.015070300381446938,uncomfortable,relaxed,relaxed,relaxed,relaxed,relaxed
1886,/home/glyc/Documents/PyProjects/catface/data/cat-emotions-3/train/uncomfortable/00000092_007_png.rf.7c0c5ddeee8ee3d5f18e6012f0f477f3.jpg,3,uncomfortable,1.4641402605247045,26.285766389035107,0.014539880295790222,0.02407051851155898,0.029437620968352052,0,0,-0.0015456186294928315,attentive,attentive,relaxed,attentive,uncomfortable,relaxed
1887,/home/glyc/Documents/PyProjects/catface/data/cat-emotions-3/train/uncomfortable/00000095_006_png.rf.0641529d868c1196384fc139a3b364b7.jpg,0,uncomfortable,1.1889567438692288,43.27414414999475,0.059290321303467036,0.040613367255970236,0.06297427341436362,0,3,-0.011355672139544498,uncomfortable,relaxed,attentive,relaxed,relaxed,relaxed
1888,/home/glyc/Documents/PyProjects/catface/data/cat-emotions-3/train/uncomfortable/00000095_026_png.rf.66f25015b72d809cabc63aa9c1280973.jpg,1,uncomfortable,1.3754925176140116,32.61501266816844,0.06470007932510238,0.03772258048922423,0.10111031576869245,0,1,-0.010104309733387495,relaxed,uncomfortable,uncomfortable,uncomfortable,attentive,relaxed
1889,/home/glyc/Documents/PyProjects/catface/data/cat-emotions-3/train/uncomfortable/00000306_029_png.rf.c860c7ec291d8c27b41c1cd53e63c607.jpg,2,uncomfortable,1.2805353018286105,38.356742612405874,-0.024693268759885922,-0.036089132098991734,0.03120351746736791,0,2,0.004847832619930104,uncomfortable,uncomfortable,uncomfortable,relaxed,relaxed,relaxed
1890,/home/glyc/Documents/PyProjects/catface/data/cat-emotions-3/train/uncomfortable/00000312_016_png.rf.864b5e72fa45a5d4b71bb03dd2100645.jpg,2,uncomfortable,1.558466979386525,17.37717486222989,0.03935603166831851,-0.005129498180560356,0.12576079687563899,0,0,0.000308300438143172,attentive,uncomfortable,uncomfortable,uncomfortable,uncomfortable,uncomfortable
1891,/home/glyc/Documents/PyProjects/catface/data/cat-emotions-3/train/uncomfortable/00000315_027_png.rf.e26c5baa8c34a6a40c7cf76e83f713be.jpg,1,uncomfortable,1.26548194710037,39.20004807673489,-0.08077841896733091,-0.07486782836605539,0.09904395742059677,0,3,0.014069187709347591,uncomfortable,attentive,attentive,relaxed,relaxed,uncomfortable
1892,/home/glyc/Documents/PyProjects/catface/data/cat-emotions-3/train/uncomfortable/00000316_004_png.rf.04e0dd2d10692177cbf093e018f15049.jpg,3,uncomfortable,1.2966959082068468,37.43358390279746,0.056362721671846285,0.03932151804352242,0.07362989419633584,0,2,-0.005171860939216344,attentive,relaxed,relaxed,relaxed,relaxed,relaxed
1893,/home/glyc/Documents/PyProjects/catface/data/cat-emotions-3/train/uncomfortable/00000317_022_png.rf.41cb6d8ff48188482f9a968e31c14d00.jpg,0,uncomfortable,1.3912636266111509,31.573525180897402,0.05557305712884764,0.018515253322574886,0.09042631208776353,0,1,-0.00657915193501718,uncomfortable,uncomfortable,uncomfortable,uncomfortable,attentive,attentive
1894,/home/glyc/Documents/PyProjects/catface/data/cat-emotions-3/train/uncomfortable/00000323_019_png.rf.f26b81630655ab26bc68e78ba60b88d8.jpg,1,uncomfortable,1.314511409409304,36.39281949273981,-0.01507616375361795,-0.008981619185333694,0.02045417735647339,0,2,0.003784032033122109,relaxed,attentive,attentive,relaxed,relaxed,relaxed
1895,/home/glyc/Documents/PyProjects/catface/data/cat-emotions-3/train/uncomfortable/00000325_023_png.rf.6e55bc8d9a7d89ef10e477d2912ad913.jpg,3,uncomfortable,1.3483349320819673,34.3424361835869,0.003946676956120319,-0.0038409604299725945,0.005776417175441363,0,1,0.0011058352783865355,attentive,uncomfortable,uncomfortable,uncomfortable,relaxed,uncomfortable
1896,/home/glyc/Documents/PyProjects/catface/data/cat-emotions-3/train/uncomfortable/00000329_016_png.rf.28ad0a64cdd139aac0e30f23e117b522.jpg,3,uncomfortable,1.0416374534254635,50.36696277826837,0.12893200014489475,0.11582084061487939,0.10678710865062484,0,3,-0.016679809421330682,relaxed,relaxed,attentive,relaxed,relaxed,uncomfortable
1897,/home/glyc/Documents/PyProjects/catface/data/cat-emotions-3/train/uncomfortable/00000335_026_png.rf.f198e58f26264fdc59a484767d55e1b4.jpg,0,uncomfortable,1.2743039702249948,38.70770619484218,-0.037786002948666034,-0.04197671393641486,0.047151643348065334,0,2,0.005566897337702242,attentive,relaxed,relaxed,relaxed,relaxed,relaxed
1898,/home/glyc/Documents/PyProjects/catface/data/cat-emotions-3/train/uncomfortable/00000335_027_png.rf.8f1346e412b54fada18c257ef2ea5ab6.jpg,0,uncomfortable,1.2149367440029966,41.92744534754959,-0.004740514924138867,-0.012309061850041532,0.0052783015467297596,0,3,-0.0007881926492647184,relaxed,relaxed,attentive,relaxed,relaxed,relaxed
1899,/home/glyc/Documents/PyProjects/catface/data/cat-emotions-3/train/uncomfortable/00000337_022_png.rf.6a5e3f981f92b83e6554f5d6e409f5d9.jpg,2,uncomfortable,1.4848369017297078,24.595267901749747,-0.0035038007044772453,0.011280885135965263,0.007654634715499924,0,0,0.0010150658351606445,relaxed,uncomfortable,uncomfortable,uncomfortable,uncomfortable,uncomfortable
1900,/home/glyc/Documents/PyProjects/catface/data/cat-emotions-3/train/uncomfortable/00000340_014_png.rf.9d1039c3529fbeb6c6d389c32ddcfef0.jpg,1,uncomfortable,1.6604829948040774,0.0,0.013826602830035275,0.009624053979310175,,1,0,-0.003767980801334586,relaxed,uncomfortable,uncomfortable,uncomfortable,uncomfortable,attentive
1901,/home/glyc/Documents/PyProjects/catface/data/cat-emotions-3/train/uncomfortable/00000342_015_png.rf.779272a57cf4e0de602c969fe2c15193.jpg,0,uncomfortable,1.6306645379458784,3.063362980000953,-0.020256940282624893,-0.007616411661316476,,0,0,0.0021501578061140503,attentive,uncomfortable,uncomfortable,uncomfortable,uncomfortable,uncomfortable
1902,/home/glyc/Documents/PyProjects/catface/data/cat-emotions-3/train/uncomfortable/00000346_014_png.rf.172192d48789997749e9a968c79465ea.jpg,0,uncomfortable,1.5377487904056595,19.665700816606574,-0.10054292088763926,-0.09433670074991671,0.2813360474185393,0,0,0.025658441269157117,uncomfortable,uncomfortable,uncomfortable,relaxed,uncomfortable,uncomfortable
1903,/home/glyc/Documents/PyProjects/catface/data/cat-emotions-3/train/uncomfortable/00000348_002_png.rf.7b4002c56b9676cce688df195c5058e1.jpg,3,uncomfortable,1.6312818885630733,2.626985666342372,-0.023052625634293163,-0.022184120634676428,,0,0,0.003005021323486387,attentive,uncomfortable,uncomfortable,uncomfortable,uncomfortable,attentive
1904,/home/glyc/Documents/PyProjects/catface/data/cat-emotions-3/train/uncomfortable/00000348_017_png.rf.d838fbc65ba8181f4556edc8c14c8316.jpg,0,uncomfortable,1.6694692719892044,0.0,0.006583767010159308,0.011852316552200353,,1,0,-0.003227131502675548,attentive,uncomfortable,uncomfortable,uncomfortable,uncomfortable,attentive
1905,/home/glyc/Documents/PyProjects/catface/data/cat-emotions-3/train/uncomfortable/00000349_022_png.rf.a52b258c3ccf11a67d9f4f6d92fef440.jpg,4,uncomfortable,1.812586147325991,0.0,-0.06241728187203785,-0.06457503940004061,,1,0,0.01679840138711952,attentive,uncomfortable,uncomfortable,uncomfortable,uncomfortable,relaxed
1906,/home/glyc/Documents/PyProjects/catface/data/cat-emotions-3/train/uncomfortable/00000352_002_png.rf.d6baa968d7cf5066ccea525cafbc0eac.jpg,1,uncomfortable,1.5633564053451854,16.793253579725853,-0.008748344730308185,-0.06274837917285232,0.028988251139778633,0,0,0.007789245660902583,relaxed,uncomfortable,uncomfortable,uncomfortable,uncomfortable,relaxed
1907,/home/glyc/Documents/PyProjects/catface/data/cat-emotions-3/train/uncomfortable/00000353_007_png.rf.c1da7971ff426b8ff771f3188dc1b488.jpg,1,uncomfortable,1.4267991956833443,29.10498560878459,0.029973529261340746,-0.004311391792305228,0.05384077801723613,0,0,0.0005499296780515917,uncomfortable,attentive,attentive,attentive,uncomfortable,relaxed
1908,/home/glyc/Documents/PyProjects/catface/data/cat-emotions-3/train/uncomfortable/00000354_008_png.rf.66ec01fd79c41280795393342273a8c5.jpg,1,uncomfortable,1.6216799294213986,6.749669023466194,-0.02752332022076069,-0.010440945462923939,0.23255486757726154,0,0,0.003758918355872623,uncomfortable,uncomfortable,uncomfortable,uncomfortable,uncomfortable,uncomfortable
1909,/home/glyc/Documents/PyProjects/catface/data/cat-emotions-3/train/uncomfortable/00000355_000_png.rf.cba26e02ae03efce52a347d59d4aa23f.jpg,2,uncomfortable,1.023067655040796,51.20788384791859,0.06631959338443356,-0.02733548426954382,0.053307299052184176,0,3,-0.008532636331618382,relaxed,uncomfortable,uncomfortable,uncomfortable,relaxed,attentive
1910,/home/glyc/Documents/PyProjects/catface/data/cat-emotions-3/train/uncomfortable/00000355_017_png.rf.2b10247e25fdc91ff2ff0757d32f7359.jpg,0,uncomfortable,2.0161413161042834,0.0,-0.04703028384016139,-0.07939051468041129,,1,0,0.011380124206234687,relaxed,uncomfortable,uncomfortable,uncomfortable,uncomfortable,relaxed
1911,/home/glyc/Documents/PyProjects/catface/data/cat-emotions-3/train/uncomfortable/00000360_014_png.rf.4557894395a3522871440a49765b45ac.jpg,4,uncomfortable,1.445520464025587,27.724564041913002,0.011126319202218465,-0.0006618959539501002,0.021170457294400785,0,0,-0.0032443267006059817,relaxed,uncomfortable,uncomfortable,relaxed,uncomfortable,uncomfortable
1912,/home/glyc/Documents/PyProjects/catface/data/cat-emotions-3/train/uncomfortable/00000361_025_png.rf.64bcff12360b02e59af2d079a525f69f.jpg,4,uncomfortable,1.4502755476528038,27.363779701244134,-0.02282388152789556,-0.04813568077722083,0.04409994235102935,0,0,0.008201397999319293,uncomfortable,uncomfortable,uncomfortable,uncomfortable,uncomfortable,uncomfortable
1913,/home/glyc/Documents/PyProjects/catface/data/cat-emotions-3/train/uncomfortable/00000362_022_png.rf.ffa78f879fe842d4b011e3e055e39d5f.jpg,0,uncomfortable,1.2978572901496175,37.366494462569136,-0.016158968944409692,-0.04141266133075966,0.02116068852337011,0,2,0.0038234422195103923,attentive,uncomfortable,uncomfortable,uncomfortable,relaxed,attentive
1914,/home/glyc/Documents/PyProjects/catface/data/cat-emotions-3/train/uncomfortable/00000368_020_png.rf.629d21e4d8332ee170ed669f353b71e8.jpg,1,uncomfortable,1.6693094872896417,0.0,-0.03957953984321558,-0.044449111360052404,,1,0,0.0063464189105969515,uncomfortable,uncomfortable,uncomfortable,uncomfortable,uncomfortable,uncomfortable
1915,/home/glyc/Documents/PyProjects/catface/data/cat-emotions-3/train/uncomfortable/00000368_024_png.rf.81581a2b35843b56ad22d18381ecbfe1.jpg,1,uncomfortable,1.0803626725814712,48.57933593367894,-0.014175097829612411,-0.020793186693466525,0.012506118587893578,0,3,0.0033622247362564694,relaxed,relaxed,uncomfortable,uncomfortable,relaxed,attentive
1916,/home/glyc/Documents/PyProjects/catface/data/cat-emotions-3/train/uncomfortable/00000369_004_png.rf.2af4cbee397ecefdaf63d69008581d40.jpg,2,uncomfortable,1.9972221238042849,0.0,0.02013144281016726,0.05595005604910419,,1,0,-0.007127751725779646,relaxed,uncomfortable,uncomfortable,uncomfortable,uncomfortable,relaxed
1917,/home/glyc/Documents/PyProjects/catface/data/cat-emotions-3/train/uncomfortable/00000374_008_png.rf.d8b1d2f2f8aa15b73d77462b7abc4cf8.jpg,3,uncomfortable,1.412312640552781,30.133418546018234,0.012568990186470508,0.01572472317335235,0.021653527430937687,0,1,-0.0012757655389778466,attentive,attentive,relaxed,attentive,uncomfortable,relaxed
1918,/home/glyc/Documents/PyProjects/catface/data/cat-emotions-3/train/uncomfortable/00000379_003_png.rf.287ab3eeb79035d0064c5fb57fe65638.jpg,4,uncomfortable,1.3219066448694239,35.95320492471121,-0.06693422554866571,-0.07161906918192631,0.0922854658526982,0,2,0.009042896184126653,attentive,attentive,attentive,attentive,relaxed,attentive
1919,/home/glyc/Documents/PyProjects/catface/data/cat-emotions-3/train/uncomfortable/00000385_010_png.rf.218b661e7f3deace2e445937b00c8592.jpg,2,uncomfortable,1.3656254441245863,33.251803871731276,0.04690448591359256,0.03022735104262781,0.07153631840700947,0,1,-0.006241927694104227,attentive,relaxed,relaxed,attentive,relaxed,attentive
1920,/home/glyc/Documents/PyProjects/catface/data/cat-emotions-3/train/uncomfortable/00000390_001_png.rf.ed0cf00d255911c50f2369bc9b37dcf5.jpg,1,uncomfortable,1.2601924336023038,39.49277238785961,-0.011736044213425263,-0.02525080080261667,0.01424061972357572,0,3,0.0020419248907671828,uncomfortable,relaxed,relaxed,relaxed,relaxed,relaxed
1921,/home/glyc/Documents/PyProjects/catface/data/cat-emotions-3/train/uncomfortable/00000390_015_png.rf.5324489ec713186cff597727824b1ef5.jpg,3,uncomfortable,1.3572219674028652,33.785744693510125,0.02018583910210889,0.01795172912320257,0.030169481397988928,0,1,-0.003311189173833634,attentive,attentive,attentive,attentive,relaxed,attentive
1922,/home/glyc/Documents/PyProjects/catface/data/cat-emotions-3/train/uncomfortable/00000392_017_png.rf.edf249d6659fe5c1f5dba949f9c4918e.jpg,4,uncomfortable,1.4905182075849124,24.11187167713758,-0.008761379423720503,-0.0056394151969901465,0.019575426300817374,0,0,0.00403539541051709,uncomfortable,uncomfortable,uncomfortable,uncomfortable,uncomfortable,relaxed
1923,/home/glyc/Documents/PyProjects/catface/data/cat-emotions-3/train/uncomfortable/00000395_007_png.rf.f282793bc714b07b585bba172e67fb66.jpg,2,uncomfortable,1.535981530520893,19.849131240038943,-0.005790927764224774,0.010607074044365358,0.01604174662336554,0,0,-0.00026419174287750646,relaxed,uncomfortable,uncomfortable,uncomfortable,uncomfortable,attentive
1924,/home/glyc/Documents/PyProjects/catface/data/cat-emotions-3/train/uncomfortable/00000396_020_png.rf.75e790a8abf3c53a03c99bb864f03697.jpg,2,uncomfortable,1.2891591573303953,37.866493214076655,0.10092469490620395,0.06439294802794673,0.12980000779901685,0,2,-0.016259797070687892,attentive,uncomfortable,uncomfortable,uncomfortable,relaxed,attentive
1925,/home/glyc/Documents/PyProjects/catface/data/cat-emotions-3/train/uncomfortable/00000398_003_png.rf.98140eecb2ea8505984d883533122ac8.jpg,3,uncomfortable,1.2509305818733425,40.00100840959744,-0.06173351766741081,-0.05902982687284717,0.073568511854117,0,3,0.0012308034301750925,attentive,relaxed,attentive,relaxed,relaxed,attentive
1926,/home/glyc/Documents/PyProjects/catface/data/cat-emotions-3/train/uncomfortable/00000398_019_png.rf.de28157f735b8ac64f280da701e68852.jpg,0,uncomfortable,1.2674440575570884,39.090996970451826,0.020724414385268224,0.01107289118036586,0.025509574978129213,0,2,-0.00507379741928099,attentive,attentive,attentive,attentive,relaxed,attentive
1927,/home/glyc/Documents/PyProjects/catface/data/cat-emotions-3/train/uncomfortable/00000400_004_png.rf.eeb4d2b6a9ef76e098399b3e2729752b.jpg,0,uncomfortable,1.7116494769161665,0.0,0.13150560758262456,0.1366343994982293,,1,0,-0.02904654213120371,attentive,uncomfortable,uncomfortable,uncomfortable,uncomfortable,attentive
1928,/home/glyc/Documents/PyProjects/catface/data/cat-emotions-3/train/uncomfortable/00000401_024_png.rf.5ec1f11c1b5f22c70c5180185c40e2ed.jpg,4,uncomfortable,2.279017069048089,0.0,0.03597806368949936,0.04185141044684324,,1,0,-0.009556684525332856,attentive,uncomfortable,uncomfortable,uncomfortable,uncomfortable,attentive
1929,/home/glyc/Documents/PyProjects/catface/data/cat-emotions-3/train/uncomfortable/00000404_027_png.rf.bef7cb4d77f43364d96ac77f6a480fd6.jpg,1,uncomfortable,1.0693596126736136,49.09214711973472,-0.004335721461700673,-0.03834807414949358,0.003756760009396644,0,3,-0.0053564249102067835,attentive,uncomfortable,uncomfortable,uncomfortable,relaxed,attentive
1930,/home/glyc/Documents/PyProjects/catface/data/cat-emotions-3/train/uncomfortable/00000414_006_png.rf.abb5864a770b6f2db11370683f0aca54.jpg,2,uncomfortable,1.3295879087909543,35.491607849868046,0.005018770329503799,-0.0014330807126800278,0.007038236868068755,0,2,0.0029031786144416705,attentive,uncomfortable,uncomfortable,relaxed,relaxed,uncomfortable
1931,/home/glyc/Documents/PyProjects/catface/data/cat-emotions-3/train/uncomfortable/00000431_003_png.rf.84fcda48c3143801ca17efd1c23764e5.jpg,0,uncomfortable,1.263511014819477,39.309333876696655,0.011644845820269818,0.03834856926992968,0.014222493666068488,0,3,-0.0028613057959678,attentive,relaxed,relaxed,attentive,relaxed,uncomfortable
1932,/home/glyc/Documents/PyProjects/catface/data/cat-emotions-3/train/uncomfortable/00000432_022_png.rf.a9d03b9378e29454882be317740999f4.jpg,3,uncomfortable,1.5007254902335427,23.21964831549664,-0.009736487553297406,-0.005631135358092013,0.022695429712649057,0,0,0.005177082259906318,relaxed,attentive,attentive,relaxed,uncomfortable,attentive
1933,/home/glyc/Documents/PyProjects/catface/data/cat-emotions-3/train/uncomfortable/00000437_002_png.rf.f6e5c5241852a840a302d04a2cd8b0e2.jpg,1,uncomfortable,1.2651826446998442,39.21666047487738,-0.11298434155049197,-0.1066552821191831,0.13845027408009655,0,3,0.024021581223366534,uncomfortable,relaxed,relaxed,relaxed,relaxed,attentive
1934,/home/glyc/Documents/PyProjects/catface/data/cat-emotions-3/train/uncomfortable/00000445_009_png.rf.80b2805faad962ba92829a42546d4742.jpg,3,uncomfortable,1.5355638088443697,19.892250841031757,0.029369143663029243,0.019306000488028795,0.08116566090155387,0,0,-0.0029769644070900825,attentive,attentive,attentive,attentive,uncomfortable,uncomfortable
1935,/home/glyc/Documents/PyProjects/catface/data/cat-emotions-3/train/uncomfortable/00000452_021_png.rf.eb336931e228629ccdae6ff7bac9f02a.jpg,0,uncomfortable,1.042269587224726,50.338158061416635,0.13131254615196244,0.06616375606957103,0.10887012874377949,0,3,-0.010474118810196012,relaxed,uncomfortable,uncomfortable,uncomfortable,relaxed,attentive
1936,/home/glyc/Documents/PyProjects/catface/data/cat-emotions-3/train/uncomfortable/00000453_027_png.rf.644013f55296f84bba80281e37f2f242.jpg,1,uncomfortable,1.5127513725924537,22.124984074648065,-0.05395925893676439,-0.030868741633804535,0.13271957713307425,0,0,0.012500776762709234,relaxed,uncomfortable,relaxed,uncomfortable,uncomfortable,attentive
1937,/home/glyc/Documents/PyProjects/catface/data/cat-emotions-3/train/uncomfortable/00000454_005_png.rf.cdb03c621a3ebd0dfdab2fff0c9f6fa8.jpg,4,uncomfortable,0.9960473766437821,52.41410180874601,0.020837341564205244,0.05796528077088554,0.01603874472404898,0,3,-0.002589471931159798,relaxed,uncomfortable,uncomfortable,uncomfortable,relaxed,attentive
1938,/home/glyc/Documents/PyProjects/catface/data/cat-emotions-3/train/uncomfortable/00000455_010_png.rf.b6d696b52d65b7da5c5b1deaaf208f1e.jpg,3,uncomfortable,1.03599324247495,50.6236261670465,0.1080589599306929,0.0904922371866977,0.08868603277998971,0,3,-0.017782134121286375,relaxed,attentive,relaxed,uncomfortable,relaxed,attentive
1939,/home/glyc/Documents/PyProjects/catface/data/cat-emotions-3/train/uncomfortable/CAT_01_00000100_005_png.rf.19f7043791712c5ab44418946f8434c9.jpg,0,uncomfortable,1.323233337998117,35.87384661557612,0.05784762417521516,0.06744537644803368,0.07999020392639142,0,2,-0.008762716214443245,attentive,attentive,attentive,attentive,relaxed,relaxed
1940,/home/glyc/Documents/PyProjects/catface/data/cat-emotions-3/train/uncomfortable/CAT_01_00000100_008_png.rf.c6ecb44fdb42a759c60cbb71bcc49aa3.jpg,0,uncomfortable,1.315860640192821,36.31295630006308,0.011242743201466622,0.028060647860752765,0.015297888617530222,0,2,-0.002495745441187608,uncomfortable,uncomfortable,uncomfortable,uncomfortable,relaxed,attentive
1941,/home/glyc/Documents/PyProjects/catface/data/cat-emotions-3/train/uncomfortable/CAT_01_00000103_003_png.rf.555551715cf4b8259d6045ed25721fe0.jpg,1,uncomfortable,1.3444170814999552,34.58535190101821,0.03492680794110894,0.04486754112123511,0.050656992988813716,0,1,-0.007467692207202364,relaxed,relaxed,attentive,relaxed,relaxed,uncomfortable
1942,/home/glyc/Documents/PyProjects/catface/data/cat-emotions-3/train/uncomfortable/CAT_01_00000103_019_png.rf.13f02231c1ad47997f5e49aafa5f3d95.jpg,3,uncomfortable,1.5044919363955775,22.882140642470944,0.009489855387744666,0.006947414351358311,0.022485184133806874,0,0,0.0001982173406416543,uncomfortable,relaxed,uncomfortable,uncomfortable,uncomfortable,relaxed
1943,/home/glyc/Documents/PyProjects/catface/data/cat-emotions-3/train/uncomfortable/CAT_01_00000105_029_png.rf.4000998ea4c121893a6efe3f7e0a644b.jpg,1,uncomfortable,1.6449097825092025,0.0,0.056540441259723385,0.08418875659571756,,1,0,-0.014471160942725853,attentive,uncomfortable,uncomfortable,uncomfortable,uncomfortable,attentive
1944,/home/glyc/Documents/PyProjects/catface/data/cat-emotions-3/train/uncomfortable/CAT_01_00000107_000_png.rf.22a1e96414eb97895d91aab1e1395997.jpg,0,uncomfortable,1.715088573764316,0.0,-0.03230949146964197,-0.025336290865840827,,1,0,0.002915276959304769,attentive,uncomfortable,uncomfortable,uncomfortable,uncomfortable,uncomfortable
1945,/home/glyc/Documents/PyProjects/catface/data/cat-emotions-3/train/uncomfortable/CAT_01_00000113_013_png.rf.645000623a0585a4e202a8eb4ed4bf8f.jpg,2,uncomfortable,1.1884172033309,43.3017530379314,-0.10769346574656645,-0.06049279133700689,0.1142745245317309,0,3,0.016116381071099306,attentive,attentive,uncomfortable,uncomfortable,relaxed,attentive
1946,/home/glyc/Documents/PyProjects/catface/data/cat-emotions-3/train/uncomfortable/CAT_01_00000113_014_png.rf.b24aeaa3e1a524e93ac9ae87ef7857a3.jpg,2,uncomfortable,1.4677188810500699,26.000801487730453,0.04580633953396058,0.047650351859282264,0.09391357962451119,0,0,-0.00910569753215193,attentive,attentive,attentive,attentive,uncomfortable,relaxed
1947,/home/glyc/Documents/PyProjects/catface/data/cat-emotions-3/train/uncomfortable/CAT_01_00000117_024_png.rf.5679723915bff4409d8bc6e1ee950c27.jpg,4,uncomfortable,1.53766625880564,19.674303623340663,0.0763530458164158,0.05595275340149646,0.2135475142597867,0,0,-0.009775553542043292,attentive,uncomfortable,uncomfortable,uncomfortable,uncomfortable,attentive
1948,/home/glyc/Documents/PyProjects/catface/data/cat-emotions-3/train/uncomfortable/CAT_01_00000118_022_png.rf.e16685de947eeb94679fded41427e876.jpg,3,uncomfortable,1.3820187752625592,32.187684360175005,-0.011516390803144679,0.007387741091353033,0.018296438842183523,0,1,0.004965074444019585,attentive,uncomfortable,uncomfortable,uncomfortable,attentive,attentive
1949,/home/glyc/Documents/PyProjects/catface/data/cat-emotions-3/train/uncomfortable/CAT_01_00000121_020_png.rf.0336fae1be326688beba40e1fb8d7ed3.jpg,4,uncomfortable,1.0804231749548978,48.57650498877342,0.14854612123278013,0.12186227056106813,0.13106932025603635,0,3,-0.022444463264587683,relaxed,relaxed,attentive,relaxed,relaxed,uncomfortable
1950,/home/glyc/Documents/PyProjects/catface/data/cat-emotions-3/train/uncomfortable/CAT_01_00000124_023_png.rf.bbbea2902f4f8b57460a309ed9a01a13.jpg,2,uncomfortable,1.2504022816980067,40.0298361738016,-0.06155740932137848,-0.03686189529400685,0.0732837289509419,0,3,0.007847257973879085,uncomfortable,uncomfortable,uncomfortable,uncomfortable,relaxed,attentive
1951,/home/glyc/Documents/PyProjects/catface/data/cat-emotions-3/train/uncomfortable/CAT_01_00000131_017_png.rf.6ff9130cfac205c8359f2dd674ef02e6.jpg,1,uncomfortable,1.5581443672493174,17.415034937597284,0.09605867051611236,0.10686053916512321,0.30624195240191293,0,0,-0.017008760300847775,attentive,uncomfortable,uncomfortable,uncomfortable,uncomfortable,relaxed
1952,/home/glyc/Documents/PyProjects/catface/data/cat-emotions-3/train/uncomfortable/CAT_01_00000132_027_png.rf.1273f436c7671431eddf4675da02a912.jpg,4,uncomfortable,1.6291417057388846,3.938368320133887,0.02376715476180698,0.0231925396158671,,0,0,-0.002424813405696391,attentive,uncomfortable,uncomfortable,uncomfortable,uncomfortable,attentive
1953,/home/glyc/Documents/PyProjects/catface/data/cat-emotions-3/train/uncomfortable/CAT_01_00000133_000_png.rf.a1099c84998de856afd03016c62f496b.jpg,1,uncomfortable,1.5175637593023612,21.672263778909343,-0.006997839844596838,-0.011830042897700368,0.01760960396428745,0,0,0.004324566512942135,attentive,uncomfortable,uncomfortable,uncomfortable,uncomfortable,attentive
1954,/home/glyc/Documents/PyProjects/catface/data/cat-emotions-3/train/uncomfortable/CAT_01_00000133_023_png.rf.ac75b9d53595d24842c01726add16e64.jpg,2,uncomfortable,1.480000737001973,24.999840746900205,-0.006840187630552708,-0.012219420583451115,0.01466893615975532,0,0,0.002710582584954574,relaxed,uncomfortable,uncomfortable,uncomfortable,uncomfortable,uncomfortable
1955,/home/glyc/Documents/PyProjects/catface/data/cat-emotions-3/train/uncomfortable/CAT_01_00000135_013_png.rf.ce299950566945459a37335baccadf5b.jpg,0,uncomfortable,1.513292684128151,22.07450140964648,-0.1415665029102656,-0.13618007563611567,0.34908184625209293,0,0,0.034311036903085665,uncomfortable,uncomfortable,uncomfortable,relaxed,uncomfortable,relaxed
1956,/home/glyc/Documents/PyProjects/catface/data/cat-emotions-3/train/uncomfortable/CAT_01_00000137_007_png.rf.7cf83a4a4e523faccfdd7ee9288a6736.jpg,2,uncomfortable,1.3912029048432235,31.577593950042097,0.014141883666568818,-0.05713541780174552,0.02300745901043321,0,1,-0.00532594602903938,uncomfortable,uncomfortable,relaxed,attentive,attentive,relaxed
1957,/home/glyc/Documents/PyProjects/catface/data/cat-emotions-3/train/uncomfortable/CAT_01_00000142_024_png.rf.59b2d3e1a6138bec2ce31a84d553b1be.jpg,4,uncomfortable,1.202457593351658,42.57861296977424,-0.09803120944494916,-0.05979752760624032,0.10668804004102485,0,3,0.007546643606569814,attentive,attentive,attentive,attentive,relaxed,relaxed
1958,/home/glyc/Documents/PyProjects/catface/data/cat-emotions-3/train/uncomfortable/CAT_01_00000150_006_png.rf.f9a59af19bbb873e1ea8a4ea46befbd7.jpg,1,uncomfortable,1.2706729993219599,38.91097881165577,-0.01777390329238077,-0.022766148849212624,0.022018805177833306,0,2,0.0016901443220357915,relaxed,relaxed,relaxed,relaxed,relaxed,uncomfortable
1959,/home/glyc/Documents/PyProjects/catface/data/cat-emotions-3/train/uncomfortable/CAT_01_00000158_017_png.rf.73976bf3fd700b20dc4a609ed57b268b.jpg,1,uncomfortable,1.5737644797073047,15.479260616575232,0.0193741155188658,-0.002076754876527229,0.06995912881176376,0,0,0.00024028023458211312,relaxed,uncomfortable,uncomfortable,relaxed,uncomfortable,relaxed
1960,/home/glyc/Documents/PyProjects/catface/data/cat-emotions-3/train/uncomfortable/CAT_01_00000162_029_png.rf.dec3e4209d548be482dd0fa4750fbc03.jpg,1,uncomfortable,1.6451923690113748,0.0,0.02788355877923787,0.03342266241840287,,1,0,-0.007556364505814844,relaxed,uncomfortable,uncomfortable,relaxed,uncomfortable,attentive
1961,/home/glyc/Documents/PyProjects/catface/data/cat-emotions-3/train/uncomfortable/CAT_01_00000164_016_png.rf.5e1c6df5f78b0d86578b22e9109d9512.jpg,4,uncomfortable,1.2880695370448403,37.92873260986078,0.025142886198506197,0.03501583240222948,0.032264067043058314,0,2,-0.002798183331712306,attentive,relaxed,relaxed,attentive,relaxed,attentive
1962,/home/glyc/Documents/PyProjects/catface/data/cat-emotions-3/train/uncomfortable/CAT_01_00000173_002_png.rf.790cb15f97eb9334523b70ed812ec0c9.jpg,3,uncomfortable,1.347778982964554,34.376997893178,-0.02303531889883879,-0.014832091094293605,0.03367122473034041,0,1,0.003518505105605557,attentive,relaxed,uncomfortable,relaxed,relaxed,uncomfortable
1963,/home/glyc/Documents/PyProjects/catface/data/cat-emotions-3/train/uncomfortable/CAT_01_00000174_027_png.rf.90abd05bcdc3b675827da6590a30e74f.jpg,4,uncomfortable,1.543489534077084,19.058155482211205,0.010130068480644567,-0.006704311706945928,0.029323134602984385,0,0,0.0005325513246984548,attentive,uncomfortable,uncomfortable,uncomfortable,uncomfortable,uncomfortable
1964,/home/glyc/Documents/PyProjects/catface/data/cat-emotions-3/train/uncomfortable/CAT_01_00000179_015_png.rf.6a4c7c4a685e2870569a3c14465c8c0e.jpg,4,uncomfortable,1.368853307690998,33.04468570411774,0.023048438095700435,0.03825507356980064,0.035430955346351836,0,1,-0.0037674219262439357,relaxed,relaxed,relaxed,relaxed,relaxed,relaxed
1965,/home/glyc/Documents/PyProjects/catface/data/cat-emotions-3/train/uncomfortable/CAT_01_00000179_017_png.rf.802f8482e9026a8891734fa544c2a8e8.jpg,0,uncomfortable,1.53941340160122,19.49140904211927,0.015397056978882932,-0.0034323037313045285,0.043500675254202974,0,0,0.0025750683286470677,uncomfortable,uncomfortable,uncomfortable,uncomfortable,uncomfortable,attentive
1966,/home/glyc/Documents/PyProjects/catface/data/cat-emotions-3/train/uncomfortable/CAT_01_00000181_014_png.rf.e373edf83403d96af7dfbc3069440108.jpg,3,uncomfortable,1.3845277075937885,32.02205135913165,0.014528917126070953,0.02038906546821308,0.023231227467003103,0,1,-0.001711594146311668,uncomfortable,uncomfortable,uncomfortable,relaxed,attentive,relaxed
